Time left;Time right;Open;High;Median;Low;Close;Typical;Volume;Quote asset volume;Weighted;
2026-06-30 22:00:00.000;2026-06-30 22:00:59.999;30505.75;30525.5;30508.875;30492.25;30523.5;30513.75;842;0;30516.1875
2026-06-30 22:01:00.000;2026-06-30 22:01:59.999;30523.25;30525.75;30512.25;30498.75;30507;30510.5;284;0;30509.625
2026-06-30 22:02:00.000;2026-06-30 22:02:59.999;30504.75;30516.25;30508.875;30501.5;30516.25;30511.333333333332;122;0;30512.5625
2026-06-30 22:03:00.000;2026-06-30 22:03:59.999;30518;30520.5;30513.375;30506.25;30508;30511.583333333332;163;0;30510.6875
2026-06-30 22:04:00.000;2026-06-30 22:04:59.999;30508.25;30517.25;30512;30506.75;30514.5;30512.833333333332;55;0;30513.25
2026-06-30 22:05:00.000;2026-06-30 22:05:59.999;30515.25;30524.5;30519.875;30515.25;30521.5;30520.416666666668;108;0;30520.6875
2026-06-30 22:06:00.000;2026-06-30 22:06:59.999;30521.25;30524.75;30522.875;30521;30523;30522.916666666668;63;0;30522.9375
2026-06-30 22:07:00.000;2026-06-30 22:07:59.999;30523;30526.75;30523.375;30520;30522.5;30523.083333333332;115;0;30522.9375
2026-06-30 22:08:00.000;2026-06-30 22:08:59.999;30522.75;30528.5;30525.625;30522.75;30527.25;30526.166666666668;69;0;30526.4375
2026-06-30 22:09:00.000;2026-06-30 22:09:59.999;30526;30528.5;30522.375;30516.25;30519.25;30521.333333333332;143;0;30520.8125
2026-06-30 22:10:00.000;2026-06-30 22:10:59.999;30520;30520;30510;30500;30508;30509.333333333332;190;0;30509
2026-06-30 22:11:00.000;2026-06-30 22:11:59.999;30508.25;30515.25;30511.5;30507.75;30511.5;30511.5;74;0;30511.5
2026-06-30 22:12:00.000;2026-06-30 22:12:59.999;30511;30514.75;30512.375;30510;30511.5;30512.083333333332;40;0;30511.9375
2026-06-30 22:13:00.000;2026-06-30 22:13:59.999;30515.5;30516;30512.125;30508.25;30515.75;30513.333333333332;60;0;30513.9375
2026-06-30 22:14:00.000;2026-06-30 22:14:59.999;30514.5;30518.5;30515.625;30512.75;30516.25;30515.833333333332;61;0;30515.9375
2026-06-30 22:15:00.000;2026-06-30 22:15:59.999;30515;30518;30516.375;30514.75;30517.75;30516.833333333332;34;0;30517.0625
2026-06-30 22:16:00.000;2026-06-30 22:16:59.999;30519.25;30522.75;30518.625;30514.5;30520;30519.083333333332;85;0;30519.3125
2026-06-30 22:17:00.000;2026-06-30 22:17:59.999;30520.5;30529.5;30525;30520.5;30529.5;30526.5;87;0;30527.25
2026-06-30 22:18:00.000;2026-06-30 22:18:59.999;30528.75;30536;30532.25;30528.5;30532.5;30532.333333333332;166;0;30532.375
2026-06-30 22:19:00.000;2026-06-30 22:19:59.999;30530.75;30532.25;30528.125;30524;30529.5;30528.583333333332;96;0;30528.8125
2026-06-30 22:20:00.000;2026-06-30 22:20:59.999;30529.75;30535.25;30531.375;30527.5;30531.25;30531.333333333332;70;0;30531.3125
2026-06-30 22:21:00.000;2026-06-30 22:21:59.999;30531.25;30533.75;30530;30526.25;30528.25;30529.416666666668;32;0;30529.125
2026-06-30 22:22:00.000;2026-06-30 22:22:59.999;30529;30530.75;30529.125;30527.5;30530.75;30529.666666666668;46;0;30529.9375
2026-06-30 22:23:00.000;2026-06-30 22:23:59.999;30531.25;30532;30529.75;30527.5;30528.5;30529.333333333332;22;0;30529.125
2026-06-30 22:24:00.000;2026-06-30 22:24:59.999;30529.25;30530.75;30529.25;30527.75;30527.75;30528.75;14;0;30528.5
2026-06-30 22:25:00.000;2026-06-30 22:25:59.999;30527;30531.75;30529.125;30526.5;30531.5;30529.916666666668;35;0;30530.3125
2026-06-30 22:26:00.000;2026-06-30 22:26:59.999;30530.5;30532;30530.375;30528.75;30530.25;30530.333333333332;19;0;30530.3125
2026-06-30 22:27:00.000;2026-06-30 22:27:59.999;30530.5;30535;30532.75;30530.5;30532.5;30532.666666666668;57;0;30532.625
2026-06-30 22:28:00.000;2026-06-30 22:28:59.999;30532.25;30532.25;30530.875;30529.5;30530.25;30530.666666666668;42;0;30530.5625
2026-06-30 22:29:00.000;2026-06-30 22:29:59.999;30530;30534.25;30532.125;30530;30532.75;30532.333333333332;43;0;30532.4375
2026-06-30 22:30:00.000;2026-06-30 22:30:59.999;30531.25;30531.5;30528.25;30525;30527.75;30528.083333333332;64;0;30528
2026-06-30 22:31:00.000;2026-06-30 22:31:59.999;30530;30530.5;30526.125;30521.75;30524.5;30525.583333333332;88;0;30525.3125
2026-06-30 22:32:00.000;2026-06-30 22:32:59.999;30523.75;30526.25;30521.875;30517.5;30524;30522.583333333332;105;0;30522.9375
2026-06-30 22:33:00.000;2026-06-30 22:33:59.999;30525.25;30525.75;30520.25;30514.75;30522;30520.833333333332;127;0;30521.125
2026-06-30 22:34:00.000;2026-06-30 22:34:59.999;30522;30522.75;30517.375;30512;30515.25;30516.666666666668;146;0;30516.3125
2026-06-30 22:35:00.000;2026-06-30 22:35:59.999;30514.5;30515.5;30511;30506.5;30510.75;30510.916666666668;168;0;30510.875
2026-06-30 22:36:00.000;2026-06-30 22:36:59.999;30512.25;30515;30513.25;30511.5;30515;30513.833333333332;32;0;30514.125
2026-06-30 22:37:00.000;2026-06-30 22:37:59.999;30513;30515.25;30512.375;30509.5;30513;30512.583333333332;50;0;30512.6875
2026-06-30 22:38:00.000;2026-06-30 22:38:59.999;30512.75;30515.25;30513;30510.75;30514;30513.333333333332;15;0;30513.5
2026-06-30 22:39:00.000;2026-06-30 22:39:59.999;30515.25;30519.75;30517;30514.25;30517.25;30517.083333333332;57;0;30517.125
2026-06-30 22:40:00.000;2026-06-30 22:40:59.999;30516.25;30519;30517;30515;30518;30517.333333333332;36;0;30517.5
2026-06-30 22:41:00.000;2026-06-30 22:41:59.999;30519.75;30520.5;30518.25;30516;30517.5;30518;67;0;30517.875
2026-06-30 22:42:00.000;2026-06-30 22:42:59.999;30516;30517.75;30516.75;30515.75;30516;30516.5;7;0;30516.375
2026-06-30 22:43:00.000;2026-06-30 22:43:59.999;30515.75;30519;30516.625;30514.25;30519;30517.416666666668;32;0;30517.8125
2026-06-30 22:44:00.000;2026-06-30 22:44:59.999;30517.25;30517.25;30515.875;30514.5;30517;30516.25;13;0;30516.4375
2026-06-30 22:45:00.000;2026-06-30 22:45:59.999;30515.25;30516.25;30510.875;30505.5;30507;30509.583333333332;83;0;30508.9375
2026-06-30 22:46:00.000;2026-06-30 22:46:59.999;30508.75;30512.5;30509.5;30506.5;30511.25;30510.083333333332;54;0;30510.375
2026-06-30 22:47:00.000;2026-06-30 22:47:59.999;30511.75;30511.75;30508;30504.25;30507.25;30507.75;48;0;30507.625
2026-06-30 22:48:00.000;2026-06-30 22:48:59.999;30508;30510;30507.25;30504.5;30507.5;30507.333333333332;44;0;30507.375
2026-06-30 22:49:00.000;2026-06-30 22:49:59.999;30507.25;30513;30509.625;30506.25;30512;30510.416666666668;58;0;30510.8125
2026-06-30 22:50:00.000;2026-06-30 22:50:59.999;30512.75;30512.75;30507.25;30501.75;30505.5;30506.666666666668;86;0;30506.375
2026-06-30 22:51:00.000;2026-06-30 22:51:59.999;30506.25;30506.5;30503.875;30501.25;30502.5;30503.416666666668;62;0;30503.1875
2026-06-30 22:52:00.000;2026-06-30 22:52:59.999;30503.75;30505;30502.75;30500.5;30504;30503.166666666668;46;0;30503.375
2026-06-30 22:53:00.000;2026-06-30 22:53:59.999;30501.25;30503.75;30500.625;30497.5;30503.5;30501.583333333332;110;0;30502.0625
2026-06-30 22:54:00.000;2026-06-30 22:54:59.999;30501.25;30504.5;30502.625;30500.75;30502.25;30502.5;28;0;30502.4375
2026-06-30 22:55:00.000;2026-06-30 22:55:59.999;30501.5;30503.25;30502.125;30501;30503.25;30502.5;11;0;30502.6875
2026-06-30 22:56:00.000;2026-06-30 22:56:59.999;30503;30510;30506.375;30502.75;30510;30507.583333333332;94;0;30508.1875
2026-06-30 22:57:00.000;2026-06-30 22:57:59.999;30510.25;30512.5;30510.375;30508.25;30510;30510.25;63;0;30510.1875
2026-06-30 22:58:00.000;2026-06-30 22:58:59.999;30509.75;30509.75;30506.375;30503;30505.5;30506.083333333332;39;0;30505.9375
2026-06-30 22:59:00.000;2026-06-30 22:59:59.999;30505.25;30510.25;30507.125;30504;30510;30508.083333333332;43;0;30508.5625
2026-06-30 23:00:00.000;2026-06-30 23:00:59.999;30511.5;30519.5;30514.625;30509.75;30511.5;30513.583333333332;139;0;30513.0625
2026-06-30 23:01:00.000;2026-06-30 23:01:59.999;30512.75;30516.25;30513.75;30511.25;30512;30513.166666666668;66;0;30512.875
2026-06-30 23:02:00.000;2026-06-30 23:02:59.999;30512.75;30525.25;30518.375;30511.5;30523.25;30520;172;0;30520.8125
2026-06-30 23:03:00.000;2026-06-30 23:03:59.999;30522.5;30524;30521.25;30518.5;30518.5;30520.333333333332;71;0;30519.875
2026-06-30 23:04:00.000;2026-06-30 23:04:59.999;30519.25;30520.5;30517.625;30514.75;30518.75;30518;64;0;30518.1875
2026-06-30 23:05:00.000;2026-06-30 23:05:59.999;30519.5;30522.5;30518.875;30515.25;30521.25;30519.666666666668;51;0;30520.0625
2026-06-30 23:06:00.000;2026-06-30 23:06:59.999;30521;30525.25;30522.25;30519.25;30519.25;30521.25;124;0;30520.75
2026-06-30 23:07:00.000;2026-06-30 23:07:59.999;30518;30528.25;30522.125;30516;30527;30523.75;85;0;30524.5625
2026-06-30 23:08:00.000;2026-06-30 23:08:59.999;30528.25;30540.25;30533.75;30527.25;30532.5;30533.333333333332;229;0;30533.125
2026-06-30 23:09:00.000;2026-06-30 23:09:59.999;30530.75;30537.75;30533.125;30528.5;30535.25;30533.833333333332;67;0;30534.1875
2026-06-30 23:10:00.000;2026-06-30 23:10:59.999;30534.75;30535;30532.875;30530.75;30530.75;30532.166666666668;27;0;30531.8125
2026-06-30 23:11:00.000;2026-06-30 23:11:59.999;30531;30531.25;30529.25;30527.25;30527.75;30528.75;40;0;30528.5
2026-06-30 23:12:00.000;2026-06-30 23:12:59.999;30528.75;30529.75;30528.125;30526.5;30526.5;30527.583333333332;26;0;30527.3125
2026-06-30 23:13:00.000;2026-06-30 23:13:59.999;30526.5;30528.25;30523.5;30518.75;30519.5;30522.166666666668;75;0;30521.5
2026-06-30 23:14:00.000;2026-06-30 23:14:59.999;30520.75;30524.75;30522.625;30520.5;30522.5;30522.583333333332;26;0;30522.5625
2026-06-30 23:15:00.000;2026-06-30 23:15:59.999;30523.5;30523.75;30520.75;30517.75;30518.25;30519.916666666668;40;0;30519.5
2026-06-30 23:16:00.000;2026-06-30 23:16:59.999;30518.25;30528;30522.75;30517.5;30526.75;30524.083333333332;39;0;30524.75
2026-06-30 23:17:00.000;2026-06-30 23:17:59.999;30527.25;30529.5;30527.5;30525.5;30526.75;30527.25;29;0;30527.125
2026-06-30 23:18:00.000;2026-06-30 23:18:59.999;30525.5;30532.25;30527.875;30523.5;30531.25;30529;89;0;30529.5625
2026-06-30 23:19:00.000;2026-06-30 23:19:59.999;30531.5;30534.5;30532;30529.5;30529.5;30531.166666666668;83;0;30530.75
2026-06-30 23:20:00.000;2026-06-30 23:20:59.999;30529;30530;30527.625;30525.25;30528.75;30528;40;0;30528.1875
2026-06-30 23:21:00.000;2026-06-30 23:21:59.999;30529.75;30535;30532;30529;30529.5;30531.166666666668;66;0;30530.75
2026-06-30 23:22:00.000;2026-06-30 23:22:59.999;30528.75;30533.25;30530.75;30528.25;30531;30530.833333333332;53;0;30530.875
2026-06-30 23:23:00.000;2026-06-30 23:23:59.999;30531.25;30534.25;30532.25;30530.25;30534;30532.833333333332;33;0;30533.125
2026-06-30 23:24:00.000;2026-06-30 23:24:59.999;30533.75;30535.25;30533.25;30531.25;30531.25;30532.583333333332;72;0;30532.25
2026-06-30 23:25:00.000;2026-06-30 23:25:59.999;30531.25;30536;30533.5;30531;30536;30534.333333333332;24;0;30534.75
2026-06-30 23:26:00.000;2026-06-30 23:26:59.999;30534.75;30534.75;30533.875;30533;30533.75;30533.833333333332;12;0;30533.8125
2026-06-30 23:27:00.000;2026-06-30 23:27:59.999;30535.5;30540;30537.625;30535.25;30535.25;30536.833333333332;57;0;30536.4375
2026-06-30 23:28:00.000;2026-06-30 23:28:59.999;30535.75;30536;30534.125;30532.25;30534;30534.083333333332;63;0;30534.0625
2026-06-30 23:29:00.000;2026-06-30 23:29:59.999;30533.5;30533.5;30528.375;30523.25;30526;30527.583333333332;132;0;30527.1875
2026-06-30 23:30:00.000;2026-06-30 23:30:59.999;30525.25;30531.75;30526.875;30522;30530.5;30528.083333333332;84;0;30528.6875
2026-06-30 23:31:00.000;2026-06-30 23:31:59.999;30528.75;30529.75;30528;30526.25;30526.5;30527.5;22;0;30527.25
2026-06-30 23:32:00.000;2026-06-30 23:32:59.999;30528.5;30530.75;30529.5;30528.25;30530.5;30529.833333333332;25;0;30530
2026-06-30 23:33:00.000;2026-06-30 23:33:59.999;30529.25;30530.5;30529.25;30528;30530.5;30529.666666666668;15;0;30529.875
2026-06-30 23:34:00.000;2026-06-30 23:34:59.999;30530.25;30543.5;30536.875;30530.25;30541.25;30538.333333333332;110;0;30539.0625
2026-06-30 23:35:00.000;2026-06-30 23:35:59.999;30541.75;30542.25;30539;30535.75;30538;30538.666666666668;49;0;30538.5
2026-06-30 23:36:00.000;2026-06-30 23:36:59.999;30539;30540;30537.875;30535.75;30536.75;30537.5;55;0;30537.3125
2026-06-30 23:37:00.000;2026-06-30 23:37:59.999;30535.25;30537.75;30535.375;30533;30537;30535.916666666668;45;0;30536.1875
2026-06-30 23:38:00.000;2026-06-30 23:38:59.999;30533.75;30533.75;30529.625;30525.5;30528.5;30529.25;88;0;30529.0625
2026-06-30 23:39:00.000;2026-06-30 23:39:59.999;30528.5;30536.75;30532.625;30528.5;30536.75;30534;61;0;30534.6875
2026-06-30 23:40:00.000;2026-06-30 23:40:59.999;30536.75;30539.5;30535.625;30531.75;30533;30534.75;68;0;30534.3125
2026-06-30 23:41:00.000;2026-06-30 23:41:59.999;30532.75;30532.75;30529.375;30526;30529.25;30529.333333333332;70;0;30529.3125
2026-06-30 23:42:00.000;2026-06-30 23:42:59.999;30530.25;30531.25;30529.625;30528;30531;30530.083333333332;19;0;30530.3125
2026-06-30 23:43:00.000;2026-06-30 23:43:59.999;30531;30538.5;30534.5;30530.5;30538.5;30535.833333333332;42;0;30536.5
2026-06-30 23:44:00.000;2026-06-30 23:44:59.999;30536.75;30538.25;30533;30527.75;30528.5;30531.5;77;0;30530.75
2026-06-30 23:45:00.000;2026-06-30 23:45:59.999;30529.5;30543.25;30536.375;30529.5;30536.25;30536.333333333332;125;0;30536.3125
2026-06-30 23:46:00.000;2026-06-30 23:46:59.999;30533.5;30537.25;30532;30526.75;30537.25;30533.75;108;0;30534.625
2026-06-30 23:47:00.000;2026-06-30 23:47:59.999;30534.5;30537.25;30534.875;30532.5;30533.25;30534.333333333332;21;0;30534.0625
2026-06-30 23:48:00.000;2026-06-30 23:48:59.999;30531;30531.25;30528.5;30525.75;30525.75;30527.583333333332;39;0;30527.125
2026-06-30 23:49:00.000;2026-06-30 23:49:59.999;30526;30535.75;30529.625;30523.5;30534.75;30531.333333333332;110;0;30532.1875
2026-06-30 23:50:00.000;2026-06-30 23:50:59.999;30533;30536.75;30528.125;30519.5;30535.5;30530.583333333332;120;0;30531.8125
2026-06-30 23:51:00.000;2026-06-30 23:51:59.999;30534.75;30538;30534.125;30530.25;30532.5;30533.583333333332;46;0;30533.3125
2026-06-30 23:52:00.000;2026-06-30 23:52:59.999;30530.5;30530.5;30525.625;30520.75;30520.75;30524;48;0;30523.1875
2026-06-30 23:53:00.000;2026-06-30 23:53:59.999;30522.5;30525.5;30522.25;30519;30523.5;30522.666666666668;58;0;30522.875
2026-06-30 23:54:00.000;2026-06-30 23:54:59.999;30523;30523;30521.25;30519.5;30520.5;30521;36;0;30520.875
2026-06-30 23:55:00.000;2026-06-30 23:55:59.999;30521.5;30524.5;30522.375;30520.25;30521;30521.916666666668;38;0;30521.6875
2026-06-30 23:56:00.000;2026-06-30 23:56:59.999;30523;30526.25;30523.875;30521.5;30523.25;30523.666666666668;46;0;30523.5625
2026-06-30 23:57:00.000;2026-06-30 23:57:59.999;30523.25;30524.25;30520.25;30516.25;30520.25;30520.25;70;0;30520.25
2026-06-30 23:58:00.000;2026-06-30 23:58:59.999;30520.5;30534.25;30527.375;30520.5;30529.75;30528.166666666668;127;0;30528.5625
2026-06-30 23:59:00.000;2026-06-30 23:59:59.999;30532;30538.5;30535;30531.5;30534;30534.666666666668;76;0;30534.5
2026-07-01 00:00:00.000;2026-07-01 00:00:59.999;30535.25;30553.75;30542.375;30531;30545.75;30543.5;535;0;30544.0625
2026-07-01 00:01:00.000;2026-07-01 00:01:59.999;30543;30549.75;30541.375;30533;30538.5;30540.416666666668;216;0;30539.9375
2026-07-01 00:02:00.000;2026-07-01 00:02:59.999;30539;30548.25;30537.875;30527.5;30527.5;30534.416666666668;232;0;30532.6875
2026-07-01 00:03:00.000;2026-07-01 00:03:59.999;30527.5;30540;30531.125;30522.25;30538;30533.416666666668;226;0;30534.5625
2026-07-01 00:04:00.000;2026-07-01 00:04:59.999;30536.75;30537.25;30533.5;30529.75;30536.75;30534.583333333332;87;0;30535.125
2026-07-01 00:05:00.000;2026-07-01 00:05:59.999;30534.75;30537.25;30526;30514.75;30525.25;30525.75;192;0;30525.625
2026-07-01 00:06:00.000;2026-07-01 00:06:59.999;30526;30540;30528.75;30517.5;30519;30525.5;215;0;30523.875
2026-07-01 00:07:00.000;2026-07-01 00:07:59.999;30520.75;30525.75;30521.75;30517.75;30525.25;30522.916666666668;103;0;30523.5
2026-07-01 00:08:00.000;2026-07-01 00:08:59.999;30525.75;30534.75;30528.625;30522.5;30532.5;30529.916666666668;131;0;30530.5625
2026-07-01 00:09:00.000;2026-07-01 00:09:59.999;30533;30537.5;30532;30526.5;30530.25;30531.416666666668;147;0;30531.125
2026-07-01 00:10:00.000;2026-07-01 00:10:59.999;30531.75;30545;30534.625;30524.25;30544.5;30537.916666666668;280;0;30539.5625
2026-07-01 00:11:00.000;2026-07-01 00:11:59.999;30541.25;30542;30534.375;30526.75;30529;30532.583333333332;186;0;30531.6875
2026-07-01 00:12:00.000;2026-07-01 00:12:59.999;30527.25;30536;30531;30526;30531.25;30531.083333333332;126;0;30531.125
2026-07-01 00:13:00.000;2026-07-01 00:13:59.999;30528.5;30540;30533.125;30526.25;30536;30534.083333333332;92;0;30534.5625
2026-07-01 00:14:00.000;2026-07-01 00:14:59.999;30536.5;30537;30530.75;30524.5;30528.25;30529.916666666668;177;0;30529.5
2026-07-01 00:15:00.000;2026-07-01 00:15:59.999;30531;30536.5;30527.5;30518.5;30521.75;30525.583333333332;196;0;30524.625
2026-07-01 00:16:00.000;2026-07-01 00:16:59.999;30521;30533.5;30526.875;30520.25;30532.75;30528.833333333332;93;0;30529.8125
2026-07-01 00:17:00.000;2026-07-01 00:17:59.999;30532.25;30540;30534.375;30528.75;30528.75;30532.5;92;0;30531.5625
2026-07-01 00:18:00.000;2026-07-01 00:18:59.999;30528.5;30528.75;30525.875;30523;30527;30526.25;73;0;30526.4375
2026-07-01 00:19:00.000;2026-07-01 00:19:59.999;30527.75;30530;30524.5;30519;30519;30522.666666666668;52;0;30521.75
2026-07-01 00:20:00.000;2026-07-01 00:20:59.999;30520.25;30530.75;30525.125;30519.5;30529;30526.416666666668;69;0;30527.0625
2026-07-01 00:21:00.000;2026-07-01 00:21:59.999;30530.25;30532;30524.125;30516.25;30517.5;30521.916666666668;122;0;30520.8125
2026-07-01 00:22:00.000;2026-07-01 00:22:59.999;30517.5;30518.25;30514.625;30511;30514;30514.416666666668;178;0;30514.3125
2026-07-01 00:23:00.000;2026-07-01 00:23:59.999;30514.5;30517.5;30513.125;30508.75;30512.75;30513;182;0;30512.9375
2026-07-01 00:24:00.000;2026-07-01 00:24:59.999;30512.25;30521.75;30516.5;30511.25;30515.75;30516.25;175;0;30516.125
2026-07-01 00:25:00.000;2026-07-01 00:25:59.999;30513.75;30516.25;30511.625;30507;30514;30512.416666666668;192;0;30512.8125
2026-07-01 00:26:00.000;2026-07-01 00:26:59.999;30514.75;30516.25;30513.625;30511;30512.5;30513.25;53;0;30513.0625
2026-07-01 00:27:00.000;2026-07-01 00:27:59.999;30510.75;30525.25;30517.875;30510.5;30523;30519.583333333332;174;0;30520.4375
2026-07-01 00:28:00.000;2026-07-01 00:28:59.999;30523.5;30536.75;30529.75;30522.75;30536.75;30532.083333333332;177;0;30533.25
2026-07-01 00:29:00.000;2026-07-01 00:29:59.999;30536.5;30540.75;30536.5;30532.25;30536.5;30536.5;149;0;30536.5
2026-07-01 00:30:00.000;2026-07-01 00:30:59.999;30536.75;30542.5;30537.25;30532;30540;30538.166666666668;119;0;30538.625
2026-07-01 00:31:00.000;2026-07-01 00:31:59.999;30539.25;30543.5;30539.125;30534.75;30541.75;30540;99;0;30540.4375
2026-07-01 00:32:00.000;2026-07-01 00:32:59.999;30542.25;30545.75;30540;30534.25;30543;30541;139;0;30541.5
2026-07-01 00:33:00.000;2026-07-01 00:33:59.999;30543.75;30549.25;30545;30540.75;30546.75;30545.583333333332;124;0;30545.875
2026-07-01 00:34:00.000;2026-07-01 00:34:59.999;30547.25;30547.25;30543.875;30540.5;30541;30542.916666666668;55;0;30542.4375
2026-07-01 00:35:00.000;2026-07-01 00:35:59.999;30541.5;30542.75;30535.125;30527.5;30530;30533.416666666668;124;0;30532.5625
2026-07-01 00:36:00.000;2026-07-01 00:36:59.999;30529.25;30540.75;30535;30529.25;30536.75;30535.583333333332;121;0;30535.875
2026-07-01 00:37:00.000;2026-07-01 00:37:59.999;30536;30543;30539.125;30535.25;30542;30540.083333333332;55;0;30540.5625
2026-07-01 00:38:00.000;2026-07-01 00:38:59.999;30541.5;30547;30543.375;30539.75;30541.25;30542.666666666668;106;0;30542.3125
2026-07-01 00:39:00.000;2026-07-01 00:39:59.999;30543;30545.5;30541.75;30538;30541.75;30541.75;181;0;30541.75
2026-07-01 00:40:00.000;2026-07-01 00:40:59.999;30544;30548.25;30545.25;30542.25;30545.5;30545.333333333332;78;0;30545.375
2026-07-01 00:41:00.000;2026-07-01 00:41:59.999;30544.5;30544.75;30541.625;30538.5;30538.5;30540.583333333332;73;0;30540.0625
2026-07-01 00:42:00.000;2026-07-01 00:42:59.999;30538;30541.75;30539.375;30537;30540.5;30539.75;22;0;30539.9375
2026-07-01 00:43:00.000;2026-07-01 00:43:59.999;30539;30541.5;30539.875;30538.25;30541;30540.25;23;0;30540.4375
2026-07-01 00:44:00.000;2026-07-01 00:44:59.999;30540;30540;30537.625;30535.25;30538;30537.75;38;0;30537.8125
2026-07-01 00:45:00.000;2026-07-01 00:45:59.999;30539.75;30542.5;30538.375;30534.25;30537.25;30538;51;0;30537.8125
2026-07-01 00:46:00.000;2026-07-01 00:46:59.999;30537.75;30543.5;30539.5;30535.5;30538.75;30539.25;38;0;30539.125
2026-07-01 00:47:00.000;2026-07-01 00:47:59.999;30539;30539;30536;30533;30537;30536.333333333332;44;0;30536.5
2026-07-01 00:48:00.000;2026-07-01 00:48:59.999;30537;30537.75;30535.875;30534;30537;30536.25;18;0;30536.4375
2026-07-01 00:49:00.000;2026-07-01 00:49:59.999;30537.25;30544.75;30541;30537.25;30543.25;30541.75;44;0;30542.125
2026-07-01 00:50:00.000;2026-07-01 00:50:59.999;30542.75;30543.5;30541;30538.5;30541.25;30541.083333333332;31;0;30541.125
2026-07-01 00:51:00.000;2026-07-01 00:51:59.999;30540.5;30546.5;30543.125;30539.75;30543;30543.083333333332;79;0;30543.0625
2026-07-01 00:52:00.000;2026-07-01 00:52:59.999;30544.5;30547;30542.875;30538.75;30545.5;30543.75;117;0;30544.1875
2026-07-01 00:53:00.000;2026-07-01 00:53:59.999;30543.75;30546.25;30542.25;30538.25;30539;30541.166666666668;55;0;30540.625
2026-07-01 00:54:00.000;2026-07-01 00:54:59.999;30538.75;30538.75;30534.375;30530;30530.75;30533.166666666668;84;0;30532.5625
2026-07-01 00:55:00.000;2026-07-01 00:55:59.999;30531.25;30537;30534;30531;30534.5;30534.166666666668;72;0;30534.25
2026-07-01 00:56:00.000;2026-07-01 00:56:59.999;30534.75;30535.5;30531.75;30528;30534.25;30532.583333333332;61;0;30533
2026-07-01 00:57:00.000;2026-07-01 00:57:59.999;30533.5;30536.25;30533.75;30531.25;30535;30534.166666666668;54;0;30534.375
2026-07-01 00:58:00.000;2026-07-01 00:58:59.999;30533;30533.75;30529.875;30526;30527;30528.916666666668;42;0;30528.4375
2026-07-01 00:59:00.000;2026-07-01 00:59:59.999;30527;30527.5;30525.625;30523.75;30524;30525.083333333332;107;0;30524.8125
2026-07-01 01:00:00.000;2026-07-01 01:00:59.999;30523.75;30527;30523;30519;30520.5;30522.166666666668;153;0;30521.75
2026-07-01 01:01:00.000;2026-07-01 01:01:59.999;30524.25;30525.5;30522.25;30519;30525.5;30523.333333333332;77;0;30523.875
2026-07-01 01:02:00.000;2026-07-01 01:02:59.999;30526.25;30530.25;30525.25;30520.25;30523.25;30524.583333333332;82;0;30524.25
2026-07-01 01:03:00.000;2026-07-01 01:03:59.999;30524;30524.25;30520.75;30517.25;30520.75;30520.75;89;0;30520.75
2026-07-01 01:04:00.000;2026-07-01 01:04:59.999;30519.25;30519.25;30514.625;30510;30510;30513.083333333332;175;0;30512.3125
2026-07-01 01:05:00.000;2026-07-01 01:05:59.999;30509.75;30516.25;30511.75;30507.25;30513.75;30512.416666666668;161;0;30512.75
2026-07-01 01:06:00.000;2026-07-01 01:06:59.999;30515.25;30518.5;30513.125;30507.75;30510;30512.083333333332;138;0;30511.5625
2026-07-01 01:07:00.000;2026-07-01 01:07:59.999;30508.75;30516.25;30512.375;30508.5;30510.5;30511.75;89;0;30511.4375
2026-07-01 01:08:00.000;2026-07-01 01:08:59.999;30510;30510;30505;30500;30502.5;30504.166666666668;133;0;30503.75
2026-07-01 01:09:00.000;2026-07-01 01:09:59.999;30502.75;30506;30501.125;30496.25;30501.5;30501.25;212;0;30501.3125
2026-07-01 01:10:00.000;2026-07-01 01:10:59.999;30501.75;30502;30494;30486;30491.25;30493.083333333332;352;0;30492.625
2026-07-01 01:11:00.000;2026-07-01 01:11:59.999;30492;30493.5;30490.5;30487.5;30490.75;30490.583333333332;86;0;30490.625
2026-07-01 01:12:00.000;2026-07-01 01:12:59.999;30490.25;30495.75;30487.5;30479.25;30479.5;30484.833333333332;279;0;30483.5
2026-07-01 01:13:00.000;2026-07-01 01:13:59.999;30479.5;30488.25;30480;30471.75;30488.25;30482.75;396;0;30484.125
2026-07-01 01:14:00.000;2026-07-01 01:14:59.999;30489.25;30500.25;30492.625;30485;30497.25;30494.166666666668;304;0;30494.9375
2026-07-01 01:15:00.000;2026-07-01 01:15:59.999;30500;30506.75;30500.5;30494.25;30496;30499;264;0;30498.25
2026-07-01 01:16:00.000;2026-07-01 01:16:59.999;30496;30496.25;30483;30469.75;30474.25;30480.083333333332;318;0;30478.625
2026-07-01 01:17:00.000;2026-07-01 01:17:59.999;30475;30485.25;30476;30466.75;30472.25;30474.75;210;0;30474.125
2026-07-01 01:18:00.000;2026-07-01 01:18:59.999;30472.75;30482.5;30476.5;30470.5;30476;30476.333333333332;469;0;30476.25
2026-07-01 01:19:00.000;2026-07-01 01:19:59.999;30477;30486.75;30480.75;30474.75;30484.75;30482.083333333332;176;0;30482.75
2026-07-01 01:20:00.000;2026-07-01 01:20:59.999;30483.5;30489.25;30482.625;30476;30487.75;30484.333333333332;223;0;30485.1875
2026-07-01 01:21:00.000;2026-07-01 01:21:59.999;30487.5;30492.75;30487.5;30482.25;30486.5;30487.166666666668;112;0;30487
2026-07-01 01:22:00.000;2026-07-01 01:22:59.999;30485;30498;30489.625;30481.25;30493.25;30490.833333333332;150;0;30491.4375
2026-07-01 01:23:00.000;2026-07-01 01:23:59.999;30494.25;30498;30495;30492;30495;30495;75;0;30495
2026-07-01 01:24:00.000;2026-07-01 01:24:59.999;30496.25;30498;30490.375;30482.75;30485.75;30488.833333333332;103;0;30488.0625
2026-07-01 01:25:00.000;2026-07-01 01:25:59.999;30485;30491;30484.75;30478.5;30478.5;30482.666666666668;126;0;30481.625
2026-07-01 01:26:00.000;2026-07-01 01:26:59.999;30478.5;30491.5;30485;30478.5;30490;30486.666666666668;107;0;30487.5
2026-07-01 01:27:00.000;2026-07-01 01:27:59.999;30489.25;30490.25;30486.375;30482.5;30485;30485.916666666668;103;0;30485.6875
2026-07-01 01:28:00.000;2026-07-01 01:28:59.999;30485;30491;30486.25;30481.5;30490;30487.5;107;0;30488.125
2026-07-01 01:29:00.000;2026-07-01 01:29:59.999;30490.25;30495.25;30490.625;30486;30486;30489.083333333332;155;0;30488.3125
2026-07-01 01:30:00.000;2026-07-01 01:30:59.999;30486.5;30504;30494.625;30485.25;30488.5;30492.583333333332;237;0;30491.5625
2026-07-01 01:31:00.000;2026-07-01 01:31:59.999;30487.75;30489.75;30480.25;30470.75;30472.75;30477.75;268;0;30476.5
2026-07-01 01:32:00.000;2026-07-01 01:32:59.999;30473;30487.75;30480;30472.25;30483.25;30481.083333333332;104;0;30481.625
2026-07-01 01:33:00.000;2026-07-01 01:33:59.999;30483.75;30483.75;30478.75;30473.75;30473.75;30477.083333333332;66;0;30476.25
2026-07-01 01:34:00.000;2026-07-01 01:34:59.999;30477;30481.75;30476.375;30471;30476.25;30476.333333333332;162;0;30476.3125
2026-07-01 01:35:00.000;2026-07-01 01:35:59.999;30477;30481;30477.125;30473.25;30478;30477.416666666668;72;0;30477.5625
2026-07-01 01:36:00.000;2026-07-01 01:36:59.999;30477;30479.75;30474.375;30469;30476.75;30475.166666666668;149;0;30475.5625
2026-07-01 01:37:00.000;2026-07-01 01:37:59.999;30477.25;30478.25;30473.125;30468;30476;30474.083333333332;220;0;30474.5625
2026-07-01 01:38:00.000;2026-07-01 01:38:59.999;30476;30486.5;30481.25;30476;30480.75;30481.083333333332;151;0;30481
2026-07-01 01:39:00.000;2026-07-01 01:39:59.999;30481.5;30485.75;30482.375;30479;30480.25;30481.666666666668;68;0;30481.3125
2026-07-01 01:40:00.000;2026-07-01 01:40:59.999;30479;30484.25;30476.875;30469.5;30478.25;30477.333333333332;101;0;30477.5625
2026-07-01 01:41:00.000;2026-07-01 01:41:59.999;30479.5;30480.25;30477.125;30474;30478.5;30477.583333333332;124;0;30477.8125
2026-07-01 01:42:00.000;2026-07-01 01:42:59.999;30479.75;30481;30478.625;30476.25;30476.5;30477.916666666668;84;0;30477.5625
2026-07-01 01:43:00.000;2026-07-01 01:43:59.999;30476.75;30480.25;30478.5;30476.75;30480.25;30479.083333333332;57;0;30479.375
2026-07-01 01:44:00.000;2026-07-01 01:44:59.999;30475.5;30476.25;30474.125;30472;30474.75;30474.333333333332;81;0;30474.4375
2026-07-01 01:45:00.000;2026-07-01 01:45:59.999;30474.75;30483;30476.25;30469.5;30475.5;30476;177;0;30475.875
2026-07-01 01:46:00.000;2026-07-01 01:46:59.999;30473.5;30477.5;30474.125;30470.75;30474.25;30474.166666666668;49;0;30474.1875
2026-07-01 01:47:00.000;2026-07-01 01:47:59.999;30476.25;30477.75;30474.125;30470.5;30471.25;30473.166666666668;52;0;30472.6875
2026-07-01 01:48:00.000;2026-07-01 01:48:59.999;30471.75;30472.25;30464.125;30456;30460.25;30462.833333333332;377;0;30462.1875
2026-07-01 01:49:00.000;2026-07-01 01:49:59.999;30459.75;30464.25;30460.25;30456.25;30464.25;30461.583333333332;94;0;30462.25
2026-07-01 01:50:00.000;2026-07-01 01:50:59.999;30464.25;30464.75;30460.375;30456;30457.75;30459.5;88;0;30459.0625
2026-07-01 01:51:00.000;2026-07-01 01:51:59.999;30456.5;30461.25;30458.375;30455.5;30456.75;30457.833333333332;57;0;30457.5625
2026-07-01 01:52:00.000;2026-07-01 01:52:59.999;30459.25;30460;30456;30452;30459.25;30457.083333333332;124;0;30457.625
2026-07-01 01:53:00.000;2026-07-01 01:53:59.999;30459.5;30467;30462.75;30458.5;30462;30462.5;124;0;30462.375
2026-07-01 01:54:00.000;2026-07-01 01:54:59.999;30462.5;30463.25;30459.75;30456.25;30463.25;30460.916666666668;69;0;30461.5
2026-07-01 01:55:00.000;2026-07-01 01:55:59.999;30462;30475;30468.5;30462;30472;30469.666666666668;142;0;30470.25
2026-07-01 01:56:00.000;2026-07-01 01:56:59.999;30472.5;30479.25;30475.75;30472.25;30473.25;30474.916666666668;152;0;30474.5
2026-07-01 01:57:00.000;2026-07-01 01:57:59.999;30472.75;30473.25;30465.75;30458.25;30458.5;30463.333333333332;177;0;30462.125
2026-07-01 01:58:00.000;2026-07-01 01:58:59.999;30459.5;30460;30457;30454;30459.5;30457.833333333332;57;0;30458.25
2026-07-01 01:59:00.000;2026-07-01 01:59:59.999;30459.5;30462.5;30456.5;30450.5;30453.5;30455.5;105;0;30455
2026-07-01 02:00:00.000;2026-07-01 02:00:59.999;30453.5;30456.25;30450.375;30444.5;30446.75;30449.166666666668;197;0;30448.5625
2026-07-01 02:01:00.000;2026-07-01 02:01:59.999;30448.75;30449;30441.5;30434;30435.5;30439.5;205;0;30438.5
2026-07-01 02:02:00.000;2026-07-01 02:02:59.999;30436;30438.25;30433.5;30428.75;30432.25;30433.083333333332;207;0;30432.875
2026-07-01 02:03:00.000;2026-07-01 02:03:59.999;30433.5;30438;30433.375;30428.75;30434.5;30433.75;79;0;30433.9375
2026-07-01 02:04:00.000;2026-07-01 02:04:59.999;30436;30438.25;30433.625;30429;30430.25;30432.5;83;0;30431.9375
2026-07-01 02:05:00.000;2026-07-01 02:05:59.999;30430.5;30430.5;30422.5;30414.5;30414.5;30419.833333333332;270;0;30418.5
2026-07-01 02:06:00.000;2026-07-01 02:06:59.999;30416;30416;30411.25;30406.5;30406.5;30409.666666666668;291;0;30408.875
2026-07-01 02:07:00.000;2026-07-01 02:07:59.999;30407;30414;30409.75;30405.5;30410.75;30410.083333333332;148;0;30410.25
2026-07-01 02:08:00.000;2026-07-01 02:08:59.999;30410.25;30410.25;30404.875;30399.5;30406.25;30405.333333333332;160;0;30405.5625
2026-07-01 02:09:00.000;2026-07-01 02:09:59.999;30403.75;30407;30401.375;30395.75;30406.5;30403.083333333332;157;0;30403.9375
2026-07-01 02:10:00.000;2026-07-01 02:10:59.999;30405.25;30408.25;30400.875;30393.5;30395.75;30399.166666666668;220;0;30398.3125
2026-07-01 02:11:00.000;2026-07-01 02:11:59.999;30397.5;30404;30399.875;30395.75;30396;30398.583333333332;119;0;30397.9375
2026-07-01 02:12:00.000;2026-07-01 02:12:59.999;30396.75;30403.75;30398;30392.25;30401.75;30399.25;129;0;30399.875
2026-07-01 02:13:00.000;2026-07-01 02:13:59.999;30402.5;30413.5;30403.25;30393;30397.25;30401.25;209;0;30400.25
2026-07-01 02:14:00.000;2026-07-01 02:14:59.999;30394.75;30395.5;30391;30386.5;30392.5;30391.5;284;0;30391.75
2026-07-01 02:15:00.000;2026-07-01 02:15:59.999;30391.25;30398;30382.875;30367.75;30392.5;30386.083333333332;658;0;30387.6875
2026-07-01 02:16:00.000;2026-07-01 02:16:59.999;30393.25;30402.25;30397;30391.75;30399;30397.666666666668;228;0;30398
2026-07-01 02:17:00.000;2026-07-01 02:17:59.999;30399.5;30405.25;30401.375;30397.5;30405.25;30402.666666666668;98;0;30403.3125
2026-07-01 02:18:00.000;2026-07-01 02:18:59.999;30404;30409.5;30404.75;30400;30401;30403.5;154;0;30402.875
2026-07-01 02:19:00.000;2026-07-01 02:19:59.999;30401.5;30405.75;30400.625;30395.5;30405;30402.083333333332;83;0;30402.8125
2026-07-01 02:20:00.000;2026-07-01 02:20:59.999;30405.25;30405.25;30399.625;30394;30403.5;30400.916666666668;225;0;30401.5625
2026-07-01 02:21:00.000;2026-07-01 02:21:59.999;30402.75;30416.5;30409.25;30402;30414.5;30411;208;0;30411.875
2026-07-01 02:22:00.000;2026-07-01 02:22:59.999;30413.5;30417.25;30414.75;30412.25;30416;30415.166666666668;97;0;30415.375
2026-07-01 02:23:00.000;2026-07-01 02:23:59.999;30414.75;30414.75;30411.625;30408.5;30414;30412.416666666668;82;0;30412.8125
2026-07-01 02:24:00.000;2026-07-01 02:24:59.999;30413.75;30415.25;30412;30408.75;30409.75;30411.25;119;0;30410.875
2026-07-01 02:25:00.000;2026-07-01 02:25:59.999;30410.75;30412.25;30407.75;30403.25;30404.75;30406.75;72;0;30406.25
2026-07-01 02:26:00.000;2026-07-01 02:26:59.999;30404.5;30423;30413.625;30404.25;30419.75;30415.666666666668;152;0;30416.6875
2026-07-01 02:27:00.000;2026-07-01 02:27:59.999;30419.5;30420.5;30415.25;30410;30410.25;30413.583333333332;78;0;30412.75
2026-07-01 02:28:00.000;2026-07-01 02:28:59.999;30410.75;30417.25;30412.625;30408;30412.5;30412.583333333332;60;0;30412.5625
2026-07-01 02:29:00.000;2026-07-01 02:29:59.999;30413.5;30422;30416.25;30410.5;30421;30417.833333333332;57;0;30418.625
2026-07-01 02:30:00.000;2026-07-01 02:30:59.999;30421.25;30424.75;30421.625;30418.5;30421.25;30421.5;96;0;30421.4375
2026-07-01 02:31:00.000;2026-07-01 02:31:59.999;30421.25;30428;30419.75;30411.5;30412;30417.166666666668;260;0;30415.875
2026-07-01 02:32:00.000;2026-07-01 02:32:59.999;30410;30416.25;30412.25;30408.25;30413.75;30412.75;81;0;30413
2026-07-01 02:33:00.000;2026-07-01 02:33:59.999;30413.25;30423.75;30417.25;30410.75;30421;30418.5;83;0;30419.125
2026-07-01 02:34:00.000;2026-07-01 02:34:59.999;30422;30423;30415.625;30408.25;30408.25;30413.166666666668;76;0;30411.9375
2026-07-01 02:35:00.000;2026-07-01 02:35:59.999;30410;30417.25;30413.25;30409.25;30417.25;30414.583333333332;56;0;30415.25
2026-07-01 02:36:00.000;2026-07-01 02:36:59.999;30417;30421.5;30419;30416.5;30416.5;30418.166666666668;77;0;30417.75
2026-07-01 02:37:00.000;2026-07-01 02:37:59.999;30416.75;30418.25;30416.625;30415;30416;30416.416666666668;20;0;30416.3125
2026-07-01 02:38:00.000;2026-07-01 02:38:59.999;30416.5;30421.5;30418;30414.5;30421.5;30419.166666666668;45;0;30419.75
2026-07-01 02:39:00.000;2026-07-01 02:39:59.999;30421;30423.25;30421.375;30419.5;30420.5;30421.083333333332;36;0;30420.9375
2026-07-01 02:40:00.000;2026-07-01 02:40:59.999;30419.5;30421.75;30419.375;30417;30421.5;30420.083333333332;42;0;30420.4375
2026-07-01 02:41:00.000;2026-07-01 02:41:59.999;30422.25;30428.75;30424.75;30420.75;30428.75;30426.083333333332;102;0;30426.75
2026-07-01 02:42:00.000;2026-07-01 02:42:59.999;30428.75;30433.5;30430.875;30428.25;30433.5;30431.75;134;0;30432.1875
2026-07-01 02:43:00.000;2026-07-01 02:43:59.999;30433.25;30446;30439.625;30433.25;30441;30440.083333333332;396;0;30440.3125
2026-07-01 02:44:00.000;2026-07-01 02:44:59.999;30440.25;30441.25;30439.125;30437;30440;30439.416666666668;86;0;30439.5625
2026-07-01 02:45:00.000;2026-07-01 02:45:59.999;30440.75;30442.25;30439.125;30436;30436.75;30438.333333333332;99;0;30437.9375
2026-07-01 02:46:00.000;2026-07-01 02:46:59.999;30436.25;30438.75;30434.875;30431;30434.5;30434.75;130;0;30434.6875
2026-07-01 02:47:00.000;2026-07-01 02:47:59.999;30435;30436;30432.375;30428.75;30434.75;30433.166666666668;69;0;30433.5625
2026-07-01 02:48:00.000;2026-07-01 02:48:59.999;30435;30441.5;30437.625;30433.75;30435.5;30436.916666666668;45;0;30436.5625
2026-07-01 02:49:00.000;2026-07-01 02:49:59.999;30435;30437;30435;30433;30435.75;30435.25;19;0;30435.375
2026-07-01 02:50:00.000;2026-07-01 02:50:59.999;30433.5;30436.5;30433.875;30431.25;30433;30433.583333333332;34;0;30433.4375
2026-07-01 02:51:00.000;2026-07-01 02:51:59.999;30433.5;30433.75;30431.125;30428.5;30429.5;30430.583333333332;32;0;30430.3125
2026-07-01 02:52:00.000;2026-07-01 02:52:59.999;30430;30432.75;30429.125;30425.5;30430;30429.416666666668;82;0;30429.5625
2026-07-01 02:53:00.000;2026-07-01 02:53:59.999;30429.75;30432.5;30428.625;30424.75;30432.5;30429.916666666668;48;0;30430.5625
2026-07-01 02:54:00.000;2026-07-01 02:54:59.999;30432.5;30439.25;30435.875;30432.5;30437.5;30436.416666666668;67;0;30436.6875
2026-07-01 02:55:00.000;2026-07-01 02:55:59.999;30437.75;30440.25;30437.75;30435.25;30440;30438.5;24;0;30438.875
2026-07-01 02:56:00.000;2026-07-01 02:56:59.999;30440;30441.25;30437.875;30434.5;30435.75;30437.166666666668;48;0;30436.8125
2026-07-01 02:57:00.000;2026-07-01 02:57:59.999;30435.25;30441.75;30438.5;30435.25;30436.5;30437.833333333332;70;0;30437.5
2026-07-01 02:58:00.000;2026-07-01 02:58:59.999;30436.25;30439;30436.75;30434.5;30439;30437.5;19;0;30437.875
2026-07-01 02:59:00.000;2026-07-01 02:59:59.999;30438;30442.5;30440.125;30437.75;30438.5;30439.583333333332;41;0;30439.3125
2026-07-01 03:00:00.000;2026-07-01 03:00:59.999;30438.5;30444;30439.75;30435.5;30438;30439.166666666668;169;0;30438.875
2026-07-01 03:01:00.000;2026-07-01 03:01:59.999;30437;30442.5;30437.625;30432.75;30435.5;30436.916666666668;59;0;30436.5625
2026-07-01 03:02:00.000;2026-07-01 03:02:59.999;30435.5;30448.25;30441.875;30435.5;30441.75;30441.833333333332;112;0;30441.8125
2026-07-01 03:03:00.000;2026-07-01 03:03:59.999;30442.25;30446.75;30444;30441.25;30444;30444;49;0;30444
2026-07-01 03:04:00.000;2026-07-01 03:04:59.999;30444.75;30445.25;30441.25;30437.25;30437.25;30439.916666666668;51;0;30439.25
2026-07-01 03:05:00.000;2026-07-01 03:05:59.999;30439.75;30447.25;30442.625;30438;30446;30443.75;49;0;30444.3125
2026-07-01 03:06:00.000;2026-07-01 03:06:59.999;30447.75;30449.75;30447.125;30444.5;30449.25;30447.833333333332;60;0;30448.1875
2026-07-01 03:07:00.000;2026-07-01 03:07:59.999;30449.75;30455.25;30452.125;30449;30454.5;30452.916666666668;109;0;30453.3125
2026-07-01 03:08:00.000;2026-07-01 03:08:59.999;30454.25;30455;30451.875;30448.75;30451.25;30451.666666666668;116;0;30451.5625
2026-07-01 03:09:00.000;2026-07-01 03:09:59.999;30451;30454.25;30451.375;30448.5;30453.25;30452;66;0;30452.3125
2026-07-01 03:10:00.000;2026-07-01 03:10:59.999;30453.75;30457;30453.875;30450.75;30454.75;30454.166666666668;64;0;30454.3125
2026-07-01 03:11:00.000;2026-07-01 03:11:59.999;30455;30460.75;30457.5;30454.25;30460.75;30458.583333333332;83;0;30459.125
2026-07-01 03:12:00.000;2026-07-01 03:12:59.999;30459.5;30462.5;30460.5;30458.5;30460.25;30460.416666666668;73;0;30460.375
2026-07-01 03:13:00.000;2026-07-01 03:13:59.999;30459.75;30464;30461.75;30459.5;30462.5;30462;49;0;30462.125
2026-07-01 03:14:00.000;2026-07-01 03:14:59.999;30461.5;30465;30462.5;30460;30462.25;30462.416666666668;49;0;30462.375
2026-07-01 03:15:00.000;2026-07-01 03:15:59.999;30461.75;30463;30461;30459;30461.5;30461.166666666668;32;0;30461.25
2026-07-01 03:16:00.000;2026-07-01 03:16:59.999;30461;30466;30458.625;30451.25;30452;30456.416666666668;93;0;30455.3125
2026-07-01 03:17:00.000;2026-07-01 03:17:59.999;30451;30452.25;30447.875;30443.5;30444;30446.583333333332;74;0;30445.9375
2026-07-01 03:18:00.000;2026-07-01 03:18:59.999;30442.5;30447.25;30441.5;30435.75;30446;30443;204;0;30443.75
2026-07-01 03:19:00.000;2026-07-01 03:19:59.999;30447;30450.75;30447.125;30443.5;30447.25;30447.166666666668;97;0;30447.1875
2026-07-01 03:20:00.000;2026-07-01 03:20:59.999;30447.5;30448;30444.375;30440.75;30445;30444.583333333332;106;0;30444.6875
2026-07-01 03:21:00.000;2026-07-01 03:21:59.999;30446;30447.75;30442.375;30437;30438;30440.916666666668;87;0;30440.1875
2026-07-01 03:22:00.000;2026-07-01 03:22:59.999;30437.75;30440;30437.25;30434.5;30435.5;30436.666666666668;56;0;30436.375
2026-07-01 03:23:00.000;2026-07-01 03:23:59.999;30435.25;30441;30437.875;30434.75;30436.5;30437.416666666668;74;0;30437.1875
2026-07-01 03:24:00.000;2026-07-01 03:24:59.999;30437.75;30438.5;30435.125;30431.75;30435;30435.083333333332;75;0;30435.0625
2026-07-01 03:25:00.000;2026-07-01 03:25:59.999;30434.75;30437.25;30433.375;30429.5;30436.75;30434.5;61;0;30435.0625
2026-07-01 03:26:00.000;2026-07-01 03:26:59.999;30437;30445.5;30440.875;30436.25;30436.5;30439.416666666668;129;0;30438.6875
2026-07-01 03:27:00.000;2026-07-01 03:27:59.999;30436.25;30437.25;30435.125;30433;30437.25;30435.833333333332;74;0;30436.1875
2026-07-01 03:28:00.000;2026-07-01 03:28:59.999;30438.25;30442.5;30439.75;30437;30438.5;30439.333333333332;60;0;30439.125
2026-07-01 03:29:00.000;2026-07-01 03:29:59.999;30437;30441;30438;30435;30437.25;30437.75;46;0;30437.625
2026-07-01 03:30:00.000;2026-07-01 03:30:59.999;30439.5;30446;30441.875;30437.75;30443.5;30442.416666666668;86;0;30442.6875
2026-07-01 03:31:00.000;2026-07-01 03:31:59.999;30443.5;30444.5;30438.125;30431.75;30434.5;30436.916666666668;47;0;30436.3125
2026-07-01 03:32:00.000;2026-07-01 03:32:59.999;30435.25;30439.25;30436.125;30433;30438.75;30437;31;0;30437.4375
2026-07-01 03:33:00.000;2026-07-01 03:33:59.999;30438.75;30448;30443.375;30438.75;30443;30443.25;80;0;30443.1875
2026-07-01 03:34:00.000;2026-07-01 03:34:59.999;30443;30444.75;30441.625;30438.5;30442.25;30441.833333333332;40;0;30441.9375
2026-07-01 03:35:00.000;2026-07-01 03:35:59.999;30443.75;30456;30449.875;30443.75;30455.5;30451.75;112;0;30452.6875
2026-07-01 03:36:00.000;2026-07-01 03:36:59.999;30455;30461.75;30457.875;30454;30459;30458.25;115;0;30458.4375
2026-07-01 03:37:00.000;2026-07-01 03:37:59.999;30459.25;30465;30461.125;30457.25;30457.75;30460;115;0;30459.4375
2026-07-01 03:38:00.000;2026-07-01 03:38:59.999;30457.25;30465.5;30460;30454.5;30459.25;30459.75;95;0;30459.625
2026-07-01 03:39:00.000;2026-07-01 03:39:59.999;30458.75;30465.75;30462.25;30458.75;30464.75;30463.083333333332;52;0;30463.5
2026-07-01 03:40:00.000;2026-07-01 03:40:59.999;30463;30468;30463.875;30459.75;30464;30463.916666666668;68;0;30463.9375
2026-07-01 03:41:00.000;2026-07-01 03:41:59.999;30463;30467.25;30461.875;30456.5;30459.25;30461;80;0;30460.5625
2026-07-01 03:42:00.000;2026-07-01 03:42:59.999;30456.25;30456.25;30451.875;30447.5;30449;30450.916666666668;117;0;30450.4375
2026-07-01 03:43:00.000;2026-07-01 03:43:59.999;30447.75;30454.5;30451.125;30447.75;30453.5;30451.916666666668;46;0;30452.3125
2026-07-01 03:44:00.000;2026-07-01 03:44:59.999;30452.25;30453;30449.5;30446;30448.75;30449.25;43;0;30449.125
2026-07-01 03:45:00.000;2026-07-01 03:45:59.999;30450.25;30456.5;30453.125;30449.75;30453;30453.083333333332;45;0;30453.0625
2026-07-01 03:46:00.000;2026-07-01 03:46:59.999;30454.5;30464.75;30459.625;30454.5;30463.75;30461;69;0;30461.6875
2026-07-01 03:47:00.000;2026-07-01 03:47:59.999;30464;30469.5;30466.75;30464;30466.75;30466.75;75;0;30466.75
2026-07-01 03:48:00.000;2026-07-01 03:48:59.999;30465.25;30466.5;30464.75;30463;30465;30464.833333333332;38;0;30464.875
2026-07-01 03:49:00.000;2026-07-01 03:49:59.999;30464.5;30469.75;30467.125;30464.5;30468;30467.416666666668;54;0;30467.5625
2026-07-01 03:50:00.000;2026-07-01 03:50:59.999;30468.75;30473.25;30470.5;30467.75;30472;30471;83;0;30471.25
2026-07-01 03:51:00.000;2026-07-01 03:51:59.999;30471.25;30475.5;30472.75;30470;30473.75;30473.083333333332;59;0;30473.25
2026-07-01 03:52:00.000;2026-07-01 03:52:59.999;30474.25;30477.75;30475.375;30473;30473.25;30474.666666666668;57;0;30474.3125
2026-07-01 03:53:00.000;2026-07-01 03:53:59.999;30473.25;30474.75;30472.75;30470.75;30470.75;30472.083333333332;27;0;30471.75
2026-07-01 03:54:00.000;2026-07-01 03:54:59.999;30471.5;30473;30471.375;30469.75;30470;30470.916666666668;48;0;30470.6875
2026-07-01 03:55:00.000;2026-07-01 03:55:59.999;30469.75;30470;30465.5;30461;30466;30465.666666666668;101;0;30465.75
2026-07-01 03:56:00.000;2026-07-01 03:56:59.999;30466;30469;30466.625;30464.25;30469;30467.416666666668;57;0;30467.8125
2026-07-01 03:57:00.000;2026-07-01 03:57:59.999;30469.5;30469.5;30467.875;30466.25;30469.25;30468.333333333332;27;0;30468.5625
2026-07-01 03:58:00.000;2026-07-01 03:58:59.999;30467.5;30469.25;30467.625;30466;30466.75;30467.333333333332;40;0;30467.1875
2026-07-01 03:59:00.000;2026-07-01 03:59:59.999;30466.5;30469.25;30467.375;30465.5;30467;30467.25;29;0;30467.1875
2026-07-01 04:00:00.000;2026-07-01 04:00:59.999;30467.25;30467.5;30460.875;30454.25;30455.25;30459;105;0;30458.0625
2026-07-01 04:01:00.000;2026-07-01 04:01:59.999;30454;30454.75;30450.75;30446.75;30448.25;30449.916666666668;136;0;30449.5
2026-07-01 04:02:00.000;2026-07-01 04:02:59.999;30449.75;30450.25;30446.125;30442;30443;30445.083333333332;96;0;30444.5625
2026-07-01 04:03:00.000;2026-07-01 04:03:59.999;30443.25;30447.5;30444.875;30442.25;30446;30445.25;53;0;30445.4375
2026-07-01 04:04:00.000;2026-07-01 04:04:59.999;30446;30453.75;30449.875;30446;30452.25;30450.666666666668;56;0;30451.0625
2026-07-01 04:05:00.000;2026-07-01 04:05:59.999;30451.25;30456.25;30453.625;30451;30453.5;30453.583333333332;45;0;30453.5625
2026-07-01 04:06:00.000;2026-07-01 04:06:59.999;30455;30455.75;30452.25;30448.75;30449.25;30451.25;38;0;30450.75
2026-07-01 04:07:00.000;2026-07-01 04:07:59.999;30449.75;30458.75;30453.25;30447.75;30454.5;30453.666666666668;65;0;30453.875
2026-07-01 04:08:00.000;2026-07-01 04:08:59.999;30453.5;30454.75;30452.625;30450.5;30453.25;30452.833333333332;28;0;30452.9375
2026-07-01 04:09:00.000;2026-07-01 04:09:59.999;30452.25;30453.25;30451.25;30449.25;30451;30451.166666666668;34;0;30451.125
2026-07-01 04:10:00.000;2026-07-01 04:10:59.999;30451;30454.5;30451;30447.5;30447.5;30449.833333333332;45;0;30449.25
2026-07-01 04:11:00.000;2026-07-01 04:11:59.999;30449.75;30450;30447.75;30445.5;30447;30447.5;55;0;30447.375
2026-07-01 04:12:00.000;2026-07-01 04:12:59.999;30447;30448.75;30446;30443.25;30445.5;30445.833333333332;91;0;30445.75
2026-07-01 04:13:00.000;2026-07-01 04:13:59.999;30445.5;30447;30443.75;30440.5;30440.75;30442.75;45;0;30442.25
2026-07-01 04:14:00.000;2026-07-01 04:14:59.999;30441.75;30441.75;30437.5;30433.25;30437;30437.333333333332;132;0;30437.25
2026-07-01 04:15:00.000;2026-07-01 04:15:59.999;30436.5;30440;30435.5;30431;30438.5;30436.5;101;0;30437
2026-07-01 04:16:00.000;2026-07-01 04:16:59.999;30438.5;30441.75;30438.875;30436;30439.5;30439.083333333332;90;0;30439.1875
2026-07-01 04:17:00.000;2026-07-01 04:17:59.999;30438.5;30439.5;30435.375;30431.25;30437;30435.916666666668;52;0;30436.1875
2026-07-01 04:18:00.000;2026-07-01 04:18:59.999;30435.75;30439.5;30437;30434.5;30434.5;30436.166666666668;20;0;30435.75
2026-07-01 04:19:00.000;2026-07-01 04:19:59.999;30435.25;30437.25;30436.125;30435;30436;30436.083333333332;40;0;30436.0625
2026-07-01 04:20:00.000;2026-07-01 04:20:59.999;30435.5;30439.75;30434.375;30429;30439.5;30436.083333333332;83;0;30436.9375
2026-07-01 04:21:00.000;2026-07-01 04:21:59.999;30438;30438;30436.25;30434.5;30436.5;30436.333333333332;17;0;30436.375
2026-07-01 04:22:00.000;2026-07-01 04:22:59.999;30439;30445.75;30441.875;30438;30442.25;30442;56;0;30442.0625
2026-07-01 04:23:00.000;2026-07-01 04:23:59.999;30442.75;30449.75;30445.625;30441.5;30444.75;30445.333333333332;77;0;30445.1875
2026-07-01 04:24:00.000;2026-07-01 04:24:59.999;30444.25;30453.5;30447.75;30442;30442.5;30446;179;0;30445.125
2026-07-01 04:25:00.000;2026-07-01 04:25:59.999;30442.5;30444.75;30441.875;30439;30442.5;30442.083333333332;63;0;30442.1875
2026-07-01 04:26:00.000;2026-07-01 04:26:59.999;30441.5;30446.25;30443.75;30441.25;30446.25;30444.583333333332;31;0;30445
2026-07-01 04:27:00.000;2026-07-01 04:27:59.999;30448.25;30454.25;30449.75;30445.25;30451.25;30450.25;80;0;30450.5
2026-07-01 04:28:00.000;2026-07-01 04:28:59.999;30450.25;30456;30451.625;30447.25;30451.5;30451.583333333332;77;0;30451.5625
2026-07-01 04:29:00.000;2026-07-01 04:29:59.999;30452;30454.25;30452.625;30451;30451;30452.083333333332;31;0;30451.8125
2026-07-01 04:30:00.000;2026-07-01 04:30:59.999;30452.25;30456.75;30453.25;30449.75;30451.25;30452.583333333332;63;0;30452.25
2026-07-01 04:31:00.000;2026-07-01 04:31:59.999;30452.25;30456.25;30453.75;30451.25;30452.75;30453.416666666668;32;0;30453.25
2026-07-01 04:32:00.000;2026-07-01 04:32:59.999;30451.5;30456.75;30453;30449.25;30455.75;30453.916666666668;44;0;30454.375
2026-07-01 04:33:00.000;2026-07-01 04:33:59.999;30455.5;30455.75;30453;30450.25;30453;30453;32;0;30453
2026-07-01 04:34:00.000;2026-07-01 04:34:59.999;30452;30456.25;30454;30451.75;30454.25;30454.083333333332;21;0;30454.125
2026-07-01 04:35:00.000;2026-07-01 04:35:59.999;30453.75;30453.75;30448.5;30443.25;30443.25;30446.75;25;0;30445.875
2026-07-01 04:36:00.000;2026-07-01 04:36:59.999;30442.75;30444;30438.375;30432.75;30442.5;30439.75;138;0;30440.4375
2026-07-01 04:37:00.000;2026-07-01 04:37:59.999;30442.25;30443.75;30440.375;30437;30438.5;30439.75;30;0;30439.4375
2026-07-01 04:38:00.000;2026-07-01 04:38:59.999;30441.25;30447;30444;30441;30445;30444.333333333332;30;0;30444.5
2026-07-01 04:39:00.000;2026-07-01 04:39:59.999;30445.25;30446.25;30442.25;30438.25;30440;30441.5;27;0;30441.125
2026-07-01 04:40:00.000;2026-07-01 04:40:59.999;30439.75;30457;30447.5;30438;30455;30450;79;0;30451.25
2026-07-01 04:41:00.000;2026-07-01 04:41:59.999;30456.5;30459;30456.75;30454.5;30455.5;30456.333333333332;50;0;30456.125
2026-07-01 04:42:00.000;2026-07-01 04:42:59.999;30455.75;30460.75;30458;30455.25;30459.25;30458.416666666668;49;0;30458.625
2026-07-01 04:43:00.000;2026-07-01 04:43:59.999;30458;30460.5;30458.5;30456.5;30457.5;30458.166666666668;37;0;30458
2026-07-01 04:44:00.000;2026-07-01 04:44:59.999;30457.5;30457.5;30454.375;30451.25;30451.25;30453.333333333332;27;0;30452.8125
2026-07-01 04:45:00.000;2026-07-01 04:45:59.999;30454.25;30466;30460.125;30454.25;30466;30462.083333333332;78;0;30463.0625
2026-07-01 04:46:00.000;2026-07-01 04:46:59.999;30463.75;30467.75;30465.25;30462.75;30463.75;30464.75;81;0;30464.5
2026-07-01 04:47:00.000;2026-07-01 04:47:59.999;30463.25;30467.5;30464.75;30462;30463.5;30464.333333333332;35;0;30464.125
2026-07-01 04:48:00.000;2026-07-01 04:48:59.999;30464.75;30469.75;30467.25;30464.75;30468.5;30467.666666666668;61;0;30467.875
2026-07-01 04:49:00.000;2026-07-01 04:49:59.999;30467.5;30468;30465.875;30463.75;30466.25;30466;32;0;30466.0625
2026-07-01 04:50:00.000;2026-07-01 04:50:59.999;30467;30469;30466.5;30464;30468;30467;57;0;30467.25
2026-07-01 04:51:00.000;2026-07-01 04:51:59.999;30467.75;30474.5;30469.875;30465.25;30471.75;30470.5;94;0;30470.8125
2026-07-01 04:52:00.000;2026-07-01 04:52:59.999;30471;30471;30468.25;30465.5;30466.5;30467.666666666668;44;0;30467.375
2026-07-01 04:53:00.000;2026-07-01 04:53:59.999;30467.5;30470;30468;30466;30468.5;30468.166666666668;19;0;30468.25
2026-07-01 04:54:00.000;2026-07-01 04:54:59.999;30469.5;30470.75;30469.25;30467.75;30470.75;30469.75;19;0;30470
2026-07-01 04:55:00.000;2026-07-01 04:55:59.999;30470;30472.75;30468.875;30465;30465.5;30467.75;33;0;30467.1875
2026-07-01 04:56:00.000;2026-07-01 04:56:59.999;30463;30463;30459.875;30456.75;30459.5;30459.75;85;0;30459.6875
2026-07-01 04:57:00.000;2026-07-01 04:57:59.999;30459.25;30459.25;30454.375;30449.5;30449.5;30452.75;66;0;30451.9375
2026-07-01 04:58:00.000;2026-07-01 04:58:59.999;30448.25;30451.75;30448.875;30446;30451.75;30449.833333333332;75;0;30450.3125
2026-07-01 04:59:00.000;2026-07-01 04:59:59.999;30448.75;30448.75;30445.125;30441.5;30443.5;30444.583333333332;103;0;30444.3125
2026-07-01 05:00:00.000;2026-07-01 05:00:59.999;30445.75;30447.5;30444.875;30442.25;30445.25;30445;64;0;30445.0625
2026-07-01 05:01:00.000;2026-07-01 05:01:59.999;30445.5;30448.5;30442.875;30437.25;30438.5;30441.416666666668;74;0;30440.6875
2026-07-01 05:02:00.000;2026-07-01 05:02:59.999;30438.75;30441.75;30438.625;30435.5;30436.75;30438;62;0;30437.6875
2026-07-01 05:03:00.000;2026-07-01 05:03:59.999;30437.25;30442.5;30439.625;30436.75;30442.5;30440.583333333332;22;0;30441.0625
2026-07-01 05:04:00.000;2026-07-01 05:04:59.999;30441;30446.25;30443.625;30441;30446.25;30444.5;40;0;30444.9375
2026-07-01 05:05:00.000;2026-07-01 05:05:59.999;30445.75;30452.5;30448.625;30444.75;30451.5;30449.583333333332;39;0;30450.0625
2026-07-01 05:06:00.000;2026-07-01 05:06:59.999;30450.5;30456;30453.25;30450.5;30453;30453.166666666668;46;0;30453.125
2026-07-01 05:07:00.000;2026-07-01 05:07:59.999;30453.75;30461.75;30457.625;30453.5;30459.5;30458.25;44;0;30458.5625
2026-07-01 05:08:00.000;2026-07-01 05:08:59.999;30459.75;30463;30460.25;30457.5;30460;30460.166666666668;28;0;30460.125
2026-07-01 05:09:00.000;2026-07-01 05:09:59.999;30459.25;30460.25;30455;30449.75;30449.75;30453.25;36;0;30452.375
2026-07-01 05:10:00.000;2026-07-01 05:10:59.999;30450;30450;30445.375;30440.75;30445.5;30445.416666666668;80;0;30445.4375
2026-07-01 05:11:00.000;2026-07-01 05:11:59.999;30443.75;30446.5;30443.25;30440;30442.25;30442.916666666668;62;0;30442.75
2026-07-01 05:12:00.000;2026-07-01 05:12:59.999;30441.75;30445.25;30442.875;30440.5;30442;30442.583333333332;27;0;30442.4375
2026-07-01 05:13:00.000;2026-07-01 05:13:59.999;30443.25;30447.5;30445.375;30443.25;30444.25;30445;37;0;30444.8125
2026-07-01 05:14:00.000;2026-07-01 05:14:59.999;30444;30446.5;30445.25;30444;30446.5;30445.666666666668;14;0;30445.875
2026-07-01 05:15:00.000;2026-07-01 05:15:59.999;30444.25;30449.5;30446.375;30443.25;30443.25;30445.333333333332;39;0;30444.8125
2026-07-01 05:16:00.000;2026-07-01 05:16:59.999;30444.25;30450.5;30445.875;30441.25;30449.25;30447;55;0;30447.5625
2026-07-01 05:17:00.000;2026-07-01 05:17:59.999;30447.5;30450.75;30448;30445.25;30449.25;30448.416666666668;33;0;30448.625
2026-07-01 05:18:00.000;2026-07-01 05:18:59.999;30449.5;30450.75;30445.375;30440;30444.25;30445;28;0;30444.8125
2026-07-01 05:19:00.000;2026-07-01 05:19:59.999;30443.25;30449;30446.125;30443.25;30448.25;30446.833333333332;59;0;30447.1875
2026-07-01 05:20:00.000;2026-07-01 05:20:59.999;30448;30448;30443;30438;30439.75;30441.916666666668;51;0;30441.375
2026-07-01 05:21:00.000;2026-07-01 05:21:59.999;30438.75;30440.5;30437.25;30434;30436;30436.833333333332;73;0;30436.625
2026-07-01 05:22:00.000;2026-07-01 05:22:59.999;30435.75;30436.5;30433.5;30430.5;30434.5;30433.833333333332;103;0;30434
2026-07-01 05:23:00.000;2026-07-01 05:23:59.999;30433;30436.5;30432.875;30429.25;30435.75;30433.833333333332;97;0;30434.3125
2026-07-01 05:24:00.000;2026-07-01 05:24:59.999;30436;30442.75;30439.375;30436;30440.25;30439.666666666668;91;0;30439.8125
2026-07-01 05:25:00.000;2026-07-01 05:25:59.999;30440;30441.25;30438.125;30435;30437.25;30437.833333333332;77;0;30437.6875
2026-07-01 05:26:00.000;2026-07-01 05:26:59.999;30437.75;30438.25;30435;30431.75;30433.25;30434.416666666668;41;0;30434.125
2026-07-01 05:27:00.000;2026-07-01 05:27:59.999;30433.5;30438.5;30435.5;30432.5;30436.75;30435.916666666668;33;0;30436.125
2026-07-01 05:28:00.000;2026-07-01 05:28:59.999;30436;30440.25;30437.875;30435.5;30439.25;30438.333333333332;23;0;30438.5625
2026-07-01 05:29:00.000;2026-07-01 05:29:59.999;30438;30441;30435.375;30429.75;30436.75;30435.833333333332;64;0;30436.0625
2026-07-01 05:30:00.000;2026-07-01 05:30:59.999;30436;30437.5;30435;30432.5;30436;30435.333333333332;52;0;30435.5
2026-07-01 05:31:00.000;2026-07-01 05:31:59.999;30436;30442;30438.25;30434.5;30435.25;30437.25;42;0;30436.75
2026-07-01 05:32:00.000;2026-07-01 05:32:59.999;30435.5;30446.75;30440.25;30433.75;30442;30440.833333333332;104;0;30441.125
2026-07-01 05:33:00.000;2026-07-01 05:33:59.999;30442;30445.75;30442.375;30439;30442.5;30442.416666666668;35;0;30442.4375
2026-07-01 05:34:00.000;2026-07-01 05:34:59.999;30438;30438;30433;30428;30434;30433.333333333332;81;0;30433.5
2026-07-01 05:35:00.000;2026-07-01 05:35:59.999;30435.25;30437.5;30435.25;30433;30433;30434.5;41;0;30434.125
2026-07-01 05:36:00.000;2026-07-01 05:36:59.999;30433.25;30435.25;30430.75;30426.25;30432;30431.166666666668;48;0;30431.375
2026-07-01 05:37:00.000;2026-07-01 05:37:59.999;30430.25;30430.5;30427;30423.5;30427.75;30427.25;96;0;30427.375
2026-07-01 05:38:00.000;2026-07-01 05:38:59.999;30426.5;30431.25;30426.75;30422.25;30429.75;30427.75;69;0;30428.25
2026-07-01 05:39:00.000;2026-07-01 05:39:59.999;30430.25;30436;30432.25;30428.5;30435.25;30433.25;48;0;30433.75
2026-07-01 05:40:00.000;2026-07-01 05:40:59.999;30436.75;30448.5;30442.5;30436.5;30447.5;30444.166666666668;136;0;30445
2026-07-01 05:41:00.000;2026-07-01 05:41:59.999;30447.25;30450.75;30448.5;30446.25;30449.25;30448.75;86;0;30448.875
2026-07-01 05:42:00.000;2026-07-01 05:42:59.999;30450.25;30452.25;30448.625;30445;30446.75;30448;69;0;30447.6875
2026-07-01 05:43:00.000;2026-07-01 05:43:59.999;30445.5;30446.25;30443.875;30441.5;30441.75;30443.166666666668;26;0;30442.8125
2026-07-01 05:44:00.000;2026-07-01 05:44:59.999;30440.25;30440.25;30435.75;30431.25;30436.5;30436;74;0;30436.125
2026-07-01 05:45:00.000;2026-07-01 05:45:59.999;30435.5;30437.75;30433.875;30430;30433.5;30433.75;53;0;30433.6875
2026-07-01 05:46:00.000;2026-07-01 05:46:59.999;30432;30441.5;30434.375;30427.25;30441.5;30436.75;56;0;30437.9375
2026-07-01 05:47:00.000;2026-07-01 05:47:59.999;30443.75;30445.25;30440.5;30435.75;30436.75;30439.25;51;0;30438.625
2026-07-01 05:48:00.000;2026-07-01 05:48:59.999;30435.25;30440;30436.75;30433.5;30434.75;30436.083333333332;32;0;30435.75
2026-07-01 05:49:00.000;2026-07-01 05:49:59.999;30435;30436.5;30430.75;30425;30426;30429.166666666668;70;0;30428.375
2026-07-01 05:50:00.000;2026-07-01 05:50:59.999;30425.25;30432.5;30428.25;30424;30430.75;30429.083333333332;55;0;30429.5
2026-07-01 05:51:00.000;2026-07-01 05:51:59.999;30432;30440.75;30436.375;30432;30436.5;30436.416666666668;32;0;30436.4375
2026-07-01 05:52:00.000;2026-07-01 05:52:59.999;30438;30440;30435.125;30430.25;30433.25;30434.5;28;0;30434.1875
2026-07-01 05:53:00.000;2026-07-01 05:53:59.999;30433.25;30435.75;30433.25;30430.75;30432;30432.833333333332;22;0;30432.625
2026-07-01 05:54:00.000;2026-07-01 05:54:59.999;30431;30432;30430;30428;30431.5;30430.5;21;0;30430.75
2026-07-01 05:55:00.000;2026-07-01 05:55:59.999;30430.25;30431.75;30429.875;30428;30430.25;30430;18;0;30430.0625
2026-07-01 05:56:00.000;2026-07-01 05:56:59.999;30431.25;30438.25;30434.25;30430.25;30435.25;30434.583333333332;52;0;30434.75
2026-07-01 05:57:00.000;2026-07-01 05:57:59.999;30436.25;30438.25;30436.375;30434.5;30436.5;30436.416666666668;56;0;30436.4375
2026-07-01 05:58:00.000;2026-07-01 05:58:59.999;30437.75;30439;30434.375;30429.75;30429.75;30432.833333333332;32;0;30432.0625
2026-07-01 05:59:00.000;2026-07-01 05:59:59.999;30430.75;30430.75;30429.625;30428.5;30429.5;30429.583333333332;21;0;30429.5625
2026-07-01 06:00:00.000;2026-07-01 06:00:59.999;30430;30444;30436.25;30428.5;30440.25;30437.583333333332;154;0;30438.25
2026-07-01 06:01:00.000;2026-07-01 06:01:59.999;30436.5;30437.25;30430.125;30423;30424.5;30428.25;236;0;30427.3125
2026-07-01 06:02:00.000;2026-07-01 06:02:59.999;30424.75;30425;30420.125;30415.25;30420.5;30420.25;188;0;30420.3125
2026-07-01 06:03:00.000;2026-07-01 06:03:59.999;30419.5;30423.25;30416.75;30410.25;30412.75;30415.416666666668;150;0;30414.75
2026-07-01 06:04:00.000;2026-07-01 06:04:59.999;30413.75;30424.25;30419;30413.75;30415.5;30417.833333333332;145;0;30417.25
2026-07-01 06:05:00.000;2026-07-01 06:05:59.999;30415;30426;30420.5;30415;30420.75;30420.583333333332;155;0;30420.625
2026-07-01 06:06:00.000;2026-07-01 06:06:59.999;30422.25;30422.25;30419.5;30416.75;30419.75;30419.583333333332;46;0;30419.625
2026-07-01 06:07:00.000;2026-07-01 06:07:59.999;30417.75;30417.75;30413.75;30409.75;30413.75;30413.75;99;0;30413.75
2026-07-01 06:08:00.000;2026-07-01 06:08:59.999;30413;30420.75;30415.375;30410;30412.5;30414.416666666668;170;0;30413.9375
2026-07-01 06:09:00.000;2026-07-01 06:09:59.999;30413.5;30420.5;30415.25;30410;30416;30415.5;199;0;30415.625
2026-07-01 06:10:00.000;2026-07-01 06:10:59.999;30415.5;30423;30416.875;30410.75;30421.25;30418.333333333332;150;0;30419.0625
2026-07-01 06:11:00.000;2026-07-01 06:11:59.999;30421.75;30427.25;30423.75;30420.25;30424.25;30423.916666666668;93;0;30424
2026-07-01 06:12:00.000;2026-07-01 06:12:59.999;30423.75;30423.75;30416.25;30408.75;30413;30415.166666666668;156;0;30414.625
2026-07-01 06:13:00.000;2026-07-01 06:13:59.999;30414.5;30415;30410.125;30405.25;30406.5;30408.916666666668;48;0;30408.3125
2026-07-01 06:14:00.000;2026-07-01 06:14:59.999;30406;30409.25;30407.125;30405;30408.25;30407.5;63;0;30407.6875
2026-07-01 06:15:00.000;2026-07-01 06:15:59.999;30408;30416.5;30407.5;30398.5;30403;30406;451;0;30405.25
2026-07-01 06:16:00.000;2026-07-01 06:16:59.999;30403;30408.5;30403.25;30398;30406.25;30404.25;117;0;30404.75
2026-07-01 06:17:00.000;2026-07-01 06:17:59.999;30406.25;30408.25;30401.25;30394.25;30395.75;30399.416666666668;137;0;30398.5
2026-07-01 06:18:00.000;2026-07-01 06:18:59.999;30395.25;30398.5;30394.875;30391.25;30396;30395.25;202;0;30395.4375
2026-07-01 06:19:00.000;2026-07-01 06:19:59.999;30396;30397;30394.125;30391.25;30392;30393.416666666668;146;0;30393.0625
2026-07-01 06:20:00.000;2026-07-01 06:20:59.999;30391.5;30398;30394.625;30391.25;30393.75;30394.333333333332;107;0;30394.1875
2026-07-01 06:21:00.000;2026-07-01 06:21:59.999;30392.75;30393.5;30390.25;30387;30391.25;30390.583333333332;128;0;30390.75
2026-07-01 06:22:00.000;2026-07-01 06:22:59.999;30390.75;30392.5;30389.875;30387.25;30388.5;30389.416666666668;117;0;30389.1875
2026-07-01 06:23:00.000;2026-07-01 06:23:59.999;30388.75;30389.25;30387.125;30385;30386.5;30386.916666666668;103;0;30386.8125
2026-07-01 06:24:00.000;2026-07-01 06:24:59.999;30387.25;30387.5;30383.5;30379.5;30382;30383;201;0;30382.75
2026-07-01 06:25:00.000;2026-07-01 06:25:59.999;30381.5;30381.75;30375.875;30370;30370.5;30374.083333333332;323;0;30373.1875
2026-07-01 06:26:00.000;2026-07-01 06:26:59.999;30370.25;30376;30370.25;30364.5;30376;30372.166666666668;350;0;30373.125
2026-07-01 06:27:00.000;2026-07-01 06:27:59.999;30375.75;30388.25;30380.125;30372;30388;30382.75;221;0;30384.0625
2026-07-01 06:28:00.000;2026-07-01 06:28:59.999;30387;30393.75;30389;30384.25;30393.25;30390.416666666668;233;0;30391.125
2026-07-01 06:29:00.000;2026-07-01 06:29:59.999;30393.5;30397.75;30394.5;30391.25;30395;30394.666666666668;116;0;30394.75
2026-07-01 06:30:00.000;2026-07-01 06:30:59.999;30396;30406.5;30401.25;30396;30406.5;30403;240;0;30403.875
2026-07-01 06:31:00.000;2026-07-01 06:31:59.999;30405;30410;30405.25;30400.5;30403;30404.5;114;0;30404.125
2026-07-01 06:32:00.000;2026-07-01 06:32:59.999;30403.75;30406.75;30402.5;30398.25;30399.75;30401.583333333332;87;0;30401.125
2026-07-01 06:33:00.000;2026-07-01 06:33:59.999;30399;30405.5;30400.625;30395.75;30398;30399.75;73;0;30399.3125
2026-07-01 06:34:00.000;2026-07-01 06:34:59.999;30395.75;30401;30396.75;30392.5;30394.75;30396.083333333332;88;0;30395.75
2026-07-01 06:35:00.000;2026-07-01 06:35:59.999;30394;30395.75;30391.875;30388;30389.5;30391.083333333332;90;0;30390.6875
2026-07-01 06:36:00.000;2026-07-01 06:36:59.999;30389.25;30398.75;30394;30389.25;30397.25;30395.083333333332;95;0;30395.625
2026-07-01 06:37:00.000;2026-07-01 06:37:59.999;30396.5;30396.75;30393.375;30390;30393;30393.25;52;0;30393.1875
2026-07-01 06:38:00.000;2026-07-01 06:38:59.999;30395;30397.25;30393.125;30389;30391.5;30392.583333333332;54;0;30392.3125
2026-07-01 06:39:00.000;2026-07-01 06:39:59.999;30392.25;30399;30394.875;30390.75;30395;30394.916666666668;92;0;30394.9375
2026-07-01 06:40:00.000;2026-07-01 06:40:59.999;30392.5;30393.5;30390.75;30388;30391.25;30390.916666666668;94;0;30391
2026-07-01 06:41:00.000;2026-07-01 06:41:59.999;30390.75;30391.25;30388.5;30385.75;30387.5;30388.166666666668;97;0;30388
2026-07-01 06:42:00.000;2026-07-01 06:42:59.999;30387.75;30390.5;30387;30383.5;30385.75;30386.583333333332;109;0;30386.375
2026-07-01 06:43:00.000;2026-07-01 06:43:59.999;30384.75;30396;30390;30384;30392.25;30390.75;112;0;30391.125
2026-07-01 06:44:00.000;2026-07-01 06:44:59.999;30392;30407.25;30399.625;30392;30407.25;30402.166666666668;240;0;30403.4375
2026-07-01 06:45:00.000;2026-07-01 06:45:59.999;30407.25;30408;30404.625;30401.25;30405.75;30405;249;0;30405.1875
2026-07-01 06:46:00.000;2026-07-01 06:46:59.999;30405.25;30411.25;30408;30404.75;30409.75;30408.583333333332;158;0;30408.875
2026-07-01 06:47:00.000;2026-07-01 06:47:59.999;30409;30417.5;30412;30406.5;30417.5;30413.833333333332;153;0;30414.75
2026-07-01 06:48:00.000;2026-07-01 06:48:59.999;30416.5;30418.25;30416.5;30414.75;30415;30416;48;0;30415.75
2026-07-01 06:49:00.000;2026-07-01 06:49:59.999;30415.25;30419.75;30416.625;30413.5;30414;30415.75;51;0;30415.3125
2026-07-01 06:50:00.000;2026-07-01 06:50:59.999;30414;30416.5;30412.25;30408;30408.75;30411.083333333332;164;0;30410.5
2026-07-01 06:51:00.000;2026-07-01 06:51:59.999;30410;30410;30404.75;30399.5;30402.75;30404.083333333332;140;0;30403.75
2026-07-01 06:52:00.000;2026-07-01 06:52:59.999;30402.25;30406.75;30403.5;30400.25;30406.75;30404.583333333332;76;0;30405.125
2026-07-01 06:53:00.000;2026-07-01 06:53:59.999;30406.25;30409.25;30405.5;30401.75;30403;30404.666666666668;55;0;30404.25
2026-07-01 06:54:00.000;2026-07-01 06:54:59.999;30401.5;30402;30399.25;30396.5;30397.5;30398.666666666668;74;0;30398.375
2026-07-01 06:55:00.000;2026-07-01 06:55:59.999;30397.5;30397.5;30392.125;30386.75;30386.75;30390.333333333332;138;0;30389.4375
2026-07-01 06:56:00.000;2026-07-01 06:56:59.999;30387.25;30389.75;30385.375;30381;30385;30385.25;184;0;30385.1875
2026-07-01 06:57:00.000;2026-07-01 06:57:59.999;30384.25;30389.25;30385.625;30382;30387;30386.083333333332;60;0;30386.3125
2026-07-01 06:58:00.000;2026-07-01 06:58:59.999;30387;30391;30387.875;30384.75;30390.75;30388.833333333332;75;0;30389.3125
2026-07-01 06:59:00.000;2026-07-01 06:59:59.999;30388;30392.25;30389;30385.75;30391.5;30389.833333333332;130;0;30390.25
2026-07-01 07:00:00.000;2026-07-01 07:00:59.999;30391.75;30394.75;30385.875;30377;30378.25;30383.333333333332;301;0;30382.0625
2026-07-01 07:01:00.000;2026-07-01 07:01:59.999;30377;30379.25;30373.5;30367.75;30368.75;30371.916666666668;256;0;30371.125
2026-07-01 07:02:00.000;2026-07-01 07:02:59.999;30368;30371.5;30366.5;30361.5;30367.5;30366.833333333332;270;0;30367
2026-07-01 07:03:00.000;2026-07-01 07:03:59.999;30368.75;30370;30364;30358;30361;30363;301;0;30362.5
2026-07-01 07:04:00.000;2026-07-01 07:04:59.999;30361.75;30377;30368.5;30360;30369.5;30368.833333333332;270;0;30369
2026-07-01 07:05:00.000;2026-07-01 07:05:59.999;30370.25;30373.5;30368.5;30363.5;30367.5;30368.166666666668;355;0;30368
2026-07-01 07:06:00.000;2026-07-01 07:06:59.999;30367.75;30368;30358.25;30348.5;30352;30356.166666666668;329;0;30355.125
2026-07-01 07:07:00.000;2026-07-01 07:07:59.999;30350.5;30353;30350.375;30347.75;30348.5;30349.75;91;0;30349.4375
2026-07-01 07:08:00.000;2026-07-01 07:08:59.999;30347.75;30357.75;30351.625;30345.5;30353.5;30352.25;164;0;30352.5625
2026-07-01 07:09:00.000;2026-07-01 07:09:59.999;30353.5;30359.75;30355.75;30351.75;30353.75;30355.083333333332;111;0;30354.75
2026-07-01 07:10:00.000;2026-07-01 07:10:59.999;30353;30353;30346.5;30340;30342.75;30345.25;167;0;30344.625
2026-07-01 07:11:00.000;2026-07-01 07:11:59.999;30343.5;30344.25;30340.125;30336;30339.75;30340;165;0;30339.9375
2026-07-01 07:12:00.000;2026-07-01 07:12:59.999;30339;30354.5;30346.75;30339;30344;30345.833333333332;320;0;30345.375
2026-07-01 07:13:00.000;2026-07-01 07:13:59.999;30343.75;30344.75;30336.625;30328.5;30331.25;30334.833333333332;275;0;30333.9375
2026-07-01 07:14:00.000;2026-07-01 07:14:59.999;30331.75;30336.5;30332.25;30328;30334.25;30332.916666666668;143;0;30333.25
2026-07-01 07:15:00.000;2026-07-01 07:15:59.999;30334;30338.75;30331.375;30324;30325.25;30329.333333333332;217;0;30328.3125
2026-07-01 07:16:00.000;2026-07-01 07:16:59.999;30326.5;30335.25;30329.625;30324;30325.75;30328.333333333332;186;0;30327.6875
2026-07-01 07:17:00.000;2026-07-01 07:17:59.999;30326.75;30333.75;30324.375;30315;30315.5;30321.416666666668;304;0;30319.9375
2026-07-01 07:18:00.000;2026-07-01 07:18:59.999;30315.75;30316;30307.5;30299;30312;30309;601;0;30309.75
2026-07-01 07:19:00.000;2026-07-01 07:19:59.999;30311.5;30322.25;30315.25;30308.25;30322;30317.5;195;0;30318.625
2026-07-01 07:20:00.000;2026-07-01 07:20:59.999;30321.75;30324.75;30313.625;30302.5;30304.25;30310.5;289;0;30308.9375
2026-07-01 07:21:00.000;2026-07-01 07:21:59.999;30304;30336.5;30320.25;30304;30335;30325.166666666668;248;0;30327.625
2026-07-01 07:22:00.000;2026-07-01 07:22:59.999;30336.5;30344.75;30339.125;30333.5;30340.5;30339.583333333332;194;0;30339.8125
2026-07-01 07:23:00.000;2026-07-01 07:23:59.999;30339.25;30352.25;30343.875;30335.5;30351.25;30346.333333333332;292;0;30347.5625
2026-07-01 07:24:00.000;2026-07-01 07:24:59.999;30351.25;30351.25;30346.75;30342.25;30348.75;30347.416666666668;134;0;30347.75
2026-07-01 07:25:00.000;2026-07-01 07:25:59.999;30346.75;30355.25;30350.125;30345;30351.75;30350.666666666668;147;0;30350.9375
2026-07-01 07:26:00.000;2026-07-01 07:26:59.999;30351;30353.5;30349.125;30344.75;30353;30350.416666666668;136;0;30351.0625
2026-07-01 07:27:00.000;2026-07-01 07:27:59.999;30352.75;30358.5;30355.5;30352.5;30357.25;30356.083333333332;112;0;30356.375
2026-07-01 07:28:00.000;2026-07-01 07:28:59.999;30356.75;30357.75;30353.75;30349.75;30351.25;30352.916666666668;126;0;30352.5
2026-07-01 07:29:00.000;2026-07-01 07:29:59.999;30351.75;30353;30348.5;30344;30350;30349;154;0;30349.25
2026-07-01 07:30:00.000;2026-07-01 07:30:59.999;30350;30355;30350;30345;30347.75;30349.25;83;0;30348.875
2026-07-01 07:31:00.000;2026-07-01 07:31:59.999;30347.75;30358.75;30353.25;30347.75;30355.25;30353.916666666668;211;0;30354.25
2026-07-01 07:32:00.000;2026-07-01 07:32:59.999;30355.75;30355.75;30352.625;30349.5;30352;30352.416666666668;57;0;30352.3125
2026-07-01 07:33:00.000;2026-07-01 07:33:59.999;30351;30359;30354.5;30350;30357.75;30355.583333333332;53;0;30356.125
2026-07-01 07:34:00.000;2026-07-01 07:34:59.999;30359;30363.75;30360.875;30358;30359.5;30360.416666666668;101;0;30360.1875
2026-07-01 07:35:00.000;2026-07-01 07:35:59.999;30359.75;30361.5;30355.625;30349.75;30351.5;30354.25;126;0;30353.5625
2026-07-01 07:36:00.000;2026-07-01 07:36:59.999;30353.25;30356.75;30354.625;30352.5;30354.25;30354.5;88;0;30354.4375
2026-07-01 07:37:00.000;2026-07-01 07:37:59.999;30354.5;30359.25;30356.625;30354;30356.25;30356.5;107;0;30356.4375
2026-07-01 07:38:00.000;2026-07-01 07:38:59.999;30356.5;30359.75;30355;30350.25;30352;30354;212;0;30353.5
2026-07-01 07:39:00.000;2026-07-01 07:39:59.999;30352;30369.25;30360;30350.75;30364.75;30361.583333333332;192;0;30362.375
2026-07-01 07:40:00.000;2026-07-01 07:40:59.999;30364.5;30366.25;30361.125;30356;30359.25;30360.5;54;0;30360.1875
2026-07-01 07:41:00.000;2026-07-01 07:41:59.999;30358.25;30366.75;30362.5;30358.25;30364;30363;81;0;30363.25
2026-07-01 07:42:00.000;2026-07-01 07:42:59.999;30365;30365;30362.25;30359.5;30359.5;30361.333333333332;24;0;30360.875
2026-07-01 07:43:00.000;2026-07-01 07:43:59.999;30359.25;30362.5;30359.25;30356;30359.5;30359.333333333332;84;0;30359.375
2026-07-01 07:44:00.000;2026-07-01 07:44:59.999;30360;30360;30357.375;30354.75;30356;30356.916666666668;37;0;30356.6875
2026-07-01 07:45:00.000;2026-07-01 07:45:59.999;30357.25;30362.25;30358.75;30355.25;30356;30357.833333333332;27;0;30357.375
2026-07-01 07:46:00.000;2026-07-01 07:46:59.999;30357.75;30357.75;30352.875;30348;30354;30353.25;144;0;30353.4375
2026-07-01 07:47:00.000;2026-07-01 07:47:59.999;30352.75;30361.75;30357.125;30352.5;30360.75;30358.333333333332;130;0;30358.9375
2026-07-01 07:48:00.000;2026-07-01 07:48:59.999;30358.5;30368.5;30363.375;30358.25;30368;30364.916666666668;96;0;30365.6875
2026-07-01 07:49:00.000;2026-07-01 07:49:59.999;30366.25;30376.5;30368.375;30360.25;30374.5;30370.416666666668;301;0;30371.4375
2026-07-01 07:50:00.000;2026-07-01 07:50:59.999;30375.25;30380.5;30372.5;30364.5;30368.5;30371.166666666668;242;0;30370.5
2026-07-01 07:51:00.000;2026-07-01 07:51:59.999;30368;30370.25;30365.125;30360;30360;30363.416666666668;91;0;30362.5625
2026-07-01 07:52:00.000;2026-07-01 07:52:59.999;30360.25;30363.5;30360.875;30358.25;30361.5;30361.083333333332;34;0;30361.1875
2026-07-01 07:53:00.000;2026-07-01 07:53:59.999;30360.75;30376.5;30368.625;30360.75;30376;30371.083333333332;108;0;30372.3125
2026-07-01 07:54:00.000;2026-07-01 07:54:59.999;30375;30378;30374.5;30371;30374.75;30374.583333333332;84;0;30374.625
2026-07-01 07:55:00.000;2026-07-01 07:55:59.999;30375.25;30382;30378.25;30374.5;30376.75;30377.75;80;0;30377.5
2026-07-01 07:56:00.000;2026-07-01 07:56:59.999;30376;30377.75;30375.25;30372.75;30373.5;30374.666666666668;52;0;30374.375
2026-07-01 07:57:00.000;2026-07-01 07:57:59.999;30373;30383;30377.125;30371.25;30383;30379.083333333332;44;0;30380.0625
2026-07-01 07:58:00.000;2026-07-01 07:58:59.999;30383;30383.75;30378;30372.25;30373.5;30376.5;136;0;30375.75
2026-07-01 07:59:00.000;2026-07-01 07:59:59.999;30373.5;30374.5;30372.375;30370.25;30374;30372.916666666668;39;0;30373.1875
2026-07-01 08:00:00.000;2026-07-01 08:00:59.999;30374.75;30376.75;30367.375;30358;30358;30364.25;299;0;30362.6875
2026-07-01 08:01:00.000;2026-07-01 08:01:59.999;30357.25;30363.5;30358.125;30352.75;30356.75;30357.666666666668;191;0;30357.4375
2026-07-01 08:02:00.000;2026-07-01 08:02:59.999;30357.75;30358.5;30353.25;30348;30348.5;30351.666666666668;177;0;30350.875
2026-07-01 08:03:00.000;2026-07-01 08:03:59.999;30350;30351.5;30345.625;30339.75;30342.5;30344.583333333332;207;0;30344.0625
2026-07-01 08:04:00.000;2026-07-01 08:04:59.999;30342.75;30353;30345.625;30338.25;30339.25;30343.5;153;0;30342.4375
2026-07-01 08:05:00.000;2026-07-01 08:05:59.999;30339.25;30349.25;30341.5;30333.75;30348;30343.666666666668;160;0;30344.75
2026-07-01 08:06:00.000;2026-07-01 08:06:59.999;30346;30348.5;30343.75;30339;30346.75;30344.75;150;0;30345.25
2026-07-01 08:07:00.000;2026-07-01 08:07:59.999;30347.25;30357;30349.5;30342;30357;30352;133;0;30353.25
2026-07-01 08:08:00.000;2026-07-01 08:08:59.999;30357.5;30365;30361.25;30357.5;30364;30362.166666666668;123;0;30362.625
2026-07-01 08:09:00.000;2026-07-01 08:09:59.999;30362.75;30362.75;30357;30351.25;30354;30356;278;0;30355.5
2026-07-01 08:10:00.000;2026-07-01 08:10:59.999;30353;30360.25;30356.125;30352;30352.5;30354.916666666668;133;0;30354.3125
2026-07-01 08:11:00.000;2026-07-01 08:11:59.999;30353;30356;30350.25;30344.5;30347.75;30349.416666666668;66;0;30349
2026-07-01 08:12:00.000;2026-07-01 08:12:59.999;30348;30358.75;30352.375;30346;30357.75;30354.166666666668;98;0;30355.0625
2026-07-01 08:13:00.000;2026-07-01 08:13:59.999;30357.25;30362.5;30359.125;30355.75;30359.5;30359.25;164;0;30359.3125
2026-07-01 08:14:00.000;2026-07-01 08:14:59.999;30359.75;30363.25;30359.375;30355.5;30358.5;30359.083333333332;50;0;30358.9375
2026-07-01 08:15:00.000;2026-07-01 08:15:59.999;30357;30364.75;30357.75;30350.75;30360.75;30358.75;100;0;30359.25
2026-07-01 08:16:00.000;2026-07-01 08:16:59.999;30361.5;30362;30358.125;30354.25;30355;30357.083333333332;42;0;30356.5625
2026-07-01 08:17:00.000;2026-07-01 08:17:59.999;30355.75;30363.5;30357.75;30352;30363.5;30359.666666666668;82;0;30360.625
2026-07-01 08:18:00.000;2026-07-01 08:18:59.999;30360.5;30363.25;30360.125;30357;30362.5;30360.916666666668;88;0;30361.3125
2026-07-01 08:19:00.000;2026-07-01 08:19:59.999;30362.5;30367.25;30360.5;30353.75;30354.5;30358.5;114;0;30357.5
2026-07-01 08:20:00.000;2026-07-01 08:20:59.999;30354.75;30361.5;30352.25;30343;30350;30351.5;140;0;30351.125
2026-07-01 08:21:00.000;2026-07-01 08:21:59.999;30351;30355;30352.125;30349.25;30351.5;30351.916666666668;103;0;30351.8125
2026-07-01 08:22:00.000;2026-07-01 08:22:59.999;30348;30348;30344.5;30341;30341.5;30343.5;76;0;30343
2026-07-01 08:23:00.000;2026-07-01 08:23:59.999;30343.5;30345.25;30339.25;30333.25;30343.25;30340.583333333332;104;0;30341.25
2026-07-01 08:24:00.000;2026-07-01 08:24:59.999;30343.75;30349;30345.125;30341.25;30345;30345.083333333332;69;0;30345.0625
2026-07-01 08:25:00.000;2026-07-01 08:25:59.999;30344.25;30353;30348.25;30343.5;30352.5;30349.666666666668;59;0;30350.375
2026-07-01 08:26:00.000;2026-07-01 08:26:59.999;30350.5;30351.75;30347.25;30342.75;30342.75;30345.75;60;0;30345
2026-07-01 08:27:00.000;2026-07-01 08:27:59.999;30342.75;30345;30341.875;30338.75;30342.5;30342.083333333332;41;0;30342.1875
2026-07-01 08:28:00.000;2026-07-01 08:28:59.999;30341.75;30341.75;30334.375;30327;30327;30331.916666666668;114;0;30330.6875
2026-07-01 08:29:00.000;2026-07-01 08:29:59.999;30327;30333.25;30327.5;30321.75;30331;30328.666666666668;356;0;30329.25
2026-07-01 08:30:00.000;2026-07-01 08:30:59.999;30330.25;30338;30329.5;30321;30323;30327.333333333332;92;0;30326.25
2026-07-01 08:31:00.000;2026-07-01 08:31:59.999;30322.5;30331;30326.375;30321.75;30330;30327.583333333332;82;0;30328.1875
2026-07-01 08:32:00.000;2026-07-01 08:32:59.999;30329.25;30332.25;30327.25;30322.25;30324.75;30326.416666666668;38;0;30326
2026-07-01 08:33:00.000;2026-07-01 08:33:59.999;30323.5;30326.5;30322;30317.5;30322.25;30322.083333333332;48;0;30322.125
2026-07-01 08:34:00.000;2026-07-01 08:34:59.999;30323.75;30344.25;30333.875;30323.5;30338.25;30335.333333333332;116;0;30336.0625
2026-07-01 08:35:00.000;2026-07-01 08:35:59.999;30340;30343.75;30341.25;30338.75;30341;30341.166666666668;112;0;30341.125
2026-07-01 08:36:00.000;2026-07-01 08:36:59.999;30338.75;30343.5;30337.375;30331.25;30336.25;30337;122;0;30336.8125
2026-07-01 08:37:00.000;2026-07-01 08:37:59.999;30337.25;30340;30336.5;30333;30338;30337;31;0;30337.25
2026-07-01 08:38:00.000;2026-07-01 08:38:59.999;30334.75;30337.25;30333.75;30330.25;30333;30333.5;55;0;30333.375
2026-07-01 08:39:00.000;2026-07-01 08:39:59.999;30333.5;30347.5;30339.75;30332;30346.25;30341.916666666668;129;0;30343
2026-07-01 08:40:00.000;2026-07-01 08:40:59.999;30346.25;30347.5;30344.25;30341;30341.75;30343.416666666668;158;0;30343
2026-07-01 08:41:00.000;2026-07-01 08:41:59.999;30343;30348.5;30345.75;30343;30346.75;30346.083333333332;41;0;30346.25
2026-07-01 08:42:00.000;2026-07-01 08:42:59.999;30347.5;30361.25;30353.375;30345.5;30360.75;30355.833333333332;161;0;30357.0625
2026-07-01 08:43:00.000;2026-07-01 08:43:59.999;30359.75;30363.75;30359.5;30355.25;30363.75;30360.916666666668;73;0;30361.625
2026-07-01 08:44:00.000;2026-07-01 08:44:59.999;30364;30366.25;30362.625;30359;30359;30361.416666666668;84;0;30360.8125
2026-07-01 08:45:00.000;2026-07-01 08:45:59.999;30358;30358.25;30355.75;30353.25;30358;30356.5;36;0;30356.875
2026-07-01 08:46:00.000;2026-07-01 08:46:59.999;30358.75;30359.75;30354.5;30349.25;30349.5;30352.833333333332;51;0;30352
2026-07-01 08:47:00.000;2026-07-01 08:47:59.999;30349;30357;30351.25;30345.5;30352.5;30351.666666666668;43;0;30351.875
2026-07-01 08:48:00.000;2026-07-01 08:48:59.999;30353.25;30353.5;30351;30348.5;30349.75;30350.583333333332;58;0;30350.375
2026-07-01 08:49:00.000;2026-07-01 08:49:59.999;30352;30353.75;30351.75;30349.75;30350;30351.166666666668;21;0;30350.875
2026-07-01 08:50:00.000;2026-07-01 08:50:59.999;30350.25;30351.25;30349.375;30347.5;30350.5;30349.75;28;0;30349.9375
2026-07-01 08:51:00.000;2026-07-01 08:51:59.999;30352.5;30363;30357.75;30352.5;30363;30359.5;60;0;30360.375
2026-07-01 08:52:00.000;2026-07-01 08:52:59.999;30363.75;30368;30365.75;30363.5;30367.25;30366.25;70;0;30366.5
2026-07-01 08:53:00.000;2026-07-01 08:53:59.999;30366.25;30372.25;30369;30365.75;30371.5;30369.833333333332;40;0;30370.25
2026-07-01 08:54:00.000;2026-07-01 08:54:59.999;30370.5;30376;30373.25;30370.5;30372.75;30373.083333333332;102;0;30373
2026-07-01 08:55:00.000;2026-07-01 08:55:59.999;30373.25;30378;30372.625;30367.25;30368;30371.083333333332;97;0;30370.3125
2026-07-01 08:56:00.000;2026-07-01 08:56:59.999;30369;30369.25;30366.875;30364.5;30369.25;30367.666666666668;33;0;30368.0625
2026-07-01 08:57:00.000;2026-07-01 08:57:59.999;30368.25;30372.5;30368.875;30365.25;30366;30367.916666666668;51;0;30367.4375
2026-07-01 08:58:00.000;2026-07-01 08:58:59.999;30367;30370.75;30368.875;30367;30368.75;30368.833333333332;33;0;30368.8125
2026-07-01 08:59:00.000;2026-07-01 08:59:59.999;30369.5;30377.5;30373.25;30369;30377;30374.5;45;0;30375.125
2026-07-01 09:00:00.000;2026-07-01 09:00:59.999;30376.25;30377.75;30370.125;30362.5;30365.25;30368.5;132;0;30367.6875
2026-07-01 09:01:00.000;2026-07-01 09:01:59.999;30366.5;30368;30364;30360;30362.75;30363.583333333332;58;0;30363.375
2026-07-01 09:02:00.000;2026-07-01 09:02:59.999;30363.75;30368;30364.625;30361.25;30362.5;30363.916666666668;71;0;30363.5625
2026-07-01 09:03:00.000;2026-07-01 09:03:59.999;30362;30362;30358.625;30355.25;30359;30358.75;57;0;30358.8125
2026-07-01 09:04:00.000;2026-07-01 09:04:59.999;30360;30360.25;30353.25;30346.25;30350.75;30352.416666666668;144;0;30352
2026-07-01 09:05:00.000;2026-07-01 09:05:59.999;30351.5;30356.5;30353.25;30350;30350;30352.166666666668;143;0;30351.625
2026-07-01 09:06:00.000;2026-07-01 09:06:59.999;30349;30361.75;30355.375;30349;30360;30356.916666666668;59;0;30357.6875
2026-07-01 09:07:00.000;2026-07-01 09:07:59.999;30358.75;30358.75;30356.875;30355;30355;30356.25;52;0;30355.9375
2026-07-01 09:08:00.000;2026-07-01 09:08:59.999;30354.25;30362.75;30357.875;30353;30353.75;30356.5;42;0;30355.8125
2026-07-01 09:09:00.000;2026-07-01 09:09:59.999;30353.75;30353.75;30350.625;30347.5;30349.25;30350.166666666668;57;0;30349.9375
2026-07-01 09:10:00.000;2026-07-01 09:10:59.999;30351.25;30351.5;30345.125;30338.75;30339.25;30343.166666666668;140;0;30342.1875
2026-07-01 09:11:00.000;2026-07-01 09:11:59.999;30340;30349.25;30344.25;30339.25;30349.25;30345.916666666668;67;0;30346.75
2026-07-01 09:12:00.000;2026-07-01 09:12:59.999;30348.75;30360;30354.375;30348.75;30359;30355.916666666668;86;0;30356.6875
2026-07-01 09:13:00.000;2026-07-01 09:13:59.999;30359.25;30359.25;30356.125;30353;30354.5;30355.583333333332;36;0;30355.3125
2026-07-01 09:14:00.000;2026-07-01 09:14:59.999;30354.5;30358.5;30354;30349.5;30349.5;30352.5;37;0;30351.75
2026-07-01 09:15:00.000;2026-07-01 09:15:59.999;30349.25;30354.75;30352;30349.25;30353;30352.333333333332;57;0;30352.5
2026-07-01 09:16:00.000;2026-07-01 09:16:59.999;30353;30355.5;30353.375;30351.25;30353.25;30353.333333333332;21;0;30353.3125
2026-07-01 09:17:00.000;2026-07-01 09:17:59.999;30354.75;30358.75;30356.75;30354.75;30357.75;30357.083333333332;79;0;30357.25
2026-07-01 09:18:00.000;2026-07-01 09:18:59.999;30358.5;30361.5;30356.625;30351.75;30360.5;30357.916666666668;67;0;30358.5625
2026-07-01 09:19:00.000;2026-07-01 09:19:59.999;30360.25;30360.25;30357.625;30355;30357.25;30357.5;28;0;30357.4375
2026-07-01 09:20:00.000;2026-07-01 09:20:59.999;30357.5;30362.25;30359.375;30356.5;30358.25;30359;23;0;30358.8125
2026-07-01 09:21:00.000;2026-07-01 09:21:59.999;30357.25;30359;30355.5;30352;30359;30356.666666666668;30;0;30357.25
2026-07-01 09:22:00.000;2026-07-01 09:22:59.999;30359;30361.75;30358.25;30354.75;30356;30357.5;24;0;30357.125
2026-07-01 09:23:00.000;2026-07-01 09:23:59.999;30360.5;30362.25;30358.625;30355;30361.25;30359.5;74;0;30359.9375
2026-07-01 09:24:00.000;2026-07-01 09:24:59.999;30363;30363.75;30359.625;30355.5;30355.75;30358.333333333332;49;0;30357.6875
2026-07-01 09:25:00.000;2026-07-01 09:25:59.999;30356;30356;30350;30344;30346.25;30348.75;99;0;30348.125
2026-07-01 09:26:00.000;2026-07-01 09:26:59.999;30347.25;30352.75;30348.875;30345;30352;30349.916666666668;40;0;30350.4375
2026-07-01 09:27:00.000;2026-07-01 09:27:59.999;30353;30354;30350.875;30347.75;30349;30350.25;32;0;30349.9375
2026-07-01 09:28:00.000;2026-07-01 09:28:59.999;30348.75;30351.25;30349.875;30348.5;30349;30349.583333333332;29;0;30349.4375
2026-07-01 09:29:00.000;2026-07-01 09:29:59.999;30347.5;30354.5;30350.125;30345.75;30354.5;30351.583333333332;30;0;30352.3125
2026-07-01 09:30:00.000;2026-07-01 09:30:59.999;30354.5;30354.5;30351;30347.5;30348;30350;25;0;30349.5
2026-07-01 09:31:00.000;2026-07-01 09:31:59.999;30350.5;30355.75;30352.625;30349.5;30352.75;30352.666666666668;20;0;30352.6875
2026-07-01 09:32:00.000;2026-07-01 09:32:59.999;30353.75;30361;30357.375;30353.75;30359;30357.916666666668;38;0;30358.1875
2026-07-01 09:33:00.000;2026-07-01 09:33:59.999;30358.75;30361.75;30360.25;30358.75;30361.75;30360.75;21;0;30361
2026-07-01 09:34:00.000;2026-07-01 09:34:59.999;30363;30365;30363;30361;30361;30362.333333333332;41;0;30362
2026-07-01 09:35:00.000;2026-07-01 09:35:59.999;30362.5;30364.5;30361.875;30359.25;30360.5;30361.416666666668;24;0;30361.1875
2026-07-01 09:36:00.000;2026-07-01 09:36:59.999;30356.5;30364.5;30360.375;30356.25;30362.75;30361.166666666668;14;0;30361.5625
2026-07-01 09:37:00.000;2026-07-01 09:37:59.999;30362;30362;30359.125;30356.25;30360.25;30359.5;19;0;30359.6875
2026-07-01 09:38:00.000;2026-07-01 09:38:59.999;30359.5;30359.5;30357.25;30355;30356.5;30357;16;0;30356.875
2026-07-01 09:39:00.000;2026-07-01 09:39:59.999;30356;30359.5;30357.5;30355.5;30358.25;30357.75;19;0;30357.875
2026-07-01 09:40:00.000;2026-07-01 09:40:59.999;30359.75;30363.5;30360.25;30357;30358;30359.5;36;0;30359.125
2026-07-01 09:41:00.000;2026-07-01 09:41:59.999;30357.75;30360.75;30357.625;30354.5;30357;30357.416666666668;20;0;30357.3125
2026-07-01 09:42:00.000;2026-07-01 09:42:59.999;30358.25;30358.5;30356.875;30355.25;30355.25;30356.333333333332;26;0;30356.0625
2026-07-01 09:43:00.000;2026-07-01 09:43:59.999;30357;30358.25;30357;30355.75;30358.25;30357.416666666668;18;0;30357.625
2026-07-01 09:44:00.000;2026-07-01 09:44:59.999;30357.25;30359;30355.625;30352.25;30359;30356.75;22;0;30357.3125
2026-07-01 09:45:00.000;2026-07-01 09:45:59.999;30359.25;30371;30365;30359;30365;30365;67;0;30365
2026-07-01 09:46:00.000;2026-07-01 09:46:59.999;30365.5;30370.75;30367.375;30364;30368.5;30367.75;34;0;30367.9375
2026-07-01 09:47:00.000;2026-07-01 09:47:59.999;30368.25;30373;30370.5;30368;30369;30370;60;0;30369.75
2026-07-01 09:48:00.000;2026-07-01 09:48:59.999;30369.75;30372.25;30369.625;30367;30369.25;30369.5;31;0;30369.4375
2026-07-01 09:49:00.000;2026-07-01 09:49:59.999;30368.75;30372;30369.375;30366.75;30369.25;30369.333333333332;26;0;30369.3125
2026-07-01 09:50:00.000;2026-07-01 09:50:59.999;30371.75;30372;30370.25;30368.5;30371.75;30370.75;32;0;30371
2026-07-01 09:51:00.000;2026-07-01 09:51:59.999;30370.5;30374;30370.625;30367.25;30374;30371.75;47;0;30372.3125
2026-07-01 09:52:00.000;2026-07-01 09:52:59.999;30373.5;30374.75;30370.375;30366;30371.25;30370.666666666668;43;0;30370.8125
2026-07-01 09:53:00.000;2026-07-01 09:53:59.999;30373.5;30380.25;30376.75;30373.25;30378.25;30377.25;82;0;30377.5
2026-07-01 09:54:00.000;2026-07-01 09:54:59.999;30377;30382;30377.75;30373.5;30378.5;30378;109;0;30378.125
2026-07-01 09:55:00.000;2026-07-01 09:55:59.999;30377.75;30380.5;30378.5;30376.5;30380.25;30379.083333333332;27;0;30379.375
2026-07-01 09:56:00.000;2026-07-01 09:56:59.999;30380.75;30384.75;30380.5;30376.25;30378.25;30379.75;110;0;30379.375
2026-07-01 09:57:00.000;2026-07-01 09:57:59.999;30378;30384.75;30381.375;30378;30382;30381.583333333332;71;0;30381.6875
2026-07-01 09:58:00.000;2026-07-01 09:58:59.999;30383.25;30383.25;30382;30380.75;30381.5;30381.833333333332;36;0;30381.75
2026-07-01 09:59:00.000;2026-07-01 09:59:59.999;30382.25;30386.25;30384;30381.75;30385;30384.333333333332;47;0;30384.5
2026-07-01 10:00:00.000;2026-07-01 10:00:59.999;30384.75;30389.75;30386.625;30383.5;30384;30385.75;88;0;30385.3125
2026-07-01 10:01:00.000;2026-07-01 10:01:59.999;30383;30385.75;30382.375;30379;30385;30383.25;51;0;30383.6875
2026-07-01 10:02:00.000;2026-07-01 10:02:59.999;30385.25;30388.5;30385.125;30381.75;30382.75;30384.333333333332;109;0;30383.9375
2026-07-01 10:03:00.000;2026-07-01 10:03:59.999;30382.25;30382.5;30380;30377.5;30380;30380;44;0;30380
2026-07-01 10:04:00.000;2026-07-01 10:04:59.999;30380;30383.75;30379;30374.25;30378.5;30378.833333333332;118;0;30378.75
2026-07-01 10:05:00.000;2026-07-01 10:05:59.999;30376.75;30380;30377;30374;30379.25;30377.75;59;0;30378.125
2026-07-01 10:06:00.000;2026-07-01 10:06:59.999;30379;30379.25;30373.5;30367.75;30368.25;30371.75;84;0;30370.875
2026-07-01 10:07:00.000;2026-07-01 10:07:59.999;30369.5;30374;30370.875;30367.75;30368.25;30370;88;0;30369.5625
2026-07-01 10:08:00.000;2026-07-01 10:08:59.999;30370.5;30372.5;30369.625;30366.75;30371.25;30370.166666666668;75;0;30370.4375
2026-07-01 10:09:00.000;2026-07-01 10:09:59.999;30372.25;30375.5;30371.75;30368;30370.25;30371.25;66;0;30371
2026-07-01 10:10:00.000;2026-07-01 10:10:59.999;30368.5;30368.5;30360.125;30351.75;30355;30358.416666666668;296;0;30357.5625
2026-07-01 10:11:00.000;2026-07-01 10:11:59.999;30354.25;30361.75;30356.875;30352;30361.75;30358.5;111;0;30359.3125
2026-07-01 10:12:00.000;2026-07-01 10:12:59.999;30362.75;30369;30365.5;30362;30366.75;30365.916666666668;95;0;30366.125
2026-07-01 10:13:00.000;2026-07-01 10:13:59.999;30367;30368.5;30365.5;30362.5;30362.5;30364.5;38;0;30364
2026-07-01 10:14:00.000;2026-07-01 10:14:59.999;30361.5;30361.5;30358.875;30356.25;30361.25;30359.666666666668;41;0;30360.0625
2026-07-01 10:15:00.000;2026-07-01 10:15:59.999;30363.5;30368.25;30364.125;30360;30368.25;30365.5;46;0;30366.1875
2026-07-01 10:16:00.000;2026-07-01 10:16:59.999;30368.75;30374.5;30371.625;30368.75;30373.25;30372.166666666668;50;0;30372.4375
2026-07-01 10:17:00.000;2026-07-01 10:17:59.999;30374;30378;30374.25;30370.5;30378;30375.5;42;0;30376.125
2026-07-01 10:18:00.000;2026-07-01 10:18:59.999;30379.5;30381.5;30378.25;30375;30378.5;30378.333333333332;103;0;30378.375
2026-07-01 10:19:00.000;2026-07-01 10:19:59.999;30379.75;30380.75;30378.625;30376.5;30379.25;30378.833333333332;48;0;30378.9375
2026-07-01 10:20:00.000;2026-07-01 10:20:59.999;30379.5;30395.25;30387.375;30379.5;30392.75;30389.166666666668;183;0;30390.0625
2026-07-01 10:21:00.000;2026-07-01 10:21:59.999;30392.75;30395;30393.125;30391.25;30392;30392.75;48;0;30392.5625
2026-07-01 10:22:00.000;2026-07-01 10:22:59.999;30392.25;30393;30390.5;30388;30390.25;30390.416666666668;55;0;30390.375
2026-07-01 10:23:00.000;2026-07-01 10:23:59.999;30389;30394.5;30391.125;30387.75;30390;30390.75;65;0;30390.5625
2026-07-01 10:24:00.000;2026-07-01 10:24:59.999;30389.75;30391.25;30388.625;30386;30387.5;30388.25;89;0;30388.0625
2026-07-01 10:25:00.000;2026-07-01 10:25:59.999;30386.75;30388.75;30386.75;30384.75;30386.25;30386.583333333332;49;0;30386.5
2026-07-01 10:26:00.000;2026-07-01 10:26:59.999;30386;30390;30386.875;30383.75;30386.5;30386.75;46;0;30386.6875
2026-07-01 10:27:00.000;2026-07-01 10:27:59.999;30386.25;30397.5;30388.875;30380.25;30393.5;30390.416666666668;234;0;30391.1875
2026-07-01 10:28:00.000;2026-07-01 10:28:59.999;30392;30396.25;30394;30391.75;30394;30394;85;0;30394
2026-07-01 10:29:00.000;2026-07-01 10:29:59.999;30394.5;30396;30394.125;30392.25;30395;30394.416666666668;70;0;30394.5625
2026-07-01 10:30:00.000;2026-07-01 10:30:59.999;30394.5;30396;30393;30390;30392.25;30392.75;106;0;30392.625
2026-07-01 10:31:00.000;2026-07-01 10:31:59.999;30392.25;30395;30390.5;30386;30386;30389;60;0;30388.25
2026-07-01 10:32:00.000;2026-07-01 10:32:59.999;30385.75;30389.25;30387.5;30385.75;30387.75;30387.583333333332;30;0;30387.625
2026-07-01 10:33:00.000;2026-07-01 10:33:59.999;30388.5;30391.25;30389.875;30388.5;30390.75;30390.166666666668;24;0;30390.3125
2026-07-01 10:34:00.000;2026-07-01 10:34:59.999;30391.5;30393.75;30389.5;30385.25;30393.75;30390.916666666668;50;0;30391.625
2026-07-01 10:35:00.000;2026-07-01 10:35:59.999;30394.25;30396.5;30392.625;30388.75;30391;30392.083333333332;97;0;30391.8125
2026-07-01 10:36:00.000;2026-07-01 10:36:59.999;30391.75;30394.75;30393.25;30391.75;30394.75;30393.75;22;0;30394
2026-07-01 10:37:00.000;2026-07-01 10:37:59.999;30393;30401;30396.375;30391.75;30398.5;30397.083333333332;120;0;30397.4375
2026-07-01 10:38:00.000;2026-07-01 10:38:59.999;30397.75;30398;30394.875;30391.75;30392.25;30394;34;0;30393.5625
2026-07-01 10:39:00.000;2026-07-01 10:39:59.999;30392.75;30393.5;30391.375;30389.25;30393;30391.916666666668;43;0;30392.1875
2026-07-01 10:40:00.000;2026-07-01 10:40:59.999;30393;30397.5;30394.5;30391.5;30395.25;30394.75;40;0;30394.875
2026-07-01 10:41:00.000;2026-07-01 10:41:59.999;30394.75;30394.75;30389.75;30384.75;30387.75;30389.083333333332;102;0;30388.75
2026-07-01 10:42:00.000;2026-07-01 10:42:59.999;30387.25;30388;30384.75;30381.5;30385;30384.833333333332;85;0;30384.875
2026-07-01 10:43:00.000;2026-07-01 10:43:59.999;30385;30385;30374.625;30364.25;30380.75;30376.666666666668;636;0;30377.6875
2026-07-01 10:44:00.000;2026-07-01 10:44:59.999;30382;30387.25;30384.125;30381;30387.25;30385.166666666668;114;0;30385.6875
2026-07-01 10:45:00.000;2026-07-01 10:45:59.999;30386.75;30390;30387.75;30385.5;30388;30387.833333333332;45;0;30387.875
2026-07-01 10:46:00.000;2026-07-01 10:46:59.999;30388.5;30388.5;30387.375;30386.25;30388;30387.583333333332;23;0;30387.6875
2026-07-01 10:47:00.000;2026-07-01 10:47:59.999;30389.25;30390;30387;30384;30387;30387;36;0;30387
2026-07-01 10:48:00.000;2026-07-01 10:48:59.999;30386;30390.25;30387.875;30385.5;30385.5;30387.083333333332;26;0;30386.6875
2026-07-01 10:49:00.000;2026-07-01 10:49:59.999;30387.5;30397.25;30392.375;30387.5;30395.75;30393.5;120;0;30394.0625
2026-07-01 10:50:00.000;2026-07-01 10:50:59.999;30395;30398.25;30396.375;30394.5;30397;30396.583333333332;64;0;30396.6875
2026-07-01 10:51:00.000;2026-07-01 10:51:59.999;30398;30402.25;30398.875;30395.5;30401.25;30399.666666666668;57;0;30400.0625
2026-07-01 10:52:00.000;2026-07-01 10:52:59.999;30401.75;30406.75;30404;30401.25;30404.75;30404.25;115;0;30404.375
2026-07-01 10:53:00.000;2026-07-01 10:53:59.999;30405.5;30405.5;30403.875;30402.25;30403;30403.583333333332;88;0;30403.4375
2026-07-01 10:54:00.000;2026-07-01 10:54:59.999;30402.5;30405;30402.25;30399.5;30405;30403.166666666668;58;0;30403.625
2026-07-01 10:55:00.000;2026-07-01 10:55:59.999;30404.75;30410;30406.875;30403.75;30408.75;30407.5;117;0;30407.8125
2026-07-01 10:56:00.000;2026-07-01 10:56:59.999;30408.5;30411;30409.375;30407.75;30409.25;30409.333333333332;67;0;30409.3125
2026-07-01 10:57:00.000;2026-07-01 10:57:59.999;30410;30414.25;30411.375;30408.5;30413.25;30412;111;0;30412.3125
2026-07-01 10:58:00.000;2026-07-01 10:58:59.999;30412.25;30414.5;30410.125;30405.75;30406.5;30408.916666666668;117;0;30408.3125
2026-07-01 10:59:00.000;2026-07-01 10:59:59.999;30405.5;30407.75;30404.875;30402;30407.75;30405.833333333332;189;0;30406.3125
2026-07-01 11:00:00.000;2026-07-01 11:00:59.999;30406.75;30422.25;30414.5;30406.75;30416;30415;302;0;30415.25
2026-07-01 11:01:00.000;2026-07-01 11:01:59.999;30416.25;30417.25;30413.125;30409;30414.75;30413.666666666668;123;0;30413.9375
2026-07-01 11:02:00.000;2026-07-01 11:02:59.999;30413.75;30415.75;30414.375;30413;30414.75;30414.5;27;0;30414.5625
2026-07-01 11:03:00.000;2026-07-01 11:03:59.999;30415.25;30426;30419.75;30413.5;30423;30420.833333333332;151;0;30421.375
2026-07-01 11:04:00.000;2026-07-01 11:04:59.999;30421.75;30428;30424.25;30420.5;30425;30424.5;117;0;30424.625
2026-07-01 11:05:00.000;2026-07-01 11:05:59.999;30424.5;30435.25;30429.875;30424.5;30429.25;30429.666666666668;191;0;30429.5625
2026-07-01 11:06:00.000;2026-07-01 11:06:59.999;30428.75;30433;30429.5;30426;30430.25;30429.75;105;0;30429.875
2026-07-01 11:07:00.000;2026-07-01 11:07:59.999;30431;30432.25;30429.5;30426.75;30429.5;30429.5;53;0;30429.5
2026-07-01 11:08:00.000;2026-07-01 11:08:59.999;30429.25;30432.5;30426.375;30420.25;30421;30424.583333333332;95;0;30423.6875
2026-07-01 11:09:00.000;2026-07-01 11:09:59.999;30421;30423.25;30419.625;30416;30422.25;30420.5;109;0;30420.9375
2026-07-01 11:10:00.000;2026-07-01 11:10:59.999;30421.75;30423.5;30419.875;30416.25;30421.25;30420.333333333332;131;0;30420.5625
2026-07-01 11:11:00.000;2026-07-01 11:11:59.999;30421.5;30434;30427.75;30421.5;30427.25;30427.583333333332;123;0;30427.5
2026-07-01 11:12:00.000;2026-07-01 11:12:59.999;30428.25;30429.5;30421.875;30414.25;30417.25;30420.333333333332;201;0;30419.5625
2026-07-01 11:13:00.000;2026-07-01 11:13:59.999;30416.5;30419;30415.375;30411.75;30412.75;30414.5;105;0;30414.0625
2026-07-01 11:14:00.000;2026-07-01 11:14:59.999;30414.5;30415;30412.125;30409.25;30413;30412.416666666668;83;0;30412.5625
2026-07-01 11:15:00.000;2026-07-01 11:15:59.999;30414.25;30417;30413.875;30410.75;30413;30413.583333333332;99;0;30413.4375
2026-07-01 11:16:00.000;2026-07-01 11:16:59.999;30412.25;30418.5;30415.25;30412;30418;30416.166666666668;81;0;30416.625
2026-07-01 11:17:00.000;2026-07-01 11:17:59.999;30418.5;30418.75;30416.5;30414.25;30415.75;30416.25;72;0;30416.125
2026-07-01 11:18:00.000;2026-07-01 11:18:59.999;30416;30419.75;30416.25;30412.75;30417.25;30416.583333333332;85;0;30416.75
2026-07-01 11:19:00.000;2026-07-01 11:19:59.999;30415.75;30416.75;30411.375;30406;30408.25;30410.333333333332;120;0;30409.8125
2026-07-01 11:20:00.000;2026-07-01 11:20:59.999;30407;30410.75;30406.375;30402;30405.5;30406.083333333332;153;0;30405.9375
2026-07-01 11:21:00.000;2026-07-01 11:21:59.999;30406.5;30409.5;30406.25;30403;30405.25;30405.916666666668;61;0;30405.75
2026-07-01 11:22:00.000;2026-07-01 11:22:59.999;30406;30411;30406.5;30402;30402;30405;58;0;30404.25
2026-07-01 11:23:00.000;2026-07-01 11:23:59.999;30402;30403.5;30400.125;30396.75;30398;30399.416666666668;94;0;30399.0625
2026-07-01 11:24:00.000;2026-07-01 11:24:59.999;30398.25;30405.5;30401.25;30397;30403.25;30401.916666666668;155;0;30402.25
2026-07-01 11:25:00.000;2026-07-01 11:25:59.999;30402.5;30408.75;30404.5;30400.25;30407.5;30405.5;107;0;30406
2026-07-01 11:26:00.000;2026-07-01 11:26:59.999;30409;30413.5;30410.125;30406.75;30411.25;30410.5;43;0;30410.6875
2026-07-01 11:27:00.000;2026-07-01 11:27:59.999;30411.25;30414.75;30411.625;30408.5;30410.25;30411.166666666668;69;0;30410.9375
2026-07-01 11:28:00.000;2026-07-01 11:28:59.999;30410;30410.75;30408.125;30405.5;30408.75;30408.333333333332;53;0;30408.4375
2026-07-01 11:29:00.000;2026-07-01 11:29:59.999;30408.5;30412;30404.125;30396.25;30398.75;30402.333333333332;88;0;30401.4375
2026-07-01 11:30:00.000;2026-07-01 11:30:59.999;30399;30402;30398.5;30395;30401.25;30399.416666666668;72;0;30399.875
2026-07-01 11:31:00.000;2026-07-01 11:31:59.999;30400.75;30401;30396.625;30392.25;30398.5;30397.25;105;0;30397.5625
2026-07-01 11:32:00.000;2026-07-01 11:32:59.999;30398.75;30398.75;30396.25;30393.75;30397.25;30396.583333333332;37;0;30396.75
2026-07-01 11:33:00.000;2026-07-01 11:33:59.999;30397;30401.5;30398.875;30396.25;30399.5;30399.083333333332;82;0;30399.1875
2026-07-01 11:34:00.000;2026-07-01 11:34:59.999;30397.75;30397.75;30392.375;30387;30389.25;30391.333333333332;189;0;30390.8125
2026-07-01 11:35:00.000;2026-07-01 11:35:59.999;30387.25;30394;30390.625;30387.25;30394;30391.75;106;0;30392.3125
2026-07-01 11:36:00.000;2026-07-01 11:36:59.999;30394;30396;30391.75;30387.5;30387.5;30390.333333333332;110;0;30389.625
2026-07-01 11:37:00.000;2026-07-01 11:37:59.999;30388.5;30391.5;30386.75;30382;30387;30386.833333333332;95;0;30386.875
2026-07-01 11:38:00.000;2026-07-01 11:38:59.999;30386.75;30388.25;30382.375;30376.5;30379;30381.25;135;0;30380.6875
2026-07-01 11:39:00.000;2026-07-01 11:39:59.999;30377.25;30384;30379.75;30375.5;30383.25;30380.916666666668;161;0;30381.5
2026-07-01 11:40:00.000;2026-07-01 11:40:59.999;30382.75;30386.25;30380.375;30374.5;30386.25;30382.333333333332;215;0;30383.3125
2026-07-01 11:41:00.000;2026-07-01 11:41:59.999;30385.75;30388.75;30381.25;30373.75;30376.5;30379.666666666668;230;0;30378.875
2026-07-01 11:42:00.000;2026-07-01 11:42:59.999;30375.5;30382.75;30378.625;30374.5;30380.75;30379.333333333332;79;0;30379.6875
2026-07-01 11:43:00.000;2026-07-01 11:43:59.999;30380.75;30385;30381.5;30378;30384;30382.333333333332;52;0;30382.75
2026-07-01 11:44:00.000;2026-07-01 11:44:59.999;30384.75;30398;30391.375;30384.75;30396.75;30393.166666666668;153;0;30394.0625
2026-07-01 11:45:00.000;2026-07-01 11:45:59.999;30395.75;30396.75;30392.75;30388.75;30390;30391.833333333332;153;0;30391.375
2026-07-01 11:46:00.000;2026-07-01 11:46:59.999;30389;30392.75;30389.5;30386.25;30389.25;30389.416666666668;68;0;30389.375
2026-07-01 11:47:00.000;2026-07-01 11:47:59.999;30392.5;30393;30391.375;30389.75;30390.75;30391.166666666668;32;0;30391.0625
2026-07-01 11:48:00.000;2026-07-01 11:48:59.999;30391;30394;30383;30372;30375;30380.333333333332;154;0;30379
2026-07-01 11:49:00.000;2026-07-01 11:49:59.999;30373.75;30376.5;30373;30369.5;30372.25;30372.75;200;0;30372.625
2026-07-01 11:50:00.000;2026-07-01 11:50:59.999;30371.75;30373;30369;30365;30365;30367.666666666668;103;0;30367
2026-07-01 11:51:00.000;2026-07-01 11:51:59.999;30365;30373;30368.375;30363.75;30369.5;30368.75;138;0;30368.9375
2026-07-01 11:52:00.000;2026-07-01 11:52:59.999;30370.75;30371.5;30367.375;30363.25;30370;30368.25;132;0;30368.6875
2026-07-01 11:53:00.000;2026-07-01 11:53:59.999;30371;30375;30371.75;30368.5;30371.5;30371.666666666668;110;0;30371.625
2026-07-01 11:54:00.000;2026-07-01 11:54:59.999;30373;30376.25;30366.125;30356;30359;30363.75;215;0;30362.5625
2026-07-01 11:55:00.000;2026-07-01 11:55:59.999;30358;30362.25;30358.875;30355.5;30360.5;30359.416666666668;91;0;30359.6875
2026-07-01 11:56:00.000;2026-07-01 11:56:59.999;30360.75;30361;30358;30355;30361;30359;133;0;30359.5
2026-07-01 11:57:00.000;2026-07-01 11:57:59.999;30361;30366.75;30363.5;30360.25;30365.75;30364.25;106;0;30364.625
2026-07-01 11:58:00.000;2026-07-01 11:58:59.999;30364.75;30366.75;30363.125;30359.5;30364;30363.416666666668;109;0;30363.5625
2026-07-01 11:59:00.000;2026-07-01 11:59:59.999;30365;30367.5;30363.625;30359.75;30362.75;30363.333333333332;87;0;30363.1875
2026-07-01 12:00:00.000;2026-07-01 12:00:59.999;30363;30373.75;30367.625;30361.5;30361.5;30365.583333333332;196;0;30364.5625
2026-07-01 12:01:00.000;2026-07-01 12:01:59.999;30360;30362;30357.5;30353;30358.5;30357.833333333332;188;0;30358
2026-07-01 12:02:00.000;2026-07-01 12:02:59.999;30358.5;30358.5;30349.875;30341.25;30344.5;30348.083333333332;262;0;30347.1875
2026-07-01 12:03:00.000;2026-07-01 12:03:59.999;30342.75;30346.25;30343.375;30340.5;30346.25;30344.333333333332;119;0;30344.8125
2026-07-01 12:04:00.000;2026-07-01 12:04:59.999;30346.25;30346.75;30343.375;30340;30341.25;30342.666666666668;113;0;30342.3125
2026-07-01 12:05:00.000;2026-07-01 12:05:59.999;30340.5;30349.25;30343.625;30338;30348.5;30345.25;194;0;30346.0625
2026-07-01 12:06:00.000;2026-07-01 12:06:59.999;30347.25;30348.5;30343;30337.5;30339;30341.666666666668;168;0;30341
2026-07-01 12:07:00.000;2026-07-01 12:07:59.999;30337.25;30346.75;30339.625;30332.5;30336.75;30338.666666666668;145;0;30338.1875
2026-07-01 12:08:00.000;2026-07-01 12:08:59.999;30337.25;30351;30344.125;30337.25;30349;30345.75;150;0;30346.5625
2026-07-01 12:09:00.000;2026-07-01 12:09:59.999;30348.25;30357.25;30351.875;30346.5;30355.75;30353.166666666668;96;0;30353.8125
2026-07-01 12:10:00.000;2026-07-01 12:10:59.999;30356.5;30366.25;30361.375;30356.5;30364.25;30362.333333333332;230;0;30362.8125
2026-07-01 12:11:00.000;2026-07-01 12:11:59.999;30363.5;30367.25;30362;30356.75;30361.25;30361.75;167;0;30361.625
2026-07-01 12:12:00.000;2026-07-01 12:12:59.999;30356;30363;30356.25;30349.5;30363;30358.5;147;0;30359.625
2026-07-01 12:13:00.000;2026-07-01 12:13:59.999;30361.75;30369;30364.75;30360.5;30365.25;30364.916666666668;78;0;30365
2026-07-01 12:14:00.000;2026-07-01 12:14:59.999;30365.75;30367;30362.125;30357.25;30358.25;30360.833333333332;78;0;30360.1875
2026-07-01 12:15:00.000;2026-07-01 12:15:59.999;30359.75;30376.5;30368.125;30359.75;30375.5;30370.583333333332;224;0;30371.8125
2026-07-01 12:16:00.000;2026-07-01 12:16:59.999;30375.5;30384.5;30379.5;30374.5;30376.5;30378.5;184;0;30378
2026-07-01 12:17:00.000;2026-07-01 12:17:59.999;30376.25;30378.75;30374.75;30370.75;30376;30375.166666666668;128;0;30375.375
2026-07-01 12:18:00.000;2026-07-01 12:18:59.999;30375;30375;30371;30367;30373.25;30371.75;165;0;30372.125
2026-07-01 12:19:00.000;2026-07-01 12:19:59.999;30374;30381.25;30377.125;30373;30379.5;30377.916666666668;106;0;30378.3125
2026-07-01 12:20:00.000;2026-07-01 12:20:59.999;30379.5;30382.75;30377.375;30372;30374;30376.25;105;0;30375.6875
2026-07-01 12:21:00.000;2026-07-01 12:21:59.999;30374.75;30382.5;30378.625;30374.75;30377.25;30378.166666666668;103;0;30377.9375
2026-07-01 12:22:00.000;2026-07-01 12:22:59.999;30377.5;30377.75;30373.5;30369.25;30377.75;30374.916666666668;121;0;30375.625
2026-07-01 12:23:00.000;2026-07-01 12:23:59.999;30377.25;30385.25;30381.25;30377.25;30385;30382.5;88;0;30383.125
2026-07-01 12:24:00.000;2026-07-01 12:24:59.999;30385.25;30387.75;30383.875;30380;30387.75;30385.166666666668;136;0;30385.8125
2026-07-01 12:25:00.000;2026-07-01 12:25:59.999;30386.75;30386.75;30381.125;30375.5;30378;30380.083333333332;159;0;30379.5625
2026-07-01 12:26:00.000;2026-07-01 12:26:59.999;30377.75;30381.5;30377;30372.5;30376.5;30376.833333333332;135;0;30376.75
2026-07-01 12:27:00.000;2026-07-01 12:27:59.999;30377.25;30380;30372.875;30365.75;30365.75;30370.5;206;0;30369.3125
2026-07-01 12:28:00.000;2026-07-01 12:28:59.999;30366.5;30375.75;30369.625;30363.5;30375.75;30371.666666666668;261;0;30372.6875
2026-07-01 12:29:00.000;2026-07-01 12:29:59.999;30375;30377;30372.375;30367.75;30369.5;30371.416666666668;105;0;30370.9375
2026-07-01 12:30:00.000;2026-07-01 12:30:59.999;30368.5;30368.5;30353.75;30339;30349.75;30352.416666666668;674;0;30351.75
2026-07-01 12:31:00.000;2026-07-01 12:31:59.999;30349.5;30363.75;30356.5;30349.25;30356.25;30356.416666666668;312;0;30356.375
2026-07-01 12:32:00.000;2026-07-01 12:32:59.999;30356;30370;30360.125;30350.25;30357.75;30359.333333333332;332;0;30358.9375
2026-07-01 12:33:00.000;2026-07-01 12:33:59.999;30357.25;30393.75;30374.125;30354.5;30384.75;30377.666666666668;510;0;30379.4375
2026-07-01 12:34:00.000;2026-07-01 12:34:59.999;30384;30395;30346.125;30297.25;30300;30330.75;2447;0;30323.0625
2026-07-01 12:35:00.000;2026-07-01 12:35:59.999;30299;30320;30304;30288;30304.25;30304.083333333332;1091;0;30304.125
2026-07-01 12:36:00.000;2026-07-01 12:36:59.999;30303.5;30310.25;30295.5;30280.75;30293;30294.666666666668;907;0;30294.25
2026-07-01 12:37:00.000;2026-07-01 12:37:59.999;30293;30297.75;30287.25;30276.75;30278.25;30284.25;724;0;30282.75
2026-07-01 12:38:00.000;2026-07-01 12:38:59.999;30278.75;30300.5;30288;30275.5;30288.5;30288.166666666668;511;0;30288.25
2026-07-01 12:39:00.000;2026-07-01 12:39:59.999;30286.5;30288.5;30275.625;30262.75;30263.5;30271.583333333332;908;0;30269.5625
2026-07-01 12:40:00.000;2026-07-01 12:40:59.999;30263.25;30276.75;30262.5;30248.25;30269;30264.666666666668;963;0;30265.75
2026-07-01 12:41:00.000;2026-07-01 12:41:59.999;30267.25;30291.75;30278.375;30265;30291;30282.583333333332;675;0;30284.6875
2026-07-01 12:42:00.000;2026-07-01 12:42:59.999;30290.5;30295;30269.375;30243.75;30247.25;30262;915;0;30258.3125
2026-07-01 12:43:00.000;2026-07-01 12:43:59.999;30247.25;30275.5;30260.125;30244.75;30270.5;30263.583333333332;659;0;30265.3125
2026-07-01 12:44:00.000;2026-07-01 12:44:59.999;30270.5;30285.5;30271.875;30258.25;30271.5;30271.75;718;0;30271.6875
2026-07-01 12:45:00.000;2026-07-01 12:45:59.999;30271.5;30283.5;30268.625;30253.75;30276.25;30271.166666666668;602;0;30272.4375
2026-07-01 12:46:00.000;2026-07-01 12:46:59.999;30276.25;30281.5;30272.75;30264;30265.25;30270.25;347;0;30269
2026-07-01 12:47:00.000;2026-07-01 12:47:59.999;30265.75;30270;30259.125;30248.25;30254;30257.416666666668;704;0;30256.5625
2026-07-01 12:48:00.000;2026-07-01 12:48:59.999;30254;30263;30254.5;30246;30261;30256.666666666668;613;0;30257.75
2026-07-01 12:49:00.000;2026-07-01 12:49:59.999;30260;30264;30252.25;30240.5;30249.25;30251.25;329;0;30250.75
2026-07-01 12:50:00.000;2026-07-01 12:50:59.999;30252.25;30280;30262.625;30245.25;30278.25;30267.833333333332;744;0;30270.4375
2026-07-01 12:51:00.000;2026-07-01 12:51:59.999;30278.75;30287.25;30276;30264.75;30284.75;30278.916666666668;443;0;30280.375
2026-07-01 12:52:00.000;2026-07-01 12:52:59.999;30284.25;30285.25;30271.125;30257;30260.5;30267.583333333332;359;0;30265.8125
2026-07-01 12:53:00.000;2026-07-01 12:53:59.999;30262.25;30263.25;30253.75;30244.25;30250.25;30252.583333333332;563;0;30252
2026-07-01 12:54:00.000;2026-07-01 12:54:59.999;30248;30254.75;30244;30233.25;30246.5;30244.833333333332;803;0;30245.25
2026-07-01 12:55:00.000;2026-07-01 12:55:59.999;30248.75;30259.75;30246.625;30233.5;30252;30248.416666666668;668;0;30249.3125
2026-07-01 12:56:00.000;2026-07-01 12:56:59.999;30252.5;30274.5;30257.25;30240;30273.5;30262.666666666668;647;0;30265.375
2026-07-01 12:57:00.000;2026-07-01 12:57:59.999;30274;30285;30275.125;30265.25;30266;30272.083333333332;572;0;30270.5625
2026-07-01 12:58:00.000;2026-07-01 12:58:59.999;30266.5;30282.75;30269.375;30256;30280;30272.916666666668;366;0;30274.6875
2026-07-01 12:59:00.000;2026-07-01 12:59:59.999;30280.5;30284.75;30275.25;30265.75;30268.75;30273.083333333332;506;0;30272
2026-07-01 13:00:00.000;2026-07-01 13:00:59.999;30267.75;30283.5;30274.75;30266;30273;30274.166666666668;335;0;30273.875
2026-07-01 13:01:00.000;2026-07-01 13:01:59.999;30271.25;30301;30285;30269;30292;30287.333333333332;622;0;30288.5
2026-07-01 13:02:00.000;2026-07-01 13:02:59.999;30290.25;30298;30289.625;30281.25;30296.75;30292;405;0;30293.1875
2026-07-01 13:03:00.000;2026-07-01 13:03:59.999;30296.75;30307;30293.5;30280;30281.5;30289.5;647;0;30287.5
2026-07-01 13:04:00.000;2026-07-01 13:04:59.999;30282.25;30299;30290.625;30282.25;30290.25;30290.5;522;0;30290.4375
2026-07-01 13:05:00.000;2026-07-01 13:05:59.999;30289.75;30293.5;30283.25;30273;30276.25;30280.916666666668;242;0;30279.75
2026-07-01 13:06:00.000;2026-07-01 13:06:59.999;30278.5;30280;30267.875;30255.75;30259.5;30265.083333333332;633;0;30263.6875
2026-07-01 13:07:00.000;2026-07-01 13:07:59.999;30260.5;30270.25;30263.625;30257;30269;30265.416666666668;450;0;30266.3125
2026-07-01 13:08:00.000;2026-07-01 13:08:59.999;30269;30271.5;30261.875;30252.25;30253;30258.916666666668;380;0;30257.4375
2026-07-01 13:09:00.000;2026-07-01 13:09:59.999;30252.25;30268;30259.25;30250.5;30259.75;30259.416666666668;271;0;30259.5
2026-07-01 13:10:00.000;2026-07-01 13:10:59.999;30262.75;30266.75;30259.75;30252.75;30264.5;30261.333333333332;305;0;30262.125
2026-07-01 13:11:00.000;2026-07-01 13:11:59.999;30264.25;30274;30257;30240;30264.25;30259.416666666668;519;0;30260.625
2026-07-01 13:12:00.000;2026-07-01 13:12:59.999;30265.5;30266.5;30257.5;30248.5;30252.5;30255.833333333332;242;0;30255
2026-07-01 13:13:00.000;2026-07-01 13:13:59.999;30251.5;30264;30254.125;30244.25;30258.75;30255.666666666668;265;0;30256.4375
2026-07-01 13:14:00.000;2026-07-01 13:14:59.999;30261;30262.75;30253.625;30244.5;30254.25;30253.833333333332;232;0;30253.9375
2026-07-01 13:15:00.000;2026-07-01 13:15:59.999;30254.5;30266;30256.625;30247.25;30257;30256.75;329;0;30256.8125
2026-07-01 13:16:00.000;2026-07-01 13:16:59.999;30256.25;30267;30257.875;30248.75;30262.25;30259.333333333332;338;0;30260.0625
2026-07-01 13:17:00.000;2026-07-01 13:17:59.999;30261.25;30307.5;30283.25;30259;30304.25;30290.25;593;0;30293.75
2026-07-01 13:18:00.000;2026-07-01 13:18:59.999;30303.25;30314.5;30305.875;30297.25;30298.5;30303.416666666668;1028;0;30302.1875
2026-07-01 13:19:00.000;2026-07-01 13:19:59.999;30297.25;30297.25;30289;30280.75;30284;30287.333333333332;322;0;30286.5
2026-07-01 13:20:00.000;2026-07-01 13:20:59.999;30284.5;30293.5;30286.75;30280;30290.75;30288.083333333332;309;0;30288.75
2026-07-01 13:21:00.000;2026-07-01 13:21:59.999;30292;30294.25;30286.5;30278.75;30289.75;30287.583333333332;234;0;30288.125
2026-07-01 13:22:00.000;2026-07-01 13:22:59.999;30290.25;30291.5;30283.875;30276.25;30290;30285.916666666668;214;0;30286.9375
2026-07-01 13:23:00.000;2026-07-01 13:23:59.999;30289.75;30297.75;30289;30280.25;30283.25;30287.083333333332;273;0;30286.125
2026-07-01 13:24:00.000;2026-07-01 13:24:59.999;30282.75;30294;30286.75;30279.5;30289;30287.5;303;0;30287.875
2026-07-01 13:25:00.000;2026-07-01 13:25:59.999;30289.5;30292;30268.25;30244.5;30251.5;30262.666666666668;1270;0;30259.875
2026-07-01 13:26:00.000;2026-07-01 13:26:59.999;30251;30258.75;30250.375;30242;30254.5;30251.75;647;0;30252.4375
2026-07-01 13:27:00.000;2026-07-01 13:27:59.999;30254.25;30266.5;30258;30249.5;30257.5;30257.833333333332;712;0;30257.75
2026-07-01 13:28:00.000;2026-07-01 13:28:59.999;30256.25;30260.5;30244.25;30228;30229.5;30239.333333333332;1345;0;30236.875
2026-07-01 13:29:00.000;2026-07-01 13:29:59.999;30230.25;30257;30235;30213;30235.5;30235.166666666668;1978;0;30235.25
2026-07-01 13:30:00.000;2026-07-01 13:30:59.999;30235.75;30260;30214.375;30168.75;30240.75;30223.166666666668;8005;0;30227.5625
2026-07-01 13:31:00.000;2026-07-01 13:31:59.999;30240;30240;30197.625;30155.25;30215;30203.416666666668;4299;0;30206.3125
2026-07-01 13:32:00.000;2026-07-01 13:32:59.999;30214.75;30253.75;30210;30166.25;30175.5;30198.5;3654;0;30192.75
2026-07-01 13:33:00.000;2026-07-01 13:33:59.999;30175.25;30180;30149.25;30118.5;30120.25;30139.583333333332;3803;0;30134.75
2026-07-01 13:34:00.000;2026-07-01 13:34:59.999;30121.25;30152.75;30128.75;30104.75;30117.5;30125;3491;0;30123.125
2026-07-01 13:35:00.000;2026-07-01 13:35:59.999;30117.25;30137;30112.375;30087.75;30102.5;30109.083333333332;3177;0;30107.4375
2026-07-01 13:36:00.000;2026-07-01 13:36:59.999;30102.5;30142.25;30120.125;30098;30117.25;30119.166666666668;2910;0;30118.6875
2026-07-01 13:37:00.000;2026-07-01 13:37:59.999;30117.75;30162.5;30137.375;30112.25;30119;30131.25;2754;0;30128.1875
2026-07-01 13:38:00.000;2026-07-01 13:38:59.999;30118.25;30141;30117.75;30094.5;30119;30118.166666666668;2649;0;30118.375
2026-07-01 13:39:00.000;2026-07-01 13:39:59.999;30119.5;30141;30118.75;30096.5;30114.5;30117.333333333332;2514;0;30116.625
2026-07-01 13:40:00.000;2026-07-01 13:40:59.999;30114.5;30163.75;30130.625;30097.5;30145.25;30135.5;3246;0;30137.9375
2026-07-01 13:41:00.000;2026-07-01 13:41:59.999;30146.5;30184.25;30152.375;30120.5;30161.5;30155.416666666668;3131;0;30156.9375
2026-07-01 13:42:00.000;2026-07-01 13:42:59.999;30161.75;30178;30157.5;30137;30171.25;30162.083333333332;2229;0;30164.375
2026-07-01 13:43:00.000;2026-07-01 13:43:59.999;30172;30184.75;30161.625;30138.5;30145.75;30156.333333333332;1888;0;30153.6875
2026-07-01 13:44:00.000;2026-07-01 13:44:59.999;30145;30167.25;30151.125;30135;30141.25;30147.833333333332;1396;0;30146.1875
2026-07-01 13:45:00.000;2026-07-01 13:45:59.999;30141.75;30171;30141.375;30111.75;30162;30148.25;3092;0;30151.6875
2026-07-01 13:46:00.000;2026-07-01 13:46:59.999;30163.5;30207.25;30181.75;30156.25;30197.5;30187;2945;0;30189.625
2026-07-01 13:47:00.000;2026-07-01 13:47:59.999;30197.25;30215.75;30197.875;30180;30203.5;30199.75;2727;0;30200.6875
2026-07-01 13:48:00.000;2026-07-01 13:48:59.999;30204;30226.25;30213.125;30200;30200.25;30208.833333333332;2556;0;30206.6875
2026-07-01 13:49:00.000;2026-07-01 13:49:59.999;30201;30210.5;30191.375;30172.25;30204.5;30195.75;1869;0;30197.9375
2026-07-01 13:50:00.000;2026-07-01 13:50:59.999;30205.5;30233;30210.75;30188.5;30229.5;30217;1840;0;30220.125
2026-07-01 13:51:00.000;2026-07-01 13:51:59.999;30230;30253.5;30236.25;30219;30243;30238.5;1774;0;30239.625
2026-07-01 13:52:00.000;2026-07-01 13:52:59.999;30243;30246.5;30234.125;30221.75;30238.75;30235.666666666668;1406;0;30236.4375
2026-07-01 13:53:00.000;2026-07-01 13:53:59.999;30239;30260;30244.875;30229.75;30232;30240.583333333332;1442;0;30238.4375
2026-07-01 13:54:00.000;2026-07-01 13:54:59.999;30232.5;30239.75;30227.875;30216;30231;30228.916666666668;1508;0;30229.4375
2026-07-01 13:55:00.000;2026-07-01 13:55:59.999;30231.75;30250.75;30236;30221.25;30238.5;30236.833333333332;1458;0;30237.25
2026-07-01 13:56:00.000;2026-07-01 13:56:59.999;30239.25;30251.25;30236.125;30221;30228.5;30233.583333333332;1027;0;30232.3125
2026-07-01 13:57:00.000;2026-07-01 13:57:59.999;30230;30244.5;30230.875;30217.25;30240.75;30234.166666666668;1178;0;30235.8125
2026-07-01 13:58:00.000;2026-07-01 13:58:59.999;30240.5;30259.5;30245;30230.5;30251.25;30247.083333333332;1608;0;30248.125
2026-07-01 13:59:00.000;2026-07-01 13:59:59.999;30251;30285;30264;30243;30283.75;30270.583333333332;1516;0;30273.875
2026-07-01 14:00:00.000;2026-07-01 14:00:59.999;30280;30307.5;30291.75;30276;30294.75;30292.75;2807;0;30293.25
2026-07-01 14:01:00.000;2026-07-01 14:01:59.999;30295;30302.25;30277.125;30252;30264.75;30273;1646;0;30270.9375
2026-07-01 14:02:00.000;2026-07-01 14:02:59.999;30264.75;30281.25;30266.5;30251.75;30256.75;30263.25;1477;0;30261.625
2026-07-01 14:03:00.000;2026-07-01 14:03:59.999;30257.75;30278.75;30261.5;30244.25;30278.25;30267.083333333332;1121;0;30269.875
2026-07-01 14:04:00.000;2026-07-01 14:04:59.999;30278.75;30289.5;30275.375;30261.25;30263.25;30271.333333333332;1215;0;30269.3125
2026-07-01 14:05:00.000;2026-07-01 14:05:59.999;30263.5;30291.5;30274.25;30257;30284.25;30277.583333333332;1131;0;30279.25
2026-07-01 14:06:00.000;2026-07-01 14:06:59.999;30284;30305;30293.125;30281.25;30297.5;30294.583333333332;1526;0;30295.3125
2026-07-01 14:07:00.000;2026-07-01 14:07:59.999;30298.25;30314.25;30299.375;30284.5;30306.75;30301.833333333332;1466;0;30303.0625
2026-07-01 14:08:00.000;2026-07-01 14:08:59.999;30306.75;30316.75;30303.5;30290.25;30293.75;30300.25;1193;0;30298.625
2026-07-01 14:09:00.000;2026-07-01 14:09:59.999;30294.75;30300;30291;30282;30296.75;30292.916666666668;885;0;30293.875
2026-07-01 14:10:00.000;2026-07-01 14:10:59.999;30296.5;30310.5;30301.5;30292.5;30306.25;30303.083333333332;957;0;30303.875
2026-07-01 14:11:00.000;2026-07-01 14:11:59.999;30306.5;30322;30311.25;30300.5;30315.75;30312.75;1162;0;30313.5
2026-07-01 14:12:00.000;2026-07-01 14:12:59.999;30315;30327.25;30318.375;30309.5;30316.5;30317.75;1066;0;30317.4375
2026-07-01 14:13:00.000;2026-07-01 14:13:59.999;30315.5;30320.5;30303.625;30286.75;30315.25;30307.5;1504;0;30309.4375
2026-07-01 14:14:00.000;2026-07-01 14:14:59.999;30315.5;30322.5;30301.125;30279.75;30287.5;30296.583333333332;1406;0;30294.3125
2026-07-01 14:15:00.000;2026-07-01 14:15:59.999;30287;30300;30286.625;30273.25;30274.5;30282.583333333332;1304;0;30280.5625
2026-07-01 14:16:00.000;2026-07-01 14:16:59.999;30274.5;30284.25;30267.5;30250.75;30281;30272;1616;0;30274.25
2026-07-01 14:17:00.000;2026-07-01 14:17:59.999;30280;30306.5;30288.25;30270;30305.5;30294;1213;0;30296.875
2026-07-01 14:18:00.000;2026-07-01 14:18:59.999;30306;30314.75;30301.375;30288;30293.75;30298.833333333332;1144;0;30297.5625
2026-07-01 14:19:00.000;2026-07-01 14:19:59.999;30294;30311.75;30297.75;30283.75;30302.5;30299.333333333332;908;0;30300.125
2026-07-01 14:20:00.000;2026-07-01 14:20:59.999;30302;30302;30287.75;30273.5;30278;30284.5;903;0;30282.875
2026-07-01 14:21:00.000;2026-07-01 14:21:59.999;30279.25;30301;30286.875;30272.75;30296;30289.916666666668;930;0;30291.4375
2026-07-01 14:22:00.000;2026-07-01 14:22:59.999;30296.25;30305.5;30296.5;30287.5;30295.75;30296.25;850;0;30296.125
2026-07-01 14:23:00.000;2026-07-01 14:23:59.999;30296;30313.5;30304.125;30294.75;30299;30302.416666666668;1040;0;30301.5625
2026-07-01 14:24:00.000;2026-07-01 14:24:59.999;30299;30305;30296.875;30288.75;30294;30295.916666666668;691;0;30295.4375
2026-07-01 14:25:00.000;2026-07-01 14:25:59.999;30293;30304.25;30294.375;30284.5;30293.5;30294.083333333332;607;0;30293.9375
2026-07-01 14:26:00.000;2026-07-01 14:26:59.999;30295.5;30312;30303.375;30294.75;30300;30302.25;814;0;30301.6875
2026-07-01 14:27:00.000;2026-07-01 14:27:59.999;30300.75;30307.5;30298.25;30289;30298.25;30298.25;690;0;30298.25
2026-07-01 14:28:00.000;2026-07-01 14:28:59.999;30298.25;30301.25;30284.875;30268.5;30280.25;30283.333333333332;923;0;30282.5625
2026-07-01 14:29:00.000;2026-07-01 14:29:59.999;30280.25;30288.25;30282.125;30276;30284.75;30283;696;0;30283.4375
2026-07-01 14:30:00.000;2026-07-01 14:30:59.999;30284.5;30289.25;30271.375;30253.5;30260.75;30267.833333333332;1577;0;30266.0625
2026-07-01 14:31:00.000;2026-07-01 14:31:59.999;30260.25;30265.25;30251.75;30238.25;30251;30251.5;1762;0;30251.375
2026-07-01 14:32:00.000;2026-07-01 14:32:59.999;30251;30261.75;30239.875;30218;30236.25;30238.666666666668;1790;0;30238.0625
2026-07-01 14:33:00.000;2026-07-01 14:33:59.999;30235.75;30247.75;30234;30220.25;30226.75;30231.583333333332;1211;0;30230.375
2026-07-01 14:34:00.000;2026-07-01 14:34:59.999;30226.75;30245.25;30233.125;30221;30235.5;30233.916666666668;1205;0;30234.3125
2026-07-01 14:35:00.000;2026-07-01 14:35:59.999;30236.5;30242;30224.875;30207.75;30214.25;30221.333333333332;1633;0;30219.5625
2026-07-01 14:36:00.000;2026-07-01 14:36:59.999;30214.25;30231;30217.25;30203.5;30228.5;30221;1493;0;30222.875
2026-07-01 14:37:00.000;2026-07-01 14:37:59.999;30228.5;30261.25;30244.875;30228.5;30252.75;30247.5;1475;0;30248.8125
2026-07-01 14:38:00.000;2026-07-01 14:38:59.999;30253.5;30260.5;30247.875;30235.25;30249.25;30248.333333333332;972;0;30248.5625
2026-07-01 14:39:00.000;2026-07-01 14:39:59.999;30250.5;30264.75;30256;30247.25;30264.25;30258.75;822;0;30260.125
2026-07-01 14:40:00.000;2026-07-01 14:40:59.999;30264.25;30272;30259;30246;30250;30256;1124;0;30254.5
2026-07-01 14:41:00.000;2026-07-01 14:41:59.999;30250.5;30250.5;30234.125;30217.75;30222.75;30230.333333333332;1490;0;30228.4375
2026-07-01 14:42:00.000;2026-07-01 14:42:59.999;30224;30228.25;30219.25;30210.25;30218.5;30219;1116;0;30218.875
2026-07-01 14:43:00.000;2026-07-01 14:43:59.999;30219;30234;30226.5;30219;30219.25;30224.083333333332;828;0;30222.875
2026-07-01 14:44:00.000;2026-07-01 14:44:59.999;30219.5;30238.5;30220.25;30202;30202;30214.166666666668;1391;0;30211.125
2026-07-01 14:45:00.000;2026-07-01 14:45:59.999;30201.75;30204;30177.25;30150.5;30154;30169.5;2603;0;30165.625
2026-07-01 14:46:00.000;2026-07-01 14:46:59.999;30154.5;30166.75;30152;30137.25;30163.75;30155.916666666668;1879;0;30157.875
2026-07-01 14:47:00.000;2026-07-01 14:47:59.999;30164.75;30190.75;30175.125;30159.5;30169.25;30173.166666666668;1452;0;30172.1875
2026-07-01 14:48:00.000;2026-07-01 14:48:59.999;30170;30179.25;30168.125;30157;30172.75;30169.666666666668;1193;0;30170.4375
2026-07-01 14:49:00.000;2026-07-01 14:49:59.999;30174.75;30195.5;30184.75;30174;30195;30188.166666666668;1052;0;30189.875
2026-07-01 14:50:00.000;2026-07-01 14:50:59.999;30194;30220.75;30205.125;30189.5;30220.75;30210.333333333332;1655;0;30212.9375
2026-07-01 14:51:00.000;2026-07-01 14:51:59.999;30221;30242.25;30225.875;30209.5;30233.25;30228.333333333332;1287;0;30229.5625
2026-07-01 14:52:00.000;2026-07-01 14:52:59.999;30233.75;30233.75;30222.5;30211.25;30218.75;30221.25;828;0;30220.625
2026-07-01 14:53:00.000;2026-07-01 14:53:59.999;30218.75;30235;30226.625;30218.25;30229.25;30227.5;707;0;30227.9375
2026-07-01 14:54:00.000;2026-07-01 14:54:59.999;30229.75;30232;30221.875;30211.75;30214.75;30219.5;906;0;30218.3125
2026-07-01 14:55:00.000;2026-07-01 14:55:59.999;30215;30220.75;30206.875;30193;30199.25;30204.333333333332;1216;0;30203.0625
2026-07-01 14:56:00.000;2026-07-01 14:56:59.999;30200;30207;30192.75;30178.5;30187.25;30190.916666666668;1328;0;30190
2026-07-01 14:57:00.000;2026-07-01 14:57:59.999;30187.75;30189.5;30176.875;30164.25;30168;30173.916666666668;1209;0;30172.4375
2026-07-01 14:58:00.000;2026-07-01 14:58:59.999;30168.5;30175.5;30160.375;30145.25;30147.25;30156;1176;0;30153.8125
2026-07-01 14:59:00.000;2026-07-01 14:59:59.999;30147;30193.75;30169.125;30144.5;30192.25;30176.833333333332;1547;0;30180.6875
2026-07-01 15:00:00.000;2026-07-01 15:00:59.999;30193;30212;30199;30186;30203;30200.333333333332;1556;0;30201
2026-07-01 15:01:00.000;2026-07-01 15:01:59.999;30203.25;30221;30207.625;30194.25;30221;30212.083333333332;1104;0;30214.3125
2026-07-01 15:02:00.000;2026-07-01 15:02:59.999;30220.5;30234;30221.75;30209.5;30232.5;30225.333333333332;1098;0;30227.125
2026-07-01 15:03:00.000;2026-07-01 15:03:59.999;30232.5;30258.5;30244.875;30231.25;30252.25;30247.333333333332;1359;0;30248.5625
2026-07-01 15:04:00.000;2026-07-01 15:04:59.999;30252.25;30271;30260.25;30249.5;30260.5;30260.333333333332;1156;0;30260.375
2026-07-01 15:05:00.000;2026-07-01 15:05:59.999;30261;30270.25;30257.875;30245.5;30260.75;30258.833333333332;1143;0;30259.3125
2026-07-01 15:06:00.000;2026-07-01 15:06:59.999;30261;30262.5;30250.875;30239.25;30241;30247.583333333332;985;0;30245.9375
2026-07-01 15:07:00.000;2026-07-01 15:07:59.999;30242;30260;30250.875;30241.75;30243.75;30248.5;774;0;30247.3125
2026-07-01 15:08:00.000;2026-07-01 15:08:59.999;30242.5;30243.25;30230.25;30217.25;30218.25;30226.25;1186;0;30224.25
2026-07-01 15:09:00.000;2026-07-01 15:09:59.999;30220;30227.5;30214.875;30202.25;30226.75;30218.833333333332;1150;0;30220.8125
2026-07-01 15:10:00.000;2026-07-01 15:10:59.999;30226.75;30231.75;30218;30204.25;30227.25;30221.083333333332;964;0;30222.625
2026-07-01 15:11:00.000;2026-07-01 15:11:59.999;30227.25;30233.25;30220.625;30208;30224.25;30221.833333333332;940;0;30222.4375
2026-07-01 15:12:00.000;2026-07-01 15:12:59.999;30226;30249.5;30231.625;30213.75;30248.75;30237.333333333332;1025;0;30240.1875
2026-07-01 15:13:00.000;2026-07-01 15:13:59.999;30249.25;30257.75;30251.125;30244.5;30251.75;30251.333333333332;839;0;30251.4375
2026-07-01 15:14:00.000;2026-07-01 15:14:59.999;30252.75;30265;30256.5;30248;30261.75;30258.25;831;0;30259.125
2026-07-01 15:15:00.000;2026-07-01 15:15:59.999;30262.25;30287;30274.625;30262.25;30284.75;30278;1794;0;30279.6875
2026-07-01 15:16:00.000;2026-07-01 15:16:59.999;30284;30284.75;30275.375;30266;30267.75;30272.833333333332;938;0;30271.5625
2026-07-01 15:17:00.000;2026-07-01 15:17:59.999;30267.5;30296.25;30281;30265.75;30295;30285.666666666668;798;0;30288
2026-07-01 15:18:00.000;2026-07-01 15:18:59.999;30295.25;30303.75;30298.125;30292.5;30301;30299.083333333332;801;0;30299.5625
2026-07-01 15:19:00.000;2026-07-01 15:19:59.999;30300.75;30315;30301.375;30287.75;30298;30300.25;1049;0;30299.6875
2026-07-01 15:20:00.000;2026-07-01 15:20:59.999;30298.5;30334.75;30316.625;30298.5;30319.5;30317.583333333332;1315;0;30318.0625
2026-07-01 15:21:00.000;2026-07-01 15:21:59.999;30320.25;30329.75;30319.25;30308.75;30312;30316.833333333332;868;0;30315.625
2026-07-01 15:22:00.000;2026-07-01 15:22:59.999;30313;30333.5;30320.625;30307.75;30328.5;30323.25;855;0;30324.5625
2026-07-01 15:23:00.000;2026-07-01 15:23:59.999;30328.25;30332.25;30326.875;30321.5;30324.75;30326.166666666668;624;0;30325.8125
2026-07-01 15:24:00.000;2026-07-01 15:24:59.999;30324.25;30326.25;30312.875;30299.5;30303;30309.583333333332;1218;0;30307.9375
2026-07-01 15:25:00.000;2026-07-01 15:25:59.999;30302;30312.5;30303.625;30294.75;30312.25;30306.5;885;0;30307.9375
2026-07-01 15:26:00.000;2026-07-01 15:26:59.999;30310.75;30325.75;30313.375;30301;30317.75;30314.833333333332;1366;0;30315.5625
2026-07-01 15:27:00.000;2026-07-01 15:27:59.999;30317.5;30333.75;30325;30316.25;30327.75;30325.916666666668;534;0;30326.375
2026-07-01 15:28:00.000;2026-07-01 15:28:59.999;30328.25;30345;30336.25;30327.5;30336.75;30336.416666666668;932;0;30336.5
2026-07-01 15:29:00.000;2026-07-01 15:29:59.999;30337;30346;30340.125;30334.25;30343.25;30341.166666666668;898;0;30341.6875
2026-07-01 15:30:00.000;2026-07-01 15:30:59.999;30342.5;30349;30338.125;30327.25;30335.5;30337.25;1337;0;30336.8125
2026-07-01 15:31:00.000;2026-07-01 15:31:59.999;30336.5;30356.5;30343.125;30329.75;30352.25;30346.166666666668;1045;0;30347.6875
2026-07-01 15:32:00.000;2026-07-01 15:32:59.999;30352.5;30355.25;30340.75;30326.25;30329.75;30337.083333333332;897;0;30335.25
2026-07-01 15:33:00.000;2026-07-01 15:33:59.999;30330;30339.75;30333.5;30327.25;30330.25;30332.416666666668;511;0;30331.875
2026-07-01 15:34:00.000;2026-07-01 15:34:59.999;30332.25;30335.75;30325.375;30315;30318.5;30323.083333333332;734;0;30321.9375
2026-07-01 15:35:00.000;2026-07-01 15:35:59.999;30317.75;30327.75;30314.625;30301.5;30307.5;30312.25;1091;0;30311.0625
2026-07-01 15:36:00.000;2026-07-01 15:36:59.999;30306.25;30309;30297.125;30285.25;30304.5;30299.583333333332;1071;0;30300.8125
2026-07-01 15:37:00.000;2026-07-01 15:37:59.999;30305.25;30317;30304.625;30292.25;30294.75;30301.333333333332;718;0;30299.6875
2026-07-01 15:38:00.000;2026-07-01 15:38:59.999;30295;30310;30302.25;30294.5;30304.75;30303.083333333332;523;0;30303.5
2026-07-01 15:39:00.000;2026-07-01 15:39:59.999;30304.5;30310.5;30303.5;30296.5;30296.5;30301.166666666668;513;0;30300
2026-07-01 15:40:00.000;2026-07-01 15:40:59.999;30297.5;30306.75;30295.125;30283.5;30286.5;30292.25;851;0;30290.8125
2026-07-01 15:41:00.000;2026-07-01 15:41:59.999;30287.25;30304.25;30291.25;30278.25;30304.25;30295.583333333332;979;0;30297.75
2026-07-01 15:42:00.000;2026-07-01 15:42:59.999;30304;30318.75;30311;30303.25;30310.25;30310.75;734;0;30310.625
2026-07-01 15:43:00.000;2026-07-01 15:43:59.999;30310.5;30311.5;30297.75;30284;30285.75;30293.75;606;0;30291.75
2026-07-01 15:44:00.000;2026-07-01 15:44:59.999;30286.75;30295.5;30288.875;30282.25;30291.25;30289.666666666668;394;0;30290.0625
2026-07-01 15:45:00.000;2026-07-01 15:45:59.999;30291.5;30296.5;30287.375;30278.25;30284.25;30286.333333333332;718;0;30285.8125
2026-07-01 15:46:00.000;2026-07-01 15:46:59.999;30285.25;30291.5;30282.25;30273;30285.25;30283.25;763;0;30283.75
2026-07-01 15:47:00.000;2026-07-01 15:47:59.999;30286;30288.75;30279.75;30270.75;30273.75;30277.75;502;0;30276.75
2026-07-01 15:48:00.000;2026-07-01 15:48:59.999;30273.5;30287;30277.75;30268.5;30274.25;30276.583333333332;594;0;30276
2026-07-01 15:49:00.000;2026-07-01 15:49:59.999;30273.75;30274.75;30260.5;30246.25;30251.75;30257.583333333332;1296;0;30256.125
2026-07-01 15:50:00.000;2026-07-01 15:50:59.999;30251.75;30268;30259.5;30251;30258.25;30259.083333333332;882;0;30258.875
2026-07-01 15:51:00.000;2026-07-01 15:51:59.999;30258.25;30260.25;30249.875;30239.5;30245.5;30248.416666666668;878;0;30247.6875
2026-07-01 15:52:00.000;2026-07-01 15:52:59.999;30245.25;30263.75;30253.625;30243.5;30258.75;30255.333333333332;754;0;30256.1875
2026-07-01 15:53:00.000;2026-07-01 15:53:59.999;30257.5;30272.5;30262.375;30252.25;30265;30263.25;709;0;30263.6875
2026-07-01 15:54:00.000;2026-07-01 15:54:59.999;30264.25;30264.75;30250.375;30236;30237.25;30246;716;0;30243.8125
2026-07-01 15:55:00.000;2026-07-01 15:55:59.999;30238;30247.5;30239.375;30231.25;30233.25;30237.333333333332;739;0;30236.3125
2026-07-01 15:56:00.000;2026-07-01 15:56:59.999;30233.5;30244;30236;30228;30243.75;30238.583333333332;735;0;30239.875
2026-07-01 15:57:00.000;2026-07-01 15:57:59.999;30243.5;30255;30245.25;30235.5;30251.75;30247.416666666668;695;0;30248.5
2026-07-01 15:58:00.000;2026-07-01 15:58:59.999;30251.75;30268.25;30259.25;30250.25;30257.25;30258.583333333332;800;0;30258.25
2026-07-01 15:59:00.000;2026-07-01 15:59:59.999;30256.75;30266.75;30260.5;30254.25;30254.75;30258.583333333332;590;0;30257.625
2026-07-01 16:00:00.000;2026-07-01 16:00:59.999;30255;30263.75;30253.875;30244;30256.25;30254.666666666668;888;0;30255.0625
2026-07-01 16:01:00.000;2026-07-01 16:01:59.999;30256;30259.25;30254.125;30249;30251.75;30253.333333333332;470;0;30252.9375
2026-07-01 16:02:00.000;2026-07-01 16:02:59.999;30251.5;30275;30261.25;30247.5;30266.5;30263;690;0;30263.875
2026-07-01 16:03:00.000;2026-07-01 16:03:59.999;30266.75;30278.25;30266.625;30255;30255.75;30263;619;0;30261.1875
2026-07-01 16:04:00.000;2026-07-01 16:04:59.999;30256.5;30262.25;30248.625;30235;30243.25;30246.833333333332;742;0;30245.9375
2026-07-01 16:05:00.000;2026-07-01 16:05:59.999;30244;30245.75;30239.125;30232.5;30240.75;30239.666666666668;647;0;30239.9375
2026-07-01 16:06:00.000;2026-07-01 16:06:59.999;30241.75;30258.5;30249.625;30240.75;30251.25;30250.166666666668;573;0;30250.4375
2026-07-01 16:07:00.000;2026-07-01 16:07:59.999;30253;30267;30259.25;30251.5;30256.25;30258.25;404;0;30257.75
2026-07-01 16:08:00.000;2026-07-01 16:08:59.999;30254.75;30262.5;30255.625;30248.75;30254.25;30255.166666666668;289;0;30254.9375
2026-07-01 16:09:00.000;2026-07-01 16:09:59.999;30253.25;30255.5;30245.5;30235.5;30239.5;30243.5;532;0;30242.5
2026-07-01 16:10:00.000;2026-07-01 16:10:59.999;30239.5;30246.25;30234.75;30223.25;30245.25;30238.25;996;0;30240
2026-07-01 16:11:00.000;2026-07-01 16:11:59.999;30245.5;30257;30249.25;30241.5;30257;30251.833333333332;676;0;30253.125
2026-07-01 16:12:00.000;2026-07-01 16:12:59.999;30255.75;30261.5;30256.875;30252.25;30258.25;30257.333333333332;357;0;30257.5625
2026-07-01 16:13:00.000;2026-07-01 16:13:59.999;30257;30259.5;30250.5;30241.5;30241.75;30247.583333333332;513;0;30246.125
2026-07-01 16:14:00.000;2026-07-01 16:14:59.999;30244;30247.25;30240.625;30234;30242.25;30241.166666666668;324;0;30241.4375
2026-07-01 16:15:00.000;2026-07-01 16:15:59.999;30241.25;30245.5;30235.875;30226.25;30227.25;30233;489;0;30231.5625
2026-07-01 16:16:00.000;2026-07-01 16:16:59.999;30228.25;30237.5;30227.375;30217.25;30237.5;30230.75;865;0;30232.4375
2026-07-01 16:17:00.000;2026-07-01 16:17:59.999;30236.5;30247.5;30239.875;30232.25;30240.75;30240.166666666668;416;0;30240.3125
2026-07-01 16:18:00.000;2026-07-01 16:18:59.999;30240.25;30246;30237;30228;30239;30237.666666666668;390;0;30238
2026-07-01 16:19:00.000;2026-07-01 16:19:59.999;30239;30260.75;30246.75;30232.75;30256.25;30249.916666666668;909;0;30251.5
2026-07-01 16:20:00.000;2026-07-01 16:20:59.999;30256;30260.25;30254.125;30248;30257.75;30255.333333333332;436;0;30255.9375
2026-07-01 16:21:00.000;2026-07-01 16:21:59.999;30258;30263.5;30257.125;30250.75;30258.25;30257.5;343;0;30257.6875
2026-07-01 16:22:00.000;2026-07-01 16:22:59.999;30257.75;30266.25;30259;30251.75;30262;30260;400;0;30260.5
2026-07-01 16:23:00.000;2026-07-01 16:23:59.999;30262.25;30284.25;30272.5;30260.75;30276.5;30273.833333333332;836;0;30274.5
2026-07-01 16:24:00.000;2026-07-01 16:24:59.999;30277;30281;30273.5;30266;30267;30271.333333333332;677;0;30270.25
2026-07-01 16:25:00.000;2026-07-01 16:25:59.999;30267.75;30274.25;30265.125;30256;30256.5;30262.25;644;0;30260.8125
2026-07-01 16:26:00.000;2026-07-01 16:26:59.999;30256.75;30271.25;30264;30256.75;30268.5;30265.5;283;0;30266.25
2026-07-01 16:27:00.000;2026-07-01 16:27:59.999;30269.5;30269.5;30262.75;30256;30265;30263.5;315;0;30263.875
2026-07-01 16:28:00.000;2026-07-01 16:28:59.999;30263.5;30267.75;30258;30248.25;30252.75;30256.25;387;0;30255.375
2026-07-01 16:29:00.000;2026-07-01 16:29:59.999;30253;30257.75;30250.75;30243.75;30245.75;30249.083333333332;544;0;30248.25
2026-07-01 16:30:00.000;2026-07-01 16:30:59.999;30245.75;30251.5;30244.375;30237.25;30243.25;30244;738;0;30243.8125
2026-07-01 16:31:00.000;2026-07-01 16:31:59.999;30242.25;30254;30247.75;30241.5;30249.75;30248.416666666668;423;0;30248.75
2026-07-01 16:32:00.000;2026-07-01 16:32:59.999;30250;30255.25;30249.125;30243;30253.75;30250.666666666668;321;0;30251.4375
2026-07-01 16:33:00.000;2026-07-01 16:33:59.999;30253.25;30263;30255.875;30248.75;30260.75;30257.5;409;0;30258.3125
2026-07-01 16:34:00.000;2026-07-01 16:34:59.999;30261;30261;30254.125;30247.25;30256.75;30255;369;0;30255.4375
2026-07-01 16:35:00.000;2026-07-01 16:35:59.999;30256.75;30256.75;30248.5;30240.25;30243.25;30246.75;372;0;30245.875
2026-07-01 16:36:00.000;2026-07-01 16:36:59.999;30243.25;30246.25;30241.875;30237.5;30243.25;30242.333333333332;357;0;30242.5625
2026-07-01 16:37:00.000;2026-07-01 16:37:59.999;30243.75;30250.5;30243.375;30236.25;30243;30243.25;383;0;30243.1875
2026-07-01 16:38:00.000;2026-07-01 16:38:59.999;30243.5;30245.5;30239.875;30234.25;30242;30240.583333333332;336;0;30240.9375
2026-07-01 16:39:00.000;2026-07-01 16:39:59.999;30242;30242.5;30230.75;30219;30220;30227.166666666668;621;0;30225.375
2026-07-01 16:40:00.000;2026-07-01 16:40:59.999;30220;30229;30221.875;30214.75;30220.75;30221.5;692;0;30221.3125
2026-07-01 16:41:00.000;2026-07-01 16:41:59.999;30220.25;30226;30215.125;30204.25;30211.25;30213.833333333332;679;0;30213.1875
2026-07-01 16:42:00.000;2026-07-01 16:42:59.999;30211.75;30214.5;30208.375;30202.25;30211.5;30209.416666666668;521;0;30209.9375
2026-07-01 16:43:00.000;2026-07-01 16:43:59.999;30211;30216.25;30209;30201.75;30208.75;30208.916666666668;468;0;30208.875
2026-07-01 16:44:00.000;2026-07-01 16:44:59.999;30208.75;30224.75;30214.625;30204.5;30223.75;30217.666666666668;601;0;30219.1875
2026-07-01 16:45:00.000;2026-07-01 16:45:59.999;30223.25;30223.75;30213.75;30203.75;30204.75;30210.75;760;0;30209.25
2026-07-01 16:46:00.000;2026-07-01 16:46:59.999;30205;30220.5;30212.625;30204.75;30218.5;30214.583333333332;519;0;30215.5625
2026-07-01 16:47:00.000;2026-07-01 16:47:59.999;30219;30241.5;30230.25;30219;30232.25;30230.916666666668;740;0;30231.25
2026-07-01 16:48:00.000;2026-07-01 16:48:59.999;30231.75;30232;30228.125;30224.25;30228;30228.083333333332;333;0;30228.0625
2026-07-01 16:49:00.000;2026-07-01 16:49:59.999;30230;30232.75;30223.75;30214.75;30217.5;30221.666666666668;365;0;30220.625
2026-07-01 16:50:00.000;2026-07-01 16:50:59.999;30218;30229.25;30221.75;30214.25;30228.25;30223.916666666668;443;0;30225
2026-07-01 16:51:00.000;2026-07-01 16:51:59.999;30228.25;30228.5;30217.25;30206;30213.5;30216;477;0;30215.375
2026-07-01 16:52:00.000;2026-07-01 16:52:59.999;30214;30218.75;30209.125;30199.5;30203;30207.083333333332;880;0;30206.0625
2026-07-01 16:53:00.000;2026-07-01 16:53:59.999;30203;30217.5;30208.625;30199.75;30200.25;30205.833333333332;585;0;30204.4375
2026-07-01 16:54:00.000;2026-07-01 16:54:59.999;30201.25;30215.25;30206.125;30197;30214.5;30208.916666666668;505;0;30210.3125
2026-07-01 16:55:00.000;2026-07-01 16:55:59.999;30214.75;30220;30210.25;30200.5;30203.25;30207.916666666668;494;0;30206.75
2026-07-01 16:56:00.000;2026-07-01 16:56:59.999;30200.75;30206.5;30197.75;30189;30202.75;30199.416666666668;623;0;30200.25
2026-07-01 16:57:00.000;2026-07-01 16:57:59.999;30202;30209;30200.75;30192.5;30200.75;30200.75;454;0;30200.75
2026-07-01 16:58:00.000;2026-07-01 16:58:59.999;30200;30204;30197.125;30190.25;30194.75;30196.333333333332;661;0;30195.9375
2026-07-01 16:59:00.000;2026-07-01 16:59:59.999;30194.75;30199.25;30186;30172.75;30190.25;30187.416666666668;905;0;30188.125
2026-07-01 17:00:00.000;2026-07-01 17:00:59.999;30190;30217.5;30203;30188.5;30212.25;30206.083333333332;787;0;30207.625
2026-07-01 17:01:00.000;2026-07-01 17:01:59.999;30212.75;30215.75;30208.75;30201.75;30209.75;30209.083333333332;476;0;30209.25
2026-07-01 17:02:00.000;2026-07-01 17:02:59.999;30209.5;30210.25;30198.375;30186.5;30194;30196.916666666668;668;0;30196.1875
2026-07-01 17:03:00.000;2026-07-01 17:03:59.999;30194.5;30200.5;30185.75;30171;30175.5;30182.333333333332;859;0;30180.625
2026-07-01 17:04:00.000;2026-07-01 17:04:59.999;30175.75;30184.75;30178;30171.25;30181.25;30179.083333333332;459;0;30179.625
2026-07-01 17:05:00.000;2026-07-01 17:05:59.999;30179.5;30180.75;30169.875;30159;30166.5;30168.75;1004;0;30168.1875
2026-07-01 17:06:00.000;2026-07-01 17:06:59.999;30166.25;30169;30160.625;30152.25;30167.25;30162.833333333332;826;0;30163.9375
2026-07-01 17:07:00.000;2026-07-01 17:07:59.999;30167.5;30189.5;30178.375;30167.25;30185;30180.583333333332;1039;0;30181.6875
2026-07-01 17:08:00.000;2026-07-01 17:08:59.999;30184.5;30191.75;30184.625;30177.5;30180.5;30183.25;505;0;30182.5625
2026-07-01 17:09:00.000;2026-07-01 17:09:59.999;30181;30193.25;30186.375;30179.5;30185.25;30186;527;0;30185.8125
2026-07-01 17:10:00.000;2026-07-01 17:10:59.999;30184.5;30185.25;30177.5;30169.75;30171.25;30175.416666666668;595;0;30174.375
2026-07-01 17:11:00.000;2026-07-01 17:11:59.999;30171.25;30180.5;30173;30165.5;30178.25;30174.75;319;0;30175.625
2026-07-01 17:12:00.000;2026-07-01 17:12:59.999;30177.5;30195;30185.875;30176.75;30193.75;30188.5;570;0;30189.8125
2026-07-01 17:13:00.000;2026-07-01 17:13:59.999;30194;30206;30195.75;30185.5;30196;30195.833333333332;797;0;30195.875
2026-07-01 17:14:00.000;2026-07-01 17:14:59.999;30195.5;30200.5;30196.375;30192.25;30198;30196.916666666668;341;0;30197.1875
2026-07-01 17:15:00.000;2026-07-01 17:15:59.999;30197.5;30208.5;30199.375;30190.25;30194.75;30197.833333333332;553;0;30197.0625
2026-07-01 17:16:00.000;2026-07-01 17:16:59.999;30195.5;30205;30199;30193;30199;30199;403;0;30199
2026-07-01 17:17:00.000;2026-07-01 17:17:59.999;30199.5;30210.25;30200.375;30190.5;30192.5;30197.75;507;0;30196.4375
2026-07-01 17:18:00.000;2026-07-01 17:18:59.999;30193;30203.25;30195.75;30188.25;30193.75;30195.083333333332;373;0;30194.75
2026-07-01 17:19:00.000;2026-07-01 17:19:59.999;30193.5;30214;30203.125;30192.25;30212.75;30206.333333333332;517;0;30207.9375
2026-07-01 17:20:00.000;2026-07-01 17:20:59.999;30213.25;30226;30217.875;30209.75;30219.75;30218.5;678;0;30218.8125
2026-07-01 17:21:00.000;2026-07-01 17:21:59.999;30220.5;30223.25;30218.75;30214.25;30218.25;30218.583333333332;432;0;30218.5
2026-07-01 17:22:00.000;2026-07-01 17:22:59.999;30218.25;30229.5;30222.25;30215;30225.25;30223.25;444;0;30223.75
2026-07-01 17:23:00.000;2026-07-01 17:23:59.999;30226;30230.75;30226.375;30222;30229.75;30227.5;397;0;30228.0625
2026-07-01 17:24:00.000;2026-07-01 17:24:59.999;30229;30235.75;30230.375;30225;30231;30230.583333333332;380;0;30230.6875
2026-07-01 17:25:00.000;2026-07-01 17:25:59.999;30230.5;30240.5;30232.25;30224;30225;30229.833333333332;611;0;30228.625
2026-07-01 17:26:00.000;2026-07-01 17:26:59.999;30225.25;30229;30223.75;30218.5;30225;30224.166666666668;508;0;30224.375
2026-07-01 17:27:00.000;2026-07-01 17:27:59.999;30225.75;30231.25;30226.75;30222.25;30223.25;30225.583333333332;356;0;30225
2026-07-01 17:28:00.000;2026-07-01 17:28:59.999;30223;30226;30217.625;30209.25;30210.75;30215.333333333332;613;0;30214.1875
2026-07-01 17:29:00.000;2026-07-01 17:29:59.999;30212;30214.25;30209;30203.75;30210;30209.333333333332;485;0;30209.5
2026-07-01 17:30:00.000;2026-07-01 17:30:59.999;30209.25;30223.5;30216;30208.5;30218.25;30216.75;515;0;30217.125
2026-07-01 17:31:00.000;2026-07-01 17:31:59.999;30219;30220.5;30215.25;30210;30216.5;30215.666666666668;324;0;30215.875
2026-07-01 17:32:00.000;2026-07-01 17:32:59.999;30216.75;30219.5;30203.125;30186.75;30194.25;30200.166666666668;895;0;30198.6875
2026-07-01 17:33:00.000;2026-07-01 17:33:59.999;30194.75;30201.5;30194.125;30186.75;30193.75;30194;549;0;30193.9375
2026-07-01 17:34:00.000;2026-07-01 17:34:59.999;30193.5;30202.5;30195.625;30188.75;30198.5;30196.583333333332;317;0;30197.0625
2026-07-01 17:35:00.000;2026-07-01 17:35:59.999;30200.5;30203.5;30194;30184.5;30195;30194.333333333332;530;0;30194.5
2026-07-01 17:36:00.000;2026-07-01 17:36:59.999;30194;30196.25;30192.875;30189.5;30194.5;30193.416666666668;289;0;30193.6875
2026-07-01 17:37:00.000;2026-07-01 17:37:59.999;30194.5;30209;30201.75;30194.5;30207.5;30203.666666666668;594;0;30204.625
2026-07-01 17:38:00.000;2026-07-01 17:38:59.999;30207.25;30210.75;30205.75;30200.75;30205.75;30205.75;290;0;30205.75
2026-07-01 17:39:00.000;2026-07-01 17:39:59.999;30205;30209.25;30203.125;30197;30205.5;30203.916666666668;224;0;30204.3125
2026-07-01 17:40:00.000;2026-07-01 17:40:59.999;30206.25;30214;30205.75;30197.5;30207.5;30206.333333333332;376;0;30206.625
2026-07-01 17:41:00.000;2026-07-01 17:41:59.999;30207.5;30207.5;30201.125;30194.75;30201;30201.083333333332;334;0;30201.0625
2026-07-01 17:42:00.000;2026-07-01 17:42:59.999;30201.25;30203.25;30196.625;30190;30190.25;30194.5;266;0;30193.4375
2026-07-01 17:43:00.000;2026-07-01 17:43:59.999;30190.5;30198.25;30191.875;30185.5;30197.5;30193.75;379;0;30194.6875
2026-07-01 17:44:00.000;2026-07-01 17:44:59.999;30197;30200.25;30192.875;30185.5;30188.25;30191.333333333332;342;0;30190.5625
2026-07-01 17:45:00.000;2026-07-01 17:45:59.999;30189.25;30196.5;30187.875;30179.25;30191.75;30189.166666666668;644;0;30189.8125
2026-07-01 17:46:00.000;2026-07-01 17:46:59.999;30192.5;30196.25;30187.5;30178.75;30183.5;30186.166666666668;381;0;30185.5
2026-07-01 17:47:00.000;2026-07-01 17:47:59.999;30183;30186.5;30180.375;30174.25;30175.25;30178.666666666668;446;0;30177.8125
2026-07-01 17:48:00.000;2026-07-01 17:48:59.999;30175.5;30180.75;30174.625;30168.5;30180;30176.416666666668;518;0;30177.3125
2026-07-01 17:49:00.000;2026-07-01 17:49:59.999;30179.5;30183.25;30177.375;30171.5;30181.75;30178.833333333332;380;0;30179.5625
2026-07-01 17:50:00.000;2026-07-01 17:50:59.999;30181.75;30202.5;30192;30181.5;30201.5;30195.166666666668;672;0;30196.75
2026-07-01 17:51:00.000;2026-07-01 17:51:59.999;30200.25;30207.5;30200.125;30192.75;30192.75;30197.666666666668;461;0;30196.4375
2026-07-01 17:52:00.000;2026-07-01 17:52:59.999;30193;30194.75;30187.5;30180.25;30191.25;30188.75;364;0;30189.375
2026-07-01 17:53:00.000;2026-07-01 17:53:59.999;30190.75;30203.25;30196.75;30190.25;30200;30197.833333333332;405;0;30198.375
2026-07-01 17:54:00.000;2026-07-01 17:54:59.999;30199;30201;30194.375;30187.75;30193.5;30194.083333333332;241;0;30193.9375
2026-07-01 17:55:00.000;2026-07-01 17:55:59.999;30193.5;30195.5;30184.125;30172.75;30190.75;30186.333333333332;776;0;30187.4375
2026-07-01 17:56:00.000;2026-07-01 17:56:59.999;30191.75;30192.5;30185.375;30178.25;30189;30186.583333333332;509;0;30187.1875
2026-07-01 17:57:00.000;2026-07-01 17:57:59.999;30190;30190;30180.875;30171.75;30176.5;30179.416666666668;303;0;30178.6875
2026-07-01 17:58:00.000;2026-07-01 17:58:59.999;30177;30180.75;30174.25;30167.75;30170;30172.833333333332;385;0;30172.125
2026-07-01 17:59:00.000;2026-07-01 17:59:59.999;30169.75;30171;30164.25;30157.5;30163.75;30164.083333333332;669;0;30164
2026-07-01 18:00:00.000;2026-07-01 18:00:59.999;30164.25;30178.25;30168.375;30158.5;30171.5;30169.416666666668;792;0;30169.9375
2026-07-01 18:01:00.000;2026-07-01 18:01:59.999;30171;30176.5;30170.625;30164.75;30173.75;30171.666666666668;451;0;30172.1875
2026-07-01 18:02:00.000;2026-07-01 18:02:59.999;30172.5;30182.25;30173.75;30165.25;30178;30175.166666666668;464;0;30175.875
2026-07-01 18:03:00.000;2026-07-01 18:03:59.999;30178;30185.25;30178.125;30171;30178.5;30178.25;578;0;30178.3125
2026-07-01 18:04:00.000;2026-07-01 18:04:59.999;30179.25;30187.75;30180.875;30174;30185.5;30182.416666666668;342;0;30183.1875
2026-07-01 18:05:00.000;2026-07-01 18:05:59.999;30186.5;30187.5;30182.875;30178.25;30181.75;30182.5;357;0;30182.3125
2026-07-01 18:06:00.000;2026-07-01 18:06:59.999;30181;30187;30177.5;30168;30177;30177.333333333332;434;0;30177.25
2026-07-01 18:07:00.000;2026-07-01 18:07:59.999;30178.25;30186.25;30179.875;30173.5;30175.75;30178.5;355;0;30177.8125
2026-07-01 18:08:00.000;2026-07-01 18:08:59.999;30174.75;30185;30179.875;30174.75;30184.5;30181.416666666668;222;0;30182.1875
2026-07-01 18:09:00.000;2026-07-01 18:09:59.999;30184.25;30187.25;30183.625;30180;30184.25;30183.833333333332;228;0;30183.9375
2026-07-01 18:10:00.000;2026-07-01 18:10:59.999;30184.75;30190;30182.5;30175;30177;30180.666666666668;466;0;30179.75
2026-07-01 18:11:00.000;2026-07-01 18:11:59.999;30176.25;30178;30166;30154;30155.25;30162.416666666668;652;0;30160.625
2026-07-01 18:12:00.000;2026-07-01 18:12:59.999;30155.25;30162.5;30158.75;30155;30159.25;30158.916666666668;374;0;30159
2026-07-01 18:13:00.000;2026-07-01 18:13:59.999;30158.5;30167.25;30162.875;30158.5;30163.75;30163.166666666668;317;0;30163.3125
2026-07-01 18:14:00.000;2026-07-01 18:14:59.999;30164.25;30164.25;30158.875;30153.5;30155.5;30157.75;313;0;30157.1875
2026-07-01 18:15:00.000;2026-07-01 18:15:59.999;30155;30157;30149;30141;30148;30148.666666666668;1227;0;30148.5
2026-07-01 18:16:00.000;2026-07-01 18:16:59.999;30147.5;30149.75;30143.75;30137.75;30143;30143.5;639;0;30143.375
2026-07-01 18:17:00.000;2026-07-01 18:17:59.999;30143;30152.25;30146.125;30140;30144.25;30145.5;522;0;30145.1875
2026-07-01 18:18:00.000;2026-07-01 18:18:59.999;30143.75;30151.5;30146.25;30141;30147.25;30146.583333333332;374;0;30146.75
2026-07-01 18:19:00.000;2026-07-01 18:19:59.999;30146.5;30166.25;30155.75;30145.25;30163.75;30158.416666666668;516;0;30159.75
2026-07-01 18:20:00.000;2026-07-01 18:20:59.999;30163.75;30173;30166.25;30159.5;30164.25;30165.583333333332;720;0;30165.25
2026-07-01 18:21:00.000;2026-07-01 18:21:59.999;30164.25;30172;30165.75;30159.5;30170.25;30167.25;479;0;30168
2026-07-01 18:22:00.000;2026-07-01 18:22:59.999;30170.5;30172.25;30167.125;30162;30163.75;30166;363;0;30165.4375
2026-07-01 18:23:00.000;2026-07-01 18:23:59.999;30163.75;30163.75;30160;30156.25;30160;30160;306;0;30160
2026-07-01 18:24:00.000;2026-07-01 18:24:59.999;30158.75;30176.5;30166.875;30157.25;30174.75;30169.5;403;0;30170.8125
2026-07-01 18:25:00.000;2026-07-01 18:25:59.999;30175.5;30182.25;30177.875;30173.5;30175.25;30177;462;0;30176.5625
2026-07-01 18:26:00.000;2026-07-01 18:26:59.999;30174.25;30179.5;30175.125;30170.75;30171.5;30173.916666666668;302;0;30173.3125
2026-07-01 18:27:00.000;2026-07-01 18:27:59.999;30172.5;30179;30173;30167;30169.25;30171.75;325;0;30171.125
2026-07-01 18:28:00.000;2026-07-01 18:28:59.999;30170;30170;30165.625;30161.25;30166.25;30165.833333333332;268;0;30165.9375
2026-07-01 18:29:00.000;2026-07-01 18:29:59.999;30166.5;30167.25;30163;30158.75;30159.5;30161.833333333332;269;0;30161.25
2026-07-01 18:30:00.000;2026-07-01 18:30:59.999;30158.75;30161;30152.75;30144.5;30149;30151.5;769;0;30150.875
2026-07-01 18:31:00.000;2026-07-01 18:31:59.999;30149;30155.75;30149.75;30143.75;30153.25;30150.916666666668;478;0;30151.5
2026-07-01 18:32:00.000;2026-07-01 18:32:59.999;30152.5;30159.5;30155.5;30151.5;30153;30154.666666666668;361;0;30154.25
2026-07-01 18:33:00.000;2026-07-01 18:33:59.999;30153;30161.75;30157.125;30152.5;30160;30158.083333333332;298;0;30158.5625
2026-07-01 18:34:00.000;2026-07-01 18:34:59.999;30159;30165.75;30161.375;30157;30161;30161.25;288;0;30161.1875
2026-07-01 18:35:00.000;2026-07-01 18:35:59.999;30161;30174.75;30167.125;30159.5;30170;30168.083333333332;485;0;30168.5625
2026-07-01 18:36:00.000;2026-07-01 18:36:59.999;30170.5;30173;30164.375;30155.75;30160.75;30163.166666666668;415;0;30162.5625
2026-07-01 18:37:00.000;2026-07-01 18:37:59.999;30159.75;30166.25;30160;30153.75;30154;30158;318;0;30157
2026-07-01 18:38:00.000;2026-07-01 18:38:59.999;30153.5;30156.25;30152.625;30149;30150.75;30152;373;0;30151.6875
2026-07-01 18:39:00.000;2026-07-01 18:39:59.999;30151.5;30158.25;30154.875;30151.5;30154.25;30154.666666666668;337;0;30154.5625
2026-07-01 18:40:00.000;2026-07-01 18:40:59.999;30154.75;30158.75;30153.375;30148;30149;30151.916666666668;369;0;30151.1875
2026-07-01 18:41:00.000;2026-07-01 18:41:59.999;30150;30150;30146;30142;30142.25;30144.75;403;0;30144.125
2026-07-01 18:42:00.000;2026-07-01 18:42:59.999;30142.25;30148.25;30145;30141.75;30146.25;30145.416666666668;339;0;30145.625
2026-07-01 18:43:00.000;2026-07-01 18:43:59.999;30147.5;30149.25;30140.875;30132.5;30144.5;30142.083333333332;729;0;30142.6875
2026-07-01 18:44:00.000;2026-07-01 18:44:59.999;30144.25;30145.5;30141;30136.5;30145.25;30142.416666666668;462;0;30143.125
2026-07-01 18:45:00.000;2026-07-01 18:45:59.999;30145.25;30145.5;30140.125;30134.75;30136.25;30138.833333333332;386;0;30138.1875
2026-07-01 18:46:00.000;2026-07-01 18:46:59.999;30137;30137.75;30132;30126.25;30129;30131;614;0;30130.5
2026-07-01 18:47:00.000;2026-07-01 18:47:59.999;30129.75;30130.75;30122;30113.25;30115.75;30119.916666666668;892;0;30118.875
2026-07-01 18:48:00.000;2026-07-01 18:48:59.999;30115.5;30122.5;30115.875;30109.25;30120;30117.25;910;0;30117.9375
2026-07-01 18:49:00.000;2026-07-01 18:49:59.999;30119.25;30127;30121.875;30116.75;30122.25;30122;505;0;30122.0625
2026-07-01 18:50:00.000;2026-07-01 18:50:59.999;30122.75;30126.25;30122.375;30118.5;30122;30122.25;393;0;30122.1875
2026-07-01 18:51:00.000;2026-07-01 18:51:59.999;30122;30135;30128.125;30121.25;30128.25;30128.166666666668;508;0;30128.1875
2026-07-01 18:52:00.000;2026-07-01 18:52:59.999;30128;30128.25;30122.75;30117.25;30118;30121.166666666668;439;0;30120.375
2026-07-01 18:53:00.000;2026-07-01 18:53:59.999;30117.75;30120.75;30113.25;30105.75;30115;30113.833333333332;1177;0;30114.125
2026-07-01 18:54:00.000;2026-07-01 18:54:59.999;30115.5;30117.75;30109.75;30101.75;30102.75;30107.416666666668;570;0;30106.25
2026-07-01 18:55:00.000;2026-07-01 18:55:59.999;30102.5;30113.75;30106.875;30100;30102.5;30105.416666666668;844;0;30104.6875
2026-07-01 18:56:00.000;2026-07-01 18:56:59.999;30103.75;30113.25;30106.125;30099;30110.5;30107.583333333332;504;0;30108.3125
2026-07-01 18:57:00.000;2026-07-01 18:57:59.999;30110.25;30126;30117.125;30108.25;30124.25;30119.5;407;0;30120.6875
2026-07-01 18:58:00.000;2026-07-01 18:58:59.999;30124.75;30133.25;30128.375;30123.5;30127.5;30128.083333333332;711;0;30127.9375
2026-07-01 18:59:00.000;2026-07-01 18:59:59.999;30128.75;30136.25;30132.5;30128.75;30132.75;30132.583333333332;443;0;30132.625
2026-07-01 19:00:00.000;2026-07-01 19:00:59.999;30132.75;30152.75;30140;30127.25;30137.75;30139.25;1283;0;30138.875
2026-07-01 19:01:00.000;2026-07-01 19:01:59.999;30137;30142.5;30137;30131.5;30140.75;30138.25;475;0;30138.875
2026-07-01 19:02:00.000;2026-07-01 19:02:59.999;30142;30168.5;30154.5;30140.5;30164.25;30157.75;882;0;30159.375
2026-07-01 19:03:00.000;2026-07-01 19:03:59.999;30164.25;30167;30161;30155;30164.5;30162.166666666668;551;0;30162.75
2026-07-01 19:04:00.000;2026-07-01 19:04:59.999;30163.5;30179.5;30171.5;30163.5;30178.5;30173.833333333332;781;0;30175
2026-07-01 19:05:00.000;2026-07-01 19:05:59.999;30178.75;30195.5;30184.5;30173.5;30194.25;30187.75;1084;0;30189.375
2026-07-01 19:06:00.000;2026-07-01 19:06:59.999;30192.75;30201;30193;30185;30201;30195.666666666668;683;0;30197
2026-07-01 19:07:00.000;2026-07-01 19:07:59.999;30201.5;30202.5;30194.5;30186.5;30193;30194;731;0;30193.75
2026-07-01 19:08:00.000;2026-07-01 19:08:59.999;30193;30202.5;30197.125;30191.75;30202;30198.75;466;0;30199.5625
2026-07-01 19:09:00.000;2026-07-01 19:09:59.999;30202;30217;30209.5;30202;30212.5;30210.5;958;0;30211
2026-07-01 19:10:00.000;2026-07-01 19:10:59.999;30213;30214.25;30207;30199.75;30209;30207.666666666668;833;0;30208
2026-07-01 19:11:00.000;2026-07-01 19:11:59.999;30208.75;30214.5;30202.375;30190.25;30192;30198.916666666668;743;0;30197.1875
2026-07-01 19:12:00.000;2026-07-01 19:12:59.999;30191.5;30195.25;30188.625;30182;30186.5;30187.916666666668;687;0;30187.5625
2026-07-01 19:13:00.000;2026-07-01 19:13:59.999;30186.75;30195.75;30191;30186.25;30192.5;30191.5;392;0;30191.75
2026-07-01 19:14:00.000;2026-07-01 19:14:59.999;30191.25;30198.5;30191.125;30183.75;30186.75;30189.666666666668;398;0;30188.9375
2026-07-01 19:15:00.000;2026-07-01 19:15:59.999;30187.25;30191.5;30185.375;30179.25;30184.5;30185.083333333332;517;0;30184.9375
2026-07-01 19:16:00.000;2026-07-01 19:16:59.999;30185.25;30198;30191.625;30185.25;30193.75;30192.333333333332;403;0;30192.6875
2026-07-01 19:17:00.000;2026-07-01 19:17:59.999;30193.75;30196.75;30188.375;30180;30185.5;30187.416666666668;345;0;30186.9375
2026-07-01 19:18:00.000;2026-07-01 19:18:59.999;30185;30186;30177;30168;30175;30176.333333333332;589;0;30176
2026-07-01 19:19:00.000;2026-07-01 19:19:59.999;30175;30195.75;30185.25;30174.75;30194.75;30188.416666666668;535;0;30190
2026-07-01 19:20:00.000;2026-07-01 19:20:59.999;30193.75;30201.25;30196;30190.75;30195.25;30195.75;595;0;30195.625
2026-07-01 19:21:00.000;2026-07-01 19:21:59.999;30195.25;30202;30198.625;30195.25;30198;30198.416666666668;382;0;30198.3125
2026-07-01 19:22:00.000;2026-07-01 19:22:59.999;30197.25;30205.75;30199.75;30193.75;30201.5;30200.333333333332;527;0;30200.625
2026-07-01 19:23:00.000;2026-07-01 19:23:59.999;30201;30205.25;30201;30196.75;30202.5;30201.5;436;0;30201.75
2026-07-01 19:24:00.000;2026-07-01 19:24:59.999;30202.25;30210.75;30206;30201.25;30206.5;30206.166666666668;454;0;30206.25
2026-07-01 19:25:00.000;2026-07-01 19:25:59.999;30207;30208.75;30190.75;30172.75;30179.75;30187.083333333332;858;0;30185.25
2026-07-01 19:26:00.000;2026-07-01 19:26:59.999;30179.75;30183.75;30177.625;30171.5;30174.75;30176.666666666668;693;0;30176.1875
2026-07-01 19:27:00.000;2026-07-01 19:27:59.999;30174.5;30182.25;30177.625;30173;30180;30178.416666666668;381;0;30178.8125
2026-07-01 19:28:00.000;2026-07-01 19:28:59.999;30180.25;30190.25;30182.375;30174.5;30190;30184.916666666668;463;0;30186.1875
2026-07-01 19:29:00.000;2026-07-01 19:29:59.999;30190.5;30196.5;30193;30189.5;30190;30192;512;0;30191.5
2026-07-01 19:30:00.000;2026-07-01 19:30:59.999;30190;30231.5;30210.75;30190;30225.5;30215.666666666668;1387;0;30218.125
2026-07-01 19:31:00.000;2026-07-01 19:31:59.999;30225.5;30225.5;30211;30196.5;30210.25;30210.75;1038;0;30210.625
2026-07-01 19:32:00.000;2026-07-01 19:32:59.999;30209.75;30216.5;30210.125;30203.75;30211.75;30210.666666666668;508;0;30210.9375
2026-07-01 19:33:00.000;2026-07-01 19:33:59.999;30211.5;30218.5;30212.5;30206.5;30216.5;30213.833333333332;410;0;30214.5
2026-07-01 19:34:00.000;2026-07-01 19:34:59.999;30216.75;30219;30212.125;30205.25;30213.25;30212.5;509;0;30212.6875
2026-07-01 19:35:00.000;2026-07-01 19:35:59.999;30213.25;30213.25;30198.125;30183;30190;30195.416666666668;860;0;30194.0625
2026-07-01 19:36:00.000;2026-07-01 19:36:59.999;30190.25;30191.5;30183.25;30175;30181;30182.5;599;0;30182.125
2026-07-01 19:37:00.000;2026-07-01 19:37:59.999;30181;30183;30177.25;30171.5;30175.25;30176.583333333332;506;0;30176.25
2026-07-01 19:38:00.000;2026-07-01 19:38:59.999;30173.75;30175.5;30169.25;30163;30166;30168.166666666668;845;0;30167.625
2026-07-01 19:39:00.000;2026-07-01 19:39:59.999;30165.5;30173.75;30168.875;30164;30166.5;30168.083333333332;467;0;30167.6875
2026-07-01 19:40:00.000;2026-07-01 19:40:59.999;30166;30169.75;30156.75;30143.75;30146.5;30153.333333333332;978;0;30151.625
2026-07-01 19:41:00.000;2026-07-01 19:41:59.999;30146.5;30152.75;30145.125;30137.5;30140.25;30143.5;718;0;30142.6875
2026-07-01 19:42:00.000;2026-07-01 19:42:59.999;30139.75;30144;30140;30136;30142;30140.666666666668;448;0;30141
2026-07-01 19:43:00.000;2026-07-01 19:43:59.999;30141.5;30151.75;30144.5;30137.25;30148;30145.666666666668;703;0;30146.25
2026-07-01 19:44:00.000;2026-07-01 19:44:59.999;30146.75;30156.5;30145.375;30134.25;30143.25;30144.666666666668;770;0;30144.3125
2026-07-01 19:45:00.000;2026-07-01 19:45:59.999;30143.5;30145.5;30137.375;30129.25;30134.5;30136.416666666668;666;0;30135.9375
2026-07-01 19:46:00.000;2026-07-01 19:46:59.999;30135.25;30143.5;30136.25;30129;30133.75;30135.416666666668;605;0;30135
2026-07-01 19:47:00.000;2026-07-01 19:47:59.999;30134.5;30136.75;30132.625;30128.5;30134;30133.083333333332;555;0;30133.3125
2026-07-01 19:48:00.000;2026-07-01 19:48:59.999;30133.75;30139.75;30132.875;30126;30127;30130.916666666668;656;0;30129.9375
2026-07-01 19:49:00.000;2026-07-01 19:49:59.999;30127.75;30134.25;30128.125;30122;30132.25;30129.5;594;0;30130.1875
2026-07-01 19:50:00.000;2026-07-01 19:50:59.999;30131.75;30161.75;30145.875;30130;30143.5;30145.083333333332;1407;0;30144.6875
2026-07-01 19:51:00.000;2026-07-01 19:51:59.999;30143.25;30143.25;30128.875;30114.5;30116.75;30124.833333333332;886;0;30122.8125
2026-07-01 19:52:00.000;2026-07-01 19:52:59.999;30117;30118;30111.375;30104.75;30112.5;30111.75;1028;0;30111.9375
2026-07-01 19:53:00.000;2026-07-01 19:53:59.999;30112;30132.25;30118.375;30104.5;30125.25;30120.666666666668;1240;0;30121.8125
2026-07-01 19:54:00.000;2026-07-01 19:54:59.999;30125.5;30134.5;30114.5;30094.5;30117.5;30115.5;2376;0;30116
2026-07-01 19:55:00.000;2026-07-01 19:55:59.999;30117.5;30119.25;30109.625;30100;30109;30109.416666666668;1760;0;30109.3125
2026-07-01 19:56:00.000;2026-07-01 19:56:59.999;30108;30116.75;30110.625;30104.5;30108;30109.75;1295;0;30109.3125
2026-07-01 19:57:00.000;2026-07-01 19:57:59.999;30108.5;30108.5;30081.25;30054;30068.25;30076.916666666668;2457;0;30074.75
2026-07-01 19:58:00.000;2026-07-01 19:58:59.999;30068.25;30083.75;30075.25;30066.75;30081.5;30077.333333333332;2801;0;30078.375
2026-07-01 19:59:00.000;2026-07-01 19:59:59.999;30081;30108.25;30093.75;30079.25;30080.75;30089.416666666668;11476;0;30087.25
2026-07-01 20:00:00.000;2026-07-01 20:00:59.999;30080.75;30086.25;30064.125;30042;30047.25;30058.5;4355;0;30055.6875
2026-07-01 20:01:00.000;2026-07-01 20:01:59.999;30046;30046.25;30035;30023.75;30027;30032.333333333332;1846;0;30031
2026-07-01 20:02:00.000;2026-07-01 20:02:59.999;30028;30037.75;30028.875;30020;30027;30028.25;1533;0;30027.9375
2026-07-01 20:03:00.000;2026-07-01 20:03:59.999;30027.5;30033.25;30020.875;30008.5;30023.25;30021.666666666668;2042;0;30022.0625
2026-07-01 20:04:00.000;2026-07-01 20:04:59.999;30023.75;30034.25;30023.625;30013;30029.25;30025.5;1318;0;30026.4375
2026-07-01 20:05:00.000;2026-07-01 20:05:59.999;30029.75;30033.75;30024.875;30016;30021.75;30023.833333333332;865;0;30023.3125
2026-07-01 20:06:00.000;2026-07-01 20:06:59.999;30022.5;30046.75;30033.375;30020;30042.75;30036.5;978;0;30038.0625
2026-07-01 20:07:00.000;2026-07-01 20:07:59.999;30042.5;30053;30044.375;30035.75;30050.5;30046.416666666668;806;0;30047.4375
2026-07-01 20:08:00.000;2026-07-01 20:08:59.999;30051.75;30055.75;30050.75;30045.75;30051;30050.833333333332;554;0;30050.875
2026-07-01 20:09:00.000;2026-07-01 20:09:59.999;30051;30052;30046;30040;30042.75;30044.916666666668;633;0;30044.375
2026-07-01 20:10:00.000;2026-07-01 20:10:59.999;30042.25;30058;30049.25;30040.5;30055.75;30051.416666666668;492;0;30052.5
2026-07-01 20:11:00.000;2026-07-01 20:11:59.999;30055.75;30066.5;30059;30051.5;30052.5;30056.833333333332;519;0;30055.75
2026-07-01 20:12:00.000;2026-07-01 20:12:59.999;30052;30054.5;30048.25;30042;30052.75;30049.75;322;0;30050.5
2026-07-01 20:13:00.000;2026-07-01 20:13:59.999;30052.75;30066;30059.25;30052.5;30056;30058.166666666668;274;0;30057.625
2026-07-01 20:14:00.000;2026-07-01 20:14:59.999;30056.25;30069.25;30062.625;30056;30060.75;30062;359;0;30061.6875
2026-07-01 20:15:00.000;2026-07-01 20:15:59.999;30060.25;30060.5;30053.875;30047.25;30052.5;30053.416666666668;312;0;30053.1875
2026-07-01 20:16:00.000;2026-07-01 20:16:59.999;30052.5;30054.75;30048.25;30041.75;30043;30046.5;158;0;30045.625
2026-07-01 20:17:00.000;2026-07-01 20:17:59.999;30043;30049.5;30043.25;30037;30039;30041.833333333332;253;0;30041.125
2026-07-01 20:18:00.000;2026-07-01 20:18:59.999;30038.25;30045.25;30039.625;30034;30037;30038.75;498;0;30038.3125
2026-07-01 20:19:00.000;2026-07-01 20:19:59.999;30037.5;30042.25;30037;30031.75;30033.75;30035.916666666668;164;0;30035.375
2026-07-01 20:20:00.000;2026-07-01 20:20:59.999;30034.5;30038.25;30034.75;30031.25;30032.75;30034.083333333332;189;0;30033.75
2026-07-01 20:21:00.000;2026-07-01 20:21:59.999;30032.5;30035;30030.625;30026.25;30031;30030.75;141;0;30030.8125
2026-07-01 20:22:00.000;2026-07-01 20:22:59.999;30031.5;30047.25;30038.625;30030;30044;30040.416666666668;196;0;30041.3125
2026-07-01 20:23:00.000;2026-07-01 20:23:59.999;30042.5;30048.5;30045.5;30042.5;30047;30046;102;0;30046.25
2026-07-01 20:24:00.000;2026-07-01 20:24:59.999;30046.5;30057.75;30052.125;30046.5;30055.75;30053.333333333332;215;0;30053.9375
2026-07-01 20:25:00.000;2026-07-01 20:25:59.999;30056;30065.25;30060.5;30055.75;30061.75;30060.916666666668;189;0;30061.125
2026-07-01 20:26:00.000;2026-07-01 20:26:59.999;30061.75;30062.5;30059.75;30057;30057;30058.833333333332;186;0;30058.375
2026-07-01 20:27:00.000;2026-07-01 20:27:59.999;30056.75;30061;30054.625;30048.25;30060.75;30056.666666666668;246;0;30057.6875
2026-07-01 20:28:00.000;2026-07-01 20:28:59.999;30062;30062;30050.5;30039;30049.25;30050.083333333332;274;0;30049.875
2026-07-01 20:29:00.000;2026-07-01 20:29:59.999;30050;30054.5;30049.875;30045.25;30052.5;30050.75;131;0;30051.1875
2026-07-01 20:30:00.000;2026-07-01 20:30:59.999;30052.5;30053.5;30050.375;30047.25;30049.75;30050.166666666668;107;0;30050.0625
2026-07-01 20:31:00.000;2026-07-01 20:31:59.999;30047;30056.5;30048.625;30040.75;30052.5;30049.916666666668;238;0;30050.5625
2026-07-01 20:32:00.000;2026-07-01 20:32:59.999;30051.75;30057.75;30052.625;30047.5;30048.75;30051.333333333332;138;0;30050.6875
2026-07-01 20:33:00.000;2026-07-01 20:33:59.999;30048.5;30048.75;30045.75;30042.75;30045.75;30045.75;133;0;30045.75
2026-07-01 20:34:00.000;2026-07-01 20:34:59.999;30045.25;30046;30039.75;30033.5;30036.75;30038.75;159;0;30038.25
2026-07-01 20:35:00.000;2026-07-01 20:35:59.999;30036.75;30037.5;30031.5;30025.5;30026.75;30029.916666666668;178;0;30029.125
2026-07-01 20:36:00.000;2026-07-01 20:36:59.999;30026.5;30030;30025.25;30020.5;30030;30026.833333333332;223;0;30027.625
2026-07-01 20:37:00.000;2026-07-01 20:37:59.999;30029.5;30040.75;30034.875;30029;30039.75;30036.5;223;0;30037.3125
2026-07-01 20:38:00.000;2026-07-01 20:38:59.999;30038.5;30039.75;30036.875;30034;30037;30036.916666666668;205;0;30036.9375
2026-07-01 20:39:00.000;2026-07-01 20:39:59.999;30036.25;30047.75;30041.125;30034.5;30047.25;30043.166666666668;256;0;30044.1875
2026-07-01 20:40:00.000;2026-07-01 20:40:59.999;30047.75;30049.75;30046;30042.25;30045.75;30045.916666666668;203;0;30045.875
2026-07-01 20:41:00.000;2026-07-01 20:41:59.999;30045;30051.25;30048;30044.75;30045.5;30047.166666666668;170;0;30046.75
2026-07-01 20:42:00.000;2026-07-01 20:42:59.999;30045.75;30051.25;30046.375;30041.5;30050.5;30047.75;91;0;30048.4375
2026-07-01 20:43:00.000;2026-07-01 20:43:59.999;30050;30052.25;30049;30045.75;30051.25;30049.75;73;0;30050.125
2026-07-01 20:44:00.000;2026-07-01 20:44:59.999;30050.5;30053.75;30051.625;30049.5;30051.75;30051.666666666668;76;0;30051.6875
2026-07-01 20:45:00.000;2026-07-01 20:45:59.999;30052.75;30059.25;30055.25;30051.25;30051.25;30053.916666666668;160;0;30053.25
2026-07-01 20:46:00.000;2026-07-01 20:46:59.999;30051.75;30054.75;30052.75;30050.75;30051.75;30052.416666666668;78;0;30052.25
2026-07-01 20:47:00.000;2026-07-01 20:47:59.999;30052.5;30055.75;30053.375;30051;30055.25;30054;76;0;30054.3125
2026-07-01 20:48:00.000;2026-07-01 20:48:59.999;30056;30058;30053.5;30049;30057.25;30054.75;228;0;30055.375
2026-07-01 20:49:00.000;2026-07-01 20:49:59.999;30057.5;30062.25;30058.375;30054.5;30055.75;30057.5;156;0;30057.0625
2026-07-01 20:50:00.000;2026-07-01 20:50:59.999;30056;30056;30052.125;30048.25;30054.75;30053;140;0;30053.4375
2026-07-01 20:51:00.000;2026-07-01 20:51:59.999;30055.25;30057.5;30054;30050.5;30051.75;30053.25;73;0;30052.875
2026-07-01 20:52:00.000;2026-07-01 20:52:59.999;30051.75;30057.25;30052.125;30047;30047;30050.416666666668;128;0;30049.5625
2026-07-01 20:53:00.000;2026-07-01 20:53:59.999;30045.25;30050.5;30046.375;30042.25;30043.75;30045.5;47;0;30045.0625
2026-07-01 20:54:00.000;2026-07-01 20:54:59.999;30043.25;30045.75;30043.625;30041.5;30045.75;30044.333333333332;65;0;30044.6875
2026-07-01 20:55:00.000;2026-07-01 20:55:59.999;30046.75;30054;30048.875;30043.75;30054;30050.583333333332;76;0;30051.4375
2026-07-01 20:56:00.000;2026-07-01 20:56:59.999;30052.25;30052.5;30051.375;30050.25;30050.5;30051.083333333332;41;0;30050.9375
2026-07-01 20:57:00.000;2026-07-01 20:57:59.999;30048.75;30054.25;30051.5;30048.75;30053.75;30052.25;64;0;30052.625
2026-07-01 20:58:00.000;2026-07-01 20:58:59.999;30053;30066.5;30056.875;30047.25;30066.5;30060.083333333332;220;0;30061.6875
2026-07-01 20:59:00.000;2026-07-01 20:59:59.999;30067.5;30075;30067.5;30060;30064.25;30066.416666666668;220;0;30065.875
2026-07-01 22:00:00.000;2026-07-01 22:00:59.999;30089.75;30105;30091.25;30077.5;30080.75;30087.75;442;0;30086
2026-07-01 22:01:00.000;2026-07-01 22:01:59.999;30083.25;30099.25;30085.625;30072;30096.5;30089.25;193;0;30091.0625
2026-07-01 22:02:00.000;2026-07-01 22:02:59.999;30098;30109.75;30096.625;30083.5;30083.75;30092.333333333332;240;0;30090.1875
2026-07-01 22:03:00.000;2026-07-01 22:03:59.999;30083.75;30093.25;30082.125;30071;30077.25;30080.5;193;0;30079.6875
2026-07-01 22:04:00.000;2026-07-01 22:04:59.999;30079.25;30079.25;30071.625;30064;30071.5;30071.583333333332;195;0;30071.5625
2026-07-01 22:05:00.000;2026-07-01 22:05:59.999;30071;30079.25;30071.625;30064;30070.75;30071.333333333332;155;0;30071.1875
2026-07-01 22:06:00.000;2026-07-01 22:06:59.999;30070.5;30079.5;30075;30070.5;30076;30075.333333333332;53;0;30075.5
2026-07-01 22:07:00.000;2026-07-01 22:07:59.999;30078;30084.5;30081.25;30078;30082.5;30081.666666666668;84;0;30081.875
2026-07-01 22:08:00.000;2026-07-01 22:08:59.999;30082.5;30099.5;30091;30082.5;30092;30091.333333333332;235;0;30091.5
2026-07-01 22:09:00.000;2026-07-01 22:09:59.999;30090;30091.25;30083.25;30075.25;30079.75;30082.083333333332;95;0;30081.5
2026-07-01 22:10:00.000;2026-07-01 22:10:59.999;30080.75;30081.75;30077.375;30073;30074.25;30076.333333333332;42;0;30075.8125
2026-07-01 22:11:00.000;2026-07-01 22:11:59.999;30072.5;30072.5;30069.875;30067.25;30068.25;30069.333333333332;41;0;30069.0625
2026-07-01 22:12:00.000;2026-07-01 22:12:59.999;30068.5;30070.75;30068;30065.25;30068.25;30068.083333333332;40;0;30068.125
2026-07-01 22:13:00.000;2026-07-01 22:13:59.999;30066.75;30066.75;30062;30057.25;30058.5;30060.833333333332;93;0;30060.25
2026-07-01 22:14:00.000;2026-07-01 22:14:59.999;30058.25;30062.5;30057.375;30052.25;30052.25;30055.666666666668;66;0;30054.8125
2026-07-01 22:15:00.000;2026-07-01 22:15:59.999;30054.5;30062.25;30058.125;30054;30062.25;30059.5;48;0;30060.1875
2026-07-01 22:16:00.000;2026-07-01 22:16:59.999;30060;30062;30058.875;30055.75;30058.5;30058.75;31;0;30058.6875
2026-07-01 22:17:00.000;2026-07-01 22:17:59.999;30058.5;30058.75;30055.125;30051.5;30057.75;30056;96;0;30056.4375
2026-07-01 22:18:00.000;2026-07-01 22:18:59.999;30059.25;30064;30061.125;30058.25;30060.75;30061;43;0;30060.9375
2026-07-01 22:19:00.000;2026-07-01 22:19:59.999;30063.25;30068.5;30064;30059.5;30068.5;30065.5;41;0;30066.25
2026-07-01 22:20:00.000;2026-07-01 22:20:59.999;30068.5;30084;30076.25;30068.5;30083.5;30078.666666666668;135;0;30079.875
2026-07-01 22:21:00.000;2026-07-01 22:21:59.999;30086;30097;30091.5;30086;30093;30092;152;0;30092.25
2026-07-01 22:22:00.000;2026-07-01 22:22:59.999;30094;30094;30092.25;30090.5;30092.75;30092.416666666668;178;0;30092.5
2026-07-01 22:23:00.000;2026-07-01 22:23:59.999;30093.75;30094;30092;30090;30090;30091.333333333332;47;0;30091
2026-07-01 22:24:00.000;2026-07-01 22:24:59.999;30089.75;30094;30091.375;30088.75;30093;30091.916666666668;99;0;30092.1875
2026-07-01 22:25:00.000;2026-07-01 22:25:59.999;30094;30100;30095.375;30090.75;30096.75;30095.833333333332;219;0;30096.0625
2026-07-01 22:26:00.000;2026-07-01 22:26:59.999;30097.75;30098.25;30095.125;30092;30097;30095.75;60;0;30096.0625
2026-07-01 22:27:00.000;2026-07-01 22:27:59.999;30094;30098.5;30095.375;30092.25;30096.5;30095.75;34;0;30095.9375
2026-07-01 22:28:00.000;2026-07-01 22:28:59.999;30096.5;30099.75;30096.75;30093.75;30098;30097.166666666668;45;0;30097.375
2026-07-01 22:29:00.000;2026-07-01 22:29:59.999;30097;30102.5;30097.875;30093.25;30094.75;30096.833333333332;72;0;30096.3125
2026-07-01 22:30:00.000;2026-07-01 22:30:59.999;30095;30103;30097.75;30092.5;30100;30098.5;71;0;30098.875
2026-07-01 22:31:00.000;2026-07-01 22:31:59.999;30099.25;30099.25;30095.5;30091.75;30093.25;30094.75;78;0;30094.375
2026-07-01 22:32:00.000;2026-07-01 22:32:59.999;30093;30104;30098.5;30093;30102.75;30099.916666666668;79;0;30100.625
2026-07-01 22:33:00.000;2026-07-01 22:33:59.999;30102.75;30112.5;30107.5;30102.5;30111.25;30108.75;160;0;30109.375
2026-07-01 22:34:00.000;2026-07-01 22:34:59.999;30110.75;30113;30109.625;30106.25;30109.25;30109.5;233;0;30109.4375
2026-07-01 22:35:00.000;2026-07-01 22:35:59.999;30108.25;30110.5;30108.125;30105.75;30109;30108.416666666668;51;0;30108.5625
2026-07-01 22:36:00.000;2026-07-01 22:36:59.999;30110;30113;30107;30101;30104.25;30106.083333333332;113;0;30105.625
2026-07-01 22:37:00.000;2026-07-01 22:37:59.999;30105;30108.25;30105.375;30102.5;30104.25;30105;88;0;30104.8125
2026-07-01 22:38:00.000;2026-07-01 22:38:59.999;30104.75;30106;30103.75;30101.5;30103;30103.5;41;0;30103.375
2026-07-01 22:39:00.000;2026-07-01 22:39:59.999;30102.75;30108;30105;30102;30107.5;30105.833333333332;25;0;30106.25
2026-07-01 22:40:00.000;2026-07-01 22:40:59.999;30108.25;30110;30107.5;30105;30107.75;30107.583333333332;50;0;30107.625
2026-07-01 22:41:00.000;2026-07-01 22:41:59.999;30106.25;30111.5;30108.625;30105.75;30105.75;30107.666666666668;66;0;30107.1875
2026-07-01 22:42:00.000;2026-07-01 22:42:59.999;30106.75;30107.25;30105.25;30103.25;30105.75;30105.416666666668;29;0;30105.5
2026-07-01 22:43:00.000;2026-07-01 22:43:59.999;30106.75;30110.25;30108.25;30106.25;30108;30108.166666666668;20;0;30108.125
2026-07-01 22:44:00.000;2026-07-01 22:44:59.999;30108.75;30108.75;30104.875;30101;30102.75;30104.166666666668;47;0;30103.8125
2026-07-01 22:45:00.000;2026-07-01 22:45:59.999;30104.75;30106.5;30104.125;30101.75;30103.5;30103.916666666668;34;0;30103.8125
2026-07-01 22:46:00.000;2026-07-01 22:46:59.999;30103.75;30103.75;30096.5;30089.25;30089.5;30094.166666666668;136;0;30093
2026-07-01 22:47:00.000;2026-07-01 22:47:59.999;30089.5;30092.5;30089.75;30087;30087;30088.833333333332;56;0;30088.375
2026-07-01 22:48:00.000;2026-07-01 22:48:59.999;30088.5;30091;30089.5;30088;30088;30089;35;0;30088.75
2026-07-01 22:49:00.000;2026-07-01 22:49:59.999;30088.5;30093;30090.5;30088;30090.5;30090.5;41;0;30090.5
2026-07-01 22:50:00.000;2026-07-01 22:50:59.999;30090.25;30091.5;30086.375;30081.25;30084.5;30085.75;59;0;30085.4375
2026-07-01 22:51:00.000;2026-07-01 22:51:59.999;30085;30091;30087.375;30083.75;30088.75;30087.833333333332;41;0;30088.0625
2026-07-01 22:52:00.000;2026-07-01 22:52:59.999;30089.75;30092.75;30091.25;30089.75;30092.75;30091.75;22;0;30092
2026-07-01 22:53:00.000;2026-07-01 22:53:59.999;30093.5;30094;30092;30090;30092.5;30092.166666666668;31;0;30092.25
2026-07-01 22:54:00.000;2026-07-01 22:54:59.999;30094;30094.5;30089.25;30084;30085.75;30088.083333333332;76;0;30087.5
2026-07-01 22:55:00.000;2026-07-01 22:55:59.999;30085;30093;30088.625;30084.25;30093;30090.083333333332;85;0;30090.8125
2026-07-01 22:56:00.000;2026-07-01 22:56:59.999;30093;30110.5;30101.75;30093;30110.25;30104.583333333332;188;0;30106
2026-07-01 22:57:00.000;2026-07-01 22:57:59.999;30110.25;30112.5;30109.125;30105.75;30109.75;30109.333333333332;74;0;30109.4375
2026-07-01 22:58:00.000;2026-07-01 22:58:59.999;30111;30118;30113.125;30108.25;30111;30112.416666666668;158;0;30112.0625
2026-07-01 22:59:00.000;2026-07-01 22:59:59.999;30109.5;30113;30109.625;30106.25;30107.25;30108.833333333332;91;0;30108.4375
2026-07-01 23:00:00.000;2026-07-01 23:00:59.999;30108.25;30111;30103.625;30096.25;30096.25;30101.166666666668;108;0;30099.9375
2026-07-01 23:01:00.000;2026-07-01 23:01:59.999;30095;30103.5;30097.875;30092.25;30100.75;30098.833333333332;127;0;30099.3125
2026-07-01 23:02:00.000;2026-07-01 23:02:59.999;30100.25;30102.75;30097.5;30092.25;30102.75;30099.25;81;0;30100.125
2026-07-01 23:03:00.000;2026-07-01 23:03:59.999;30101;30101;30096.75;30092.5;30100;30097.833333333332;62;0;30098.375
2026-07-01 23:04:00.000;2026-07-01 23:04:59.999;30100;30100.5;30097;30093.5;30093.5;30095.833333333332;45;0;30095.25
2026-07-01 23:05:00.000;2026-07-01 23:05:59.999;30092.5;30093.75;30089.75;30085.75;30089;30089.5;43;0;30089.375
2026-07-01 23:06:00.000;2026-07-01 23:06:59.999;30088.25;30091;30088.375;30085.75;30089.25;30088.666666666668;48;0;30088.8125
2026-07-01 23:07:00.000;2026-07-01 23:07:59.999;30090.5;30092.75;30089.125;30085.5;30086;30088.083333333332;43;0;30087.5625
2026-07-01 23:08:00.000;2026-07-01 23:08:59.999;30085.25;30088.5;30085.5;30082.5;30086.5;30085.833333333332;61;0;30086
2026-07-01 23:09:00.000;2026-07-01 23:09:59.999;30088;30093;30084.375;30075.75;30080;30082.916666666668;265;0;30082.1875
2026-07-01 23:10:00.000;2026-07-01 23:10:59.999;30081.75;30087.5;30084;30080.5;30083.5;30083.833333333332;74;0;30083.75
2026-07-01 23:11:00.000;2026-07-01 23:11:59.999;30084;30084;30080.5;30077;30079.5;30080.166666666668;84;0;30080
2026-07-01 23:12:00.000;2026-07-01 23:12:59.999;30080.5;30082.5;30079.5;30076.5;30080;30079.666666666668;73;0;30079.75
2026-07-01 23:13:00.000;2026-07-01 23:13:59.999;30081;30082.25;30073;30063.75;30066.75;30070.916666666668;149;0;30069.875
2026-07-01 23:14:00.000;2026-07-01 23:14:59.999;30068.25;30069;30064.875;30060.75;30063.5;30064.416666666668;104;0;30064.1875
2026-07-01 23:15:00.000;2026-07-01 23:15:59.999;30063;30068.5;30062.375;30056.25;30065;30063.25;109;0;30063.6875
2026-07-01 23:16:00.000;2026-07-01 23:16:59.999;30064.75;30064.75;30062.125;30059.5;30061.5;30061.916666666668;72;0;30061.8125
2026-07-01 23:17:00.000;2026-07-01 23:17:59.999;30063.25;30065;30061.625;30058.25;30061;30061.416666666668;74;0;30061.3125
2026-07-01 23:18:00.000;2026-07-01 23:18:59.999;30062.5;30062.75;30058.375;30054;30057;30057.916666666668;51;0;30057.6875
2026-07-01 23:19:00.000;2026-07-01 23:19:59.999;30056.25;30060.75;30057.875;30055;30059.5;30058.416666666668;30;0;30058.6875
2026-07-01 23:20:00.000;2026-07-01 23:20:59.999;30059.5;30060;30058.375;30056.75;30059.75;30058.833333333332;21;0;30059.0625
2026-07-01 23:21:00.000;2026-07-01 23:21:59.999;30061;30063.75;30059;30054.25;30062;30060;76;0;30060.5
2026-07-01 23:22:00.000;2026-07-01 23:22:59.999;30063.25;30068.75;30066;30063.25;30067.5;30066.5;126;0;30066.75
2026-07-01 23:23:00.000;2026-07-01 23:23:59.999;30067.25;30068.75;30066.875;30065;30067.5;30067.083333333332;138;0;30067.1875
2026-07-01 23:24:00.000;2026-07-01 23:24:59.999;30068.5;30069;30062.625;30056.25;30057.25;30060.833333333332;117;0;30059.9375
2026-07-01 23:25:00.000;2026-07-01 23:25:59.999;30058.75;30066.75;30062.5;30058.25;30064.5;30063.166666666668;57;0;30063.5
2026-07-01 23:26:00.000;2026-07-01 23:26:59.999;30063.75;30068.75;30066.25;30063.75;30065.75;30066.083333333332;27;0;30066
2026-07-01 23:27:00.000;2026-07-01 23:27:59.999;30064.75;30064.75;30062.625;30060.5;30063;30062.75;42;0;30062.8125
2026-07-01 23:28:00.000;2026-07-01 23:28:59.999;30063;30068.5;30065.25;30062;30068.5;30066.333333333332;42;0;30066.875
2026-07-01 23:29:00.000;2026-07-01 23:29:59.999;30067;30068.75;30067.25;30065.75;30067.25;30067.25;29;0;30067.25
2026-07-01 23:30:00.000;2026-07-01 23:30:59.999;30068.75;30068.75;30066.375;30064;30064.5;30065.75;36;0;30065.4375
2026-07-01 23:31:00.000;2026-07-01 23:31:59.999;30065.5;30068.75;30067.125;30065.5;30067.5;30067.25;50;0;30067.3125
2026-07-01 23:32:00.000;2026-07-01 23:32:59.999;30067;30067.25;30065;30062.75;30062.75;30064.25;28;0;30063.875
2026-07-01 23:33:00.000;2026-07-01 23:33:59.999;30061.25;30063.75;30062;30060.25;30063.25;30062.416666666668;36;0;30062.625
2026-07-01 23:34:00.000;2026-07-01 23:34:59.999;30063.5;30065;30056.75;30048.5;30048.75;30054.083333333332;270;0;30052.75
2026-07-01 23:35:00.000;2026-07-01 23:35:59.999;30049.5;30050.5;30046;30041.5;30047.75;30046.583333333332;154;0;30046.875
2026-07-01 23:36:00.000;2026-07-01 23:36:59.999;30048.5;30072.25;30058.25;30044.25;30065;30060.5;217;0;30061.625
2026-07-01 23:37:00.000;2026-07-01 23:37:59.999;30065.75;30067.25;30063.625;30060;30064.5;30063.916666666668;108;0;30064.0625
2026-07-01 23:38:00.000;2026-07-01 23:38:59.999;30065.25;30073.25;30069.25;30065.25;30073;30070.5;32;0;30071.125
2026-07-01 23:39:00.000;2026-07-01 23:39:59.999;30073.25;30075;30071.375;30067.75;30069;30070.583333333332;54;0;30070.1875
2026-07-01 23:40:00.000;2026-07-01 23:40:59.999;30069;30070.25;30067.75;30065.25;30065.75;30067.083333333332;40;0;30066.75
2026-07-01 23:41:00.000;2026-07-01 23:41:59.999;30067;30075.25;30071.125;30067;30072.5;30071.583333333332;51;0;30071.8125
2026-07-01 23:42:00.000;2026-07-01 23:42:59.999;30071.75;30073.25;30070;30066.75;30069;30069.666666666668;48;0;30069.5
2026-07-01 23:43:00.000;2026-07-01 23:43:59.999;30069;30071.25;30067.5;30063.75;30065.75;30066.916666666668;86;0;30066.625
2026-07-01 23:44:00.000;2026-07-01 23:44:59.999;30066;30071.75;30068.875;30066;30071.75;30069.833333333332;26;0;30070.3125
2026-07-01 23:45:00.000;2026-07-01 23:45:59.999;30073.75;30073.75;30055.875;30038;30051.75;30054.5;224;0;30053.8125
2026-07-01 23:46:00.000;2026-07-01 23:46:59.999;30052;30052.25;30040.75;30029.25;30033.5;30038.333333333332;177;0;30037.125
2026-07-01 23:47:00.000;2026-07-01 23:47:59.999;30034.5;30046.25;30038.625;30031;30043;30040.083333333332;90;0;30040.8125
2026-07-01 23:48:00.000;2026-07-01 23:48:59.999;30043.75;30052.75;30043.25;30033.75;30033.75;30040.083333333332;109;0;30038.5
2026-07-01 23:49:00.000;2026-07-01 23:49:59.999;30035.5;30035.5;30029.125;30022.75;30026;30028.083333333332;152;0;30027.5625
2026-07-01 23:50:00.000;2026-07-01 23:50:59.999;30026.25;30031;30020.625;30010.25;30019.75;30020.333333333332;195;0;30020.1875
2026-07-01 23:51:00.000;2026-07-01 23:51:59.999;30021;30032;30026.125;30020.25;30027.5;30026.583333333332;105;0;30026.8125
2026-07-01 23:52:00.000;2026-07-01 23:52:59.999;30026;30042.75;30032.5;30022.25;30038.5;30034.5;88;0;30035.5
2026-07-01 23:53:00.000;2026-07-01 23:53:59.999;30040.75;30055;30047.875;30040.75;30044.75;30046.833333333332;169;0;30046.3125
2026-07-01 23:54:00.000;2026-07-01 23:54:59.999;30044;30054.5;30049.25;30044;30048.5;30049;96;0;30048.875
2026-07-01 23:55:00.000;2026-07-01 23:55:59.999;30048.25;30052.5;30045.625;30038.75;30038.75;30043.333333333332;127;0;30042.1875
2026-07-01 23:56:00.000;2026-07-01 23:56:59.999;30038.75;30047.25;30042.5;30037.75;30044.25;30043.083333333332;74;0;30043.375
2026-07-01 23:57:00.000;2026-07-01 23:57:59.999;30041.25;30043.5;30039.375;30035.25;30037.75;30038.833333333332;60;0;30038.5625
2026-07-01 23:58:00.000;2026-07-01 23:58:59.999;30037.25;30042.25;30038.875;30035.5;30041.25;30039.666666666668;56;0;30040.0625
2026-07-01 23:59:00.000;2026-07-01 23:59:59.999;30043;30050;30043.75;30037.5;30042.75;30043.416666666668;101;0;30043.25
2026-07-02 00:00:00.000;2026-07-02 00:00:59.999;30046;30046;30028.5;30011;30015.75;30024.25;407;0;30022.125
2026-07-02 00:01:00.000;2026-07-02 00:01:59.999;30014.75;30015.75;29997.5;29979.25;29986;29993.666666666668;623;0;29991.75
2026-07-02 00:02:00.000;2026-07-02 00:02:59.999;29984.75;30003.75;29987;29970.25;29998.75;29990.916666666668;380;0;29992.875
2026-07-02 00:03:00.000;2026-07-02 00:03:59.999;30001;30001.25;29979.625;29958;29965;29974.75;307;0;29972.3125
2026-07-02 00:04:00.000;2026-07-02 00:04:59.999;29965;29981.5;29967;29952.5;29957.25;29963.75;357;0;29962.125
2026-07-02 00:05:00.000;2026-07-02 00:05:59.999;29956.75;29983;29969.5;29956;29979;29972.666666666668;402;0;29974.25
2026-07-02 00:06:00.000;2026-07-02 00:06:59.999;29978.5;29996;29982.5;29969;29974.75;29979.916666666668;427;0;29978.625
2026-07-02 00:07:00.000;2026-07-02 00:07:59.999;29972.25;29990.25;29981.25;29972.25;29987.5;29983.333333333332;143;0;29984.375
2026-07-02 00:08:00.000;2026-07-02 00:08:59.999;29986.75;30000.75;29990.125;29979.5;30000;29993.416666666668;140;0;29995.0625
2026-07-02 00:09:00.000;2026-07-02 00:09:59.999;29998;30003.75;29997.75;29991.75;29999.25;29998.25;139;0;29998.5
2026-07-02 00:10:00.000;2026-07-02 00:10:59.999;29996.25;30031.25;30013.75;29996.25;30029.25;30018.916666666668;275;0;30021.5
2026-07-02 00:11:00.000;2026-07-02 00:11:59.999;30027.75;30040.25;30030.25;30020.25;30024.5;30028.333333333332;196;0;30027.375
2026-07-02 00:12:00.000;2026-07-02 00:12:59.999;30021.25;30029.25;30012;29994.75;30000.75;30008.25;179;0;30006.375
2026-07-02 00:13:00.000;2026-07-02 00:13:59.999;30005.75;30012;30001.5;29991;30002;30001.666666666668;193;0;30001.75
2026-07-02 00:14:00.000;2026-07-02 00:14:59.999;30002;30008.25;30002.375;29996.5;29998.75;30001.166666666668;95;0;30000.5625
2026-07-02 00:15:00.000;2026-07-02 00:15:59.999;30002;30010.5;30002.75;29995;30000.5;30002;188;0;30001.625
2026-07-02 00:16:00.000;2026-07-02 00:16:59.999;29999;30009;30001.875;29994.75;30005.5;30003.083333333332;136;0;30003.6875
2026-07-02 00:17:00.000;2026-07-02 00:17:59.999;30000.25;30012.25;30003.625;29995;30002.5;30003.25;168;0;30003.0625
2026-07-02 00:18:00.000;2026-07-02 00:18:59.999;30004.5;30010.5;30000.5;29990.5;29992;29997.666666666668;110;0;29996.25
2026-07-02 00:19:00.000;2026-07-02 00:19:59.999;29991;29994.25;29985.75;29977.25;29978.25;29983.25;188;0;29982
2026-07-02 00:20:00.000;2026-07-02 00:20:59.999;29981.5;29995.25;29985.5;29975.75;29995.25;29988.75;115;0;29990.375
2026-07-02 00:21:00.000;2026-07-02 00:21:59.999;29991.25;30019.5;30002.5;29985.5;30017.5;30007.5;191;0;30010
2026-07-02 00:22:00.000;2026-07-02 00:22:59.999;30015.5;30024.5;30017.75;30011;30021.75;30019.083333333332;123;0;30019.75
2026-07-02 00:23:00.000;2026-07-02 00:23:59.999;30020.5;30043;30031.75;30020.5;30034.25;30032.583333333332;233;0;30033
2026-07-02 00:24:00.000;2026-07-02 00:24:59.999;30035;30050;30042.5;30035;30045.75;30043.583333333332;161;0;30044.125
2026-07-02 00:25:00.000;2026-07-02 00:25:59.999;30046.25;30052.75;30046.625;30040.5;30047.5;30046.916666666668;118;0;30047.0625
2026-07-02 00:26:00.000;2026-07-02 00:26:59.999;30047.5;30047.5;30042;30036.5;30045.25;30043.083333333332;59;0;30043.625
2026-07-02 00:27:00.000;2026-07-02 00:27:59.999;30045.25;30047.75;30039.75;30031.75;30035.25;30038.25;90;0;30037.5
2026-07-02 00:28:00.000;2026-07-02 00:28:59.999;30034.75;30049;30036.875;30024.75;30046;30039.916666666668;161;0;30041.4375
2026-07-02 00:29:00.000;2026-07-02 00:29:59.999;30043.75;30068;30055;30042;30062.5;30057.5;329;0;30058.75
2026-07-02 00:30:00.000;2026-07-02 00:30:59.999;30063.25;30065;30055;30045;30045;30051.666666666668;137;0;30050
2026-07-02 00:31:00.000;2026-07-02 00:31:59.999;30045;30058;30049.875;30041.75;30056.5;30052.083333333332;84;0;30053.1875
2026-07-02 00:32:00.000;2026-07-02 00:32:59.999;30053.75;30058;30049;30040;30041.5;30046.5;70;0;30045.25
2026-07-02 00:33:00.000;2026-07-02 00:33:59.999;30041.5;30052;30044.875;30037.75;30051.75;30047.166666666668;70;0;30048.3125
2026-07-02 00:34:00.000;2026-07-02 00:34:59.999;30052.25;30059;30052.625;30046.25;30048;30051.083333333332;131;0;30050.3125
2026-07-02 00:35:00.000;2026-07-02 00:35:59.999;30051.25;30065.25;30055.75;30046.25;30061.75;30057.75;132;0;30058.75
2026-07-02 00:36:00.000;2026-07-02 00:36:59.999;30062.75;30080.75;30070.875;30061;30070.75;30070.833333333332;286;0;30070.8125
2026-07-02 00:37:00.000;2026-07-02 00:37:59.999;30069.25;30075;30069;30063;30069;30069;167;0;30069
2026-07-02 00:38:00.000;2026-07-02 00:38:59.999;30068.5;30073.75;30069.75;30065.75;30068.25;30069.25;80;0;30069
2026-07-02 00:39:00.000;2026-07-02 00:39:59.999;30063.5;30067;30061.375;30055.75;30060.5;30061.083333333332;135;0;30060.9375
2026-07-02 00:40:00.000;2026-07-02 00:40:59.999;30060;30069;30059.75;30050.5;30051.75;30057.083333333332;121;0;30055.75
2026-07-02 00:41:00.000;2026-07-02 00:41:59.999;30053.5;30054.5;30047;30039.5;30039.5;30044.5;171;0;30043.25
2026-07-02 00:42:00.000;2026-07-02 00:42:59.999;30041.5;30043.25;30034.75;30026.25;30027;30032.166666666668;196;0;30030.875
2026-07-02 00:43:00.000;2026-07-02 00:43:59.999;30026;30027.5;30019.625;30011.75;30020;30019.75;170;0;30019.8125
2026-07-02 00:44:00.000;2026-07-02 00:44:59.999;30020.5;30023;30017;30011;30013;30015.666666666668;130;0;30015
2026-07-02 00:45:00.000;2026-07-02 00:45:59.999;30012.25;30022;30014.25;30006.5;30010;30012.833333333332;147;0;30012.125
2026-07-02 00:46:00.000;2026-07-02 00:46:59.999;30012.75;30033;30022.25;30011.5;30029.75;30024.75;153;0;30026
2026-07-02 00:47:00.000;2026-07-02 00:47:59.999;30029.75;30030;30024.75;30019.5;30020.75;30023.416666666668;115;0;30022.75
2026-07-02 00:48:00.000;2026-07-02 00:48:59.999;30019.5;30029.5;30021.875;30014.25;30020;30021.25;169;0;30020.9375
2026-07-02 00:49:00.000;2026-07-02 00:49:59.999;30021.75;30055;30038.375;30021.75;30051;30042.583333333332;162;0;30044.6875
2026-07-02 00:50:00.000;2026-07-02 00:50:59.999;30052;30058.75;30050.875;30043;30050.5;30050.75;127;0;30050.6875
2026-07-02 00:51:00.000;2026-07-02 00:51:59.999;30049.5;30072.25;30060.375;30048.5;30070.75;30063.833333333332;160;0;30065.5625
2026-07-02 00:52:00.000;2026-07-02 00:52:59.999;30068.5;30085;30075.5;30066;30078.5;30076.5;183;0;30077
2026-07-02 00:53:00.000;2026-07-02 00:53:59.999;30079.5;30092.25;30085.5;30078.75;30090;30087;200;0;30087.75
2026-07-02 00:54:00.000;2026-07-02 00:54:59.999;30089;30097.25;30090.375;30083.5;30097.25;30092.666666666668;183;0;30093.8125
2026-07-02 00:55:00.000;2026-07-02 00:55:59.999;30095.5;30111.5;30102.375;30093.25;30106.75;30103.833333333332;432;0;30104.5625
2026-07-02 00:56:00.000;2026-07-02 00:56:59.999;30106.25;30111.25;30106;30100.75;30109.5;30107.166666666668;106;0;30107.75
2026-07-02 00:57:00.000;2026-07-02 00:57:59.999;30110;30117.25;30108.875;30100.5;30111.75;30109.833333333332;227;0;30110.3125
2026-07-02 00:58:00.000;2026-07-02 00:58:59.999;30109.75;30110.75;30105.25;30099.75;30104;30104.833333333332;123;0;30104.625
2026-07-02 00:59:00.000;2026-07-02 00:59:59.999;30098.5;30111;30103.5;30096;30110.25;30105.75;104;0;30106.875
2026-07-02 01:00:00.000;2026-07-02 01:00:59.999;30110.5;30124.25;30111.125;30098;30124.25;30115.5;242;0;30117.6875
2026-07-02 01:01:00.000;2026-07-02 01:01:59.999;30124;30130;30119.25;30108.5;30113.25;30117.25;178;0;30116.25
2026-07-02 01:02:00.000;2026-07-02 01:02:59.999;30112.75;30128;30118.75;30109.5;30124.25;30120.583333333332;107;0;30121.5
2026-07-02 01:03:00.000;2026-07-02 01:03:59.999;30123.75;30136.25;30128;30119.75;30135.25;30130.416666666668;157;0;30131.625
2026-07-02 01:04:00.000;2026-07-02 01:04:59.999;30132.5;30147.75;30139.25;30130.75;30146;30141.5;187;0;30142.625
2026-07-02 01:05:00.000;2026-07-02 01:05:59.999;30147.25;30152.75;30148.375;30144;30147.5;30148.083333333332;189;0;30147.9375
2026-07-02 01:06:00.000;2026-07-02 01:06:59.999;30147.75;30166.75;30155.5;30144.25;30166.25;30159.083333333332;264;0;30160.875
2026-07-02 01:07:00.000;2026-07-02 01:07:59.999;30165;30167.75;30163.625;30159.5;30163.5;30163.583333333332;133;0;30163.5625
2026-07-02 01:08:00.000;2026-07-02 01:08:59.999;30164;30174.5;30168.75;30163;30173.5;30170.333333333332;311;0;30171.125
2026-07-02 01:09:00.000;2026-07-02 01:09:59.999;30174;30188;30181;30174;30183;30181.666666666668;406;0;30182
2026-07-02 01:10:00.000;2026-07-02 01:10:59.999;30182;30189.5;30182.125;30174.75;30187.5;30183.916666666668;175;0;30184.8125
2026-07-02 01:11:00.000;2026-07-02 01:11:59.999;30185.5;30185.5;30178.875;30172.25;30175.25;30177.666666666668;176;0;30177.0625
2026-07-02 01:12:00.000;2026-07-02 01:12:59.999;30177;30188.25;30182.625;30177;30182.5;30182.583333333332;105;0;30182.5625
2026-07-02 01:13:00.000;2026-07-02 01:13:59.999;30183;30186.75;30182.375;30178;30183.75;30182.833333333332;99;0;30183.0625
2026-07-02 01:14:00.000;2026-07-02 01:14:59.999;30182.75;30191;30184.5;30178;30186.75;30185.25;105;0;30185.625
2026-07-02 01:15:00.000;2026-07-02 01:15:59.999;30186.5;30189.75;30178;30166.25;30167;30174.333333333332;162;0;30172.5
2026-07-02 01:16:00.000;2026-07-02 01:16:59.999;30167.75;30191.5;30179.5;30167.5;30186;30181.666666666668;190;0;30182.75
2026-07-02 01:17:00.000;2026-07-02 01:17:59.999;30186;30199;30191.375;30183.75;30186;30189.583333333332;216;0;30188.6875
2026-07-02 01:18:00.000;2026-07-02 01:18:59.999;30188;30192.5;30189.875;30187.25;30192;30190.583333333332;84;0;30190.9375
2026-07-02 01:19:00.000;2026-07-02 01:19:59.999;30191;30193.25;30190.125;30187;30193;30191.083333333332;73;0;30191.5625
2026-07-02 01:20:00.000;2026-07-02 01:20:59.999;30190.75;30196.5;30192.625;30188.75;30188.75;30191.333333333332;134;0;30190.6875
2026-07-02 01:21:00.000;2026-07-02 01:21:59.999;30189.5;30190;30186;30182;30187;30186.333333333332;116;0;30186.5
2026-07-02 01:22:00.000;2026-07-02 01:22:59.999;30182.75;30189.75;30185;30180.25;30184.5;30184.833333333332;71;0;30184.75
2026-07-02 01:23:00.000;2026-07-02 01:23:59.999;30186.75;30191.75;30187.875;30184;30189.75;30188.5;78;0;30188.8125
2026-07-02 01:24:00.000;2026-07-02 01:24:59.999;30188.5;30195.75;30191.75;30187.75;30195.75;30193.083333333332;63;0;30193.75
2026-07-02 01:25:00.000;2026-07-02 01:25:59.999;30195.25;30201;30196.125;30191.25;30198.5;30196.916666666668;160;0;30197.3125
2026-07-02 01:26:00.000;2026-07-02 01:26:59.999;30198.25;30205.25;30200.625;30196;30198.75;30200;166;0;30199.6875
2026-07-02 01:27:00.000;2026-07-02 01:27:59.999;30197.5;30197.75;30188.5;30179.25;30182.5;30186.5;154;0;30185.5
2026-07-02 01:28:00.000;2026-07-02 01:28:59.999;30183.75;30188.5;30183;30177.5;30188.5;30184.833333333332;152;0;30185.75
2026-07-02 01:29:00.000;2026-07-02 01:29:59.999;30189;30198.75;30191.875;30185;30194.25;30192.666666666668;143;0;30193.0625
2026-07-02 01:30:00.000;2026-07-02 01:30:59.999;30195.25;30207.5;30199.625;30191.75;30197.75;30199;214;0;30198.6875
2026-07-02 01:31:00.000;2026-07-02 01:31:59.999;30197.25;30209.25;30199.625;30190;30198.25;30199.166666666668;125;0;30198.9375
2026-07-02 01:32:00.000;2026-07-02 01:32:59.999;30199.75;30207.5;30199.5;30191.5;30197.75;30198.916666666668;224;0;30198.625
2026-07-02 01:33:00.000;2026-07-02 01:33:59.999;30196.75;30202.5;30196.125;30189.75;30191;30194.416666666668;85;0;30193.5625
2026-07-02 01:34:00.000;2026-07-02 01:34:59.999;30189.5;30198.5;30193.875;30189.25;30196;30194.583333333332;86;0;30194.9375
2026-07-02 01:35:00.000;2026-07-02 01:35:59.999;30195.75;30200.75;30196.375;30192;30200;30197.583333333332;49;0;30198.1875
2026-07-02 01:36:00.000;2026-07-02 01:36:59.999;30197.5;30208;30202.75;30197.5;30208;30204.5;80;0;30205.375
2026-07-02 01:37:00.000;2026-07-02 01:37:59.999;30208.75;30221.75;30215.125;30208.5;30219.25;30216.5;231;0;30217.1875
2026-07-02 01:38:00.000;2026-07-02 01:38:59.999;30217.25;30219;30213.75;30208.5;30209.75;30212.416666666668;136;0;30211.75
2026-07-02 01:39:00.000;2026-07-02 01:39:59.999;30209.75;30229;30217.75;30206.5;30226.75;30220.75;202;0;30222.25
2026-07-02 01:40:00.000;2026-07-02 01:40:59.999;30225.75;30226.75;30223.25;30219.75;30223.75;30223.416666666668;93;0;30223.5
2026-07-02 01:41:00.000;2026-07-02 01:41:59.999;30224.25;30224.25;30219.875;30215.5;30217.75;30219.166666666668;61;0;30218.8125
2026-07-02 01:42:00.000;2026-07-02 01:42:59.999;30217.5;30217.5;30212.875;30208.25;30211.25;30212.333333333332;116;0;30212.0625
2026-07-02 01:43:00.000;2026-07-02 01:43:59.999;30210.25;30221.75;30214.875;30208;30217.75;30215.833333333332;88;0;30216.3125
2026-07-02 01:44:00.000;2026-07-02 01:44:59.999;30219.75;30221;30215.875;30210.75;30215;30215.583333333332;65;0;30215.4375
2026-07-02 01:45:00.000;2026-07-02 01:45:59.999;30214;30214;30207.375;30200.75;30210.5;30208.416666666668;105;0;30208.9375
2026-07-02 01:46:00.000;2026-07-02 01:46:59.999;30212.5;30217.25;30213.5;30209.75;30215.5;30214.166666666668;53;0;30214.5
2026-07-02 01:47:00.000;2026-07-02 01:47:59.999;30216.75;30223;30217.5;30212;30213.25;30216.083333333332;117;0;30215.375
2026-07-02 01:48:00.000;2026-07-02 01:48:59.999;30212.5;30226.75;30218.875;30211;30226.75;30221.5;105;0;30222.8125
2026-07-02 01:49:00.000;2026-07-02 01:49:59.999;30226.25;30226.75;30220.875;30215;30217.25;30219.666666666668;66;0;30219.0625
2026-07-02 01:50:00.000;2026-07-02 01:50:59.999;30216.75;30222.75;30218.5;30214.25;30217.75;30218.25;84;0;30218.125
2026-07-02 01:51:00.000;2026-07-02 01:51:59.999;30217.75;30222.25;30216.125;30210;30213.5;30215.25;156;0;30214.8125
2026-07-02 01:52:00.000;2026-07-02 01:52:59.999;30212.75;30215.25;30212.25;30209.25;30210;30211.5;48;0;30211.125
2026-07-02 01:53:00.000;2026-07-02 01:53:59.999;30210.5;30210.5;30206.125;30201.75;30206.75;30206.333333333332;81;0;30206.4375
2026-07-02 01:54:00.000;2026-07-02 01:54:59.999;30208.75;30213;30208.5;30204;30205.75;30207.583333333332;109;0;30207.125
2026-07-02 01:55:00.000;2026-07-02 01:55:59.999;30206.5;30208;30204.5;30201;30202;30203.666666666668;72;0;30203.25
2026-07-02 01:56:00.000;2026-07-02 01:56:59.999;30202.25;30211.5;30206.375;30201.25;30209.5;30207.416666666668;58;0;30207.9375
2026-07-02 01:57:00.000;2026-07-02 01:57:59.999;30208;30211.25;30209.125;30207;30208;30208.75;41;0;30208.5625
2026-07-02 01:58:00.000;2026-07-02 01:58:59.999;30205;30208.25;30202.75;30197.25;30198.75;30201.416666666668;80;0;30200.75
2026-07-02 01:59:00.000;2026-07-02 01:59:59.999;30198;30205.25;30201.125;30197;30203.75;30202;71;0;30202.4375
2026-07-02 02:00:00.000;2026-07-02 02:00:59.999;30203.75;30205.25;30198.5;30191.75;30205.25;30200.75;147;0;30201.875
2026-07-02 02:01:00.000;2026-07-02 02:01:59.999;30203.5;30203.5;30198.625;30193.75;30197.5;30198.25;93;0;30198.0625
2026-07-02 02:02:00.000;2026-07-02 02:02:59.999;30198.25;30204;30197;30190;30192;30195.333333333332;125;0;30194.5
2026-07-02 02:03:00.000;2026-07-02 02:03:59.999;30192.75;30199.25;30195.75;30192.25;30193.5;30195;83;0;30194.625
2026-07-02 02:04:00.000;2026-07-02 02:04:59.999;30193.5;30205.75;30198.375;30191;30204.75;30200.5;78;0;30201.5625
2026-07-02 02:05:00.000;2026-07-02 02:05:59.999;30203.75;30208;30205;30202;30206.75;30205.583333333332;87;0;30205.875
2026-07-02 02:06:00.000;2026-07-02 02:06:59.999;30207;30218.75;30212.375;30206;30218.25;30214.333333333332;193;0;30215.3125
2026-07-02 02:07:00.000;2026-07-02 02:07:59.999;30215.5;30219.5;30213;30206.5;30210;30212;115;0;30211.5
2026-07-02 02:08:00.000;2026-07-02 02:08:59.999;30210;30212.5;30208.75;30205;30211.5;30209.666666666668;85;0;30210.125
2026-07-02 02:09:00.000;2026-07-02 02:09:59.999;30211.75;30220;30215.875;30211.75;30217.25;30216.333333333332;83;0;30216.5625
2026-07-02 02:10:00.000;2026-07-02 02:10:59.999;30215.75;30216.75;30212;30207.25;30212;30212;46;0;30212
2026-07-02 02:11:00.000;2026-07-02 02:11:59.999;30212.5;30216.75;30213;30209.25;30216.25;30214.083333333332;40;0;30214.625
2026-07-02 02:12:00.000;2026-07-02 02:12:59.999;30216;30227;30221.5;30216;30223;30222;165;0;30222.25
2026-07-02 02:13:00.000;2026-07-02 02:13:59.999;30222;30230;30225.75;30221.5;30226.5;30226;105;0;30226.125
2026-07-02 02:14:00.000;2026-07-02 02:14:59.999;30225.25;30230.25;30227.5;30224.75;30228.5;30227.833333333332;64;0;30228
2026-07-02 02:15:00.000;2026-07-02 02:15:59.999;30230;30239.5;30234.625;30229.75;30237.5;30235.583333333332;218;0;30236.0625
2026-07-02 02:16:00.000;2026-07-02 02:16:59.999;30236.75;30237.75;30233.25;30228.75;30228.75;30231.75;90;0;30231
2026-07-02 02:17:00.000;2026-07-02 02:17:59.999;30230.5;30235.25;30229.625;30224;30226.5;30228.583333333332;80;0;30228.0625
2026-07-02 02:18:00.000;2026-07-02 02:18:59.999;30227;30227;30221.875;30216.75;30221.25;30221.666666666668;126;0;30221.5625
2026-07-02 02:19:00.000;2026-07-02 02:19:59.999;30224.25;30225;30220;30215;30218;30219.333333333332;56;0;30219
2026-07-02 02:20:00.000;2026-07-02 02:20:59.999;30217.25;30218.5;30214.75;30211;30211.5;30213.666666666668;72;0;30213.125
2026-07-02 02:21:00.000;2026-07-02 02:21:59.999;30212.5;30219;30215;30211;30213;30214.333333333332;84;0;30214
2026-07-02 02:22:00.000;2026-07-02 02:22:59.999;30217;30219;30208.875;30198.75;30200.5;30206.083333333332;112;0;30204.6875
2026-07-02 02:23:00.000;2026-07-02 02:23:59.999;30199.75;30204;30200.375;30196.75;30199;30199.916666666668;86;0;30199.6875
2026-07-02 02:24:00.000;2026-07-02 02:24:59.999;30199;30199.5;30192.5;30185.5;30189.5;30191.5;168;0;30191
2026-07-02 02:25:00.000;2026-07-02 02:25:59.999;30190.75;30198.5;30193.875;30189.25;30193.75;30193.833333333332;104;0;30193.8125
2026-07-02 02:26:00.000;2026-07-02 02:26:59.999;30194.5;30203;30197.25;30191.5;30203;30199.166666666668;85;0;30200.125
2026-07-02 02:27:00.000;2026-07-02 02:27:59.999;30203.5;30207;30203.875;30200.75;30202;30203.25;93;0;30202.9375
2026-07-02 02:28:00.000;2026-07-02 02:28:59.999;30203.75;30205;30202.25;30199.5;30203;30202.5;66;0;30202.625
2026-07-02 02:29:00.000;2026-07-02 02:29:59.999;30199.25;30199.25;30195.125;30191;30191;30193.75;84;0;30193.0625
2026-07-02 02:30:00.000;2026-07-02 02:30:59.999;30193.25;30194;30188.5;30183;30189.75;30188.916666666668;214;0;30189.125
2026-07-02 02:31:00.000;2026-07-02 02:31:59.999;30191.25;30196;30188.375;30180.75;30187.5;30188.083333333332;141;0;30187.9375
2026-07-02 02:32:00.000;2026-07-02 02:32:59.999;30188.25;30204;30195.125;30186.25;30204;30198.083333333332;140;0;30199.5625
2026-07-02 02:33:00.000;2026-07-02 02:33:59.999;30201.75;30208.25;30205;30201.75;30206;30205.333333333332;131;0;30205.5
2026-07-02 02:34:00.000;2026-07-02 02:34:59.999;30205.25;30214.25;30209.5;30204.75;30212.75;30210.583333333332;106;0;30211.125
2026-07-02 02:35:00.000;2026-07-02 02:35:59.999;30212.25;30215.25;30211.625;30208;30214;30212.416666666668;83;0;30212.8125
2026-07-02 02:36:00.000;2026-07-02 02:36:59.999;30214.75;30218;30208;30198;30198.5;30204.833333333332;165;0;30203.25
2026-07-02 02:37:00.000;2026-07-02 02:37:59.999;30198.75;30206.25;30201.75;30197.25;30203.5;30202.333333333332;71;0;30202.625
2026-07-02 02:38:00.000;2026-07-02 02:38:59.999;30203.25;30203.5;30201.75;30200;30201.25;30201.583333333332;19;0;30201.5
2026-07-02 02:39:00.000;2026-07-02 02:39:59.999;30201.25;30207.5;30202.625;30197.75;30201;30202.083333333332;45;0;30201.8125
2026-07-02 02:40:00.000;2026-07-02 02:40:59.999;30200.25;30200.75;30198;30195.25;30200;30198.666666666668;45;0;30199
2026-07-02 02:41:00.000;2026-07-02 02:41:59.999;30201;30207.5;30203.625;30199.75;30206;30204.416666666668;71;0;30204.8125
2026-07-02 02:42:00.000;2026-07-02 02:42:59.999;30204.25;30208.5;30205.125;30201.75;30206.5;30205.583333333332;33;0;30205.8125
2026-07-02 02:43:00.000;2026-07-02 02:43:59.999;30204.25;30204.25;30200.875;30197.5;30202.5;30201.416666666668;39;0;30201.6875
2026-07-02 02:44:00.000;2026-07-02 02:44:59.999;30203.75;30209.25;30206.5;30203.75;30208.25;30207.083333333332;33;0;30207.375
2026-07-02 02:45:00.000;2026-07-02 02:45:59.999;30209.25;30216.25;30210.5;30204.75;30215;30212;93;0;30212.75
2026-07-02 02:46:00.000;2026-07-02 02:46:59.999;30216.25;30230;30222.75;30215.5;30224.5;30223.333333333332;214;0;30223.625
2026-07-02 02:47:00.000;2026-07-02 02:47:59.999;30224;30224.75;30221.625;30218.5;30221;30221.416666666668;53;0;30221.3125
2026-07-02 02:48:00.000;2026-07-02 02:48:59.999;30220;30220;30217.375;30214.75;30218.75;30217.833333333332;57;0;30218.0625
2026-07-02 02:49:00.000;2026-07-02 02:49:59.999;30217.75;30217.75;30210.375;30203;30203.5;30208.083333333332;132;0;30206.9375
2026-07-02 02:50:00.000;2026-07-02 02:50:59.999;30204.75;30208;30203.875;30199.75;30203.75;30203.833333333332;104;0;30203.8125
2026-07-02 02:51:00.000;2026-07-02 02:51:59.999;30203.75;30204.5;30201.25;30198;30203.75;30202.083333333332;56;0;30202.5
2026-07-02 02:52:00.000;2026-07-02 02:52:59.999;30202.25;30203.75;30200.625;30197.5;30199.25;30200.166666666668;41;0;30199.9375
2026-07-02 02:53:00.000;2026-07-02 02:53:59.999;30198.75;30200;30195.625;30191.25;30192;30194.416666666668;71;0;30193.8125
2026-07-02 02:54:00.000;2026-07-02 02:54:59.999;30192.5;30199;30195.25;30191.5;30194;30194.833333333332;55;0;30194.625
2026-07-02 02:55:00.000;2026-07-02 02:55:59.999;30196.75;30202.75;30197;30191.25;30200.5;30198.166666666668;130;0;30198.75
2026-07-02 02:56:00.000;2026-07-02 02:56:59.999;30203;30209.25;30204.5;30199.75;30199.75;30202.916666666668;113;0;30202.125
2026-07-02 02:57:00.000;2026-07-02 02:57:59.999;30200;30206.75;30203.375;30200;30206.5;30204.416666666668;33;0;30204.9375
2026-07-02 02:58:00.000;2026-07-02 02:58:59.999;30206;30214.5;30209.625;30204.75;30211.75;30210.333333333332;129;0;30210.6875
2026-07-02 02:59:00.000;2026-07-02 02:59:59.999;30212.5;30212.5;30207.5;30202.5;30207.5;30207.5;53;0;30207.5
2026-07-02 03:00:00.000;2026-07-02 03:00:59.999;30208.25;30212.75;30208.625;30204.5;30210.25;30209.166666666668;38;0;30209.4375
2026-07-02 03:01:00.000;2026-07-02 03:01:59.999;30209.5;30211.5;30205.75;30200;30203.75;30205.083333333332;38;0;30204.75
2026-07-02 03:02:00.000;2026-07-02 03:02:59.999;30203.25;30204;30201;30198;30198.5;30200.166666666668;31;0;30199.75
2026-07-02 03:03:00.000;2026-07-02 03:03:59.999;30197.5;30198;30195.75;30193.5;30193.5;30195;42;0;30194.625
2026-07-02 03:04:00.000;2026-07-02 03:04:59.999;30193.5;30193.75;30191;30188.25;30188.75;30190.25;100;0;30189.875
2026-07-02 03:05:00.000;2026-07-02 03:05:59.999;30190;30191.25;30186.25;30181.25;30188.75;30187.083333333332;117;0;30187.5
2026-07-02 03:06:00.000;2026-07-02 03:06:59.999;30189.5;30193;30189.5;30186;30189;30189.333333333332;62;0;30189.25
2026-07-02 03:07:00.000;2026-07-02 03:07:59.999;30187.5;30189;30186.5;30184;30184.5;30185.833333333332;40;0;30185.5
2026-07-02 03:08:00.000;2026-07-02 03:08:59.999;30184.75;30185;30179.875;30174.75;30174.75;30178.166666666668;178;0;30177.3125
2026-07-02 03:09:00.000;2026-07-02 03:09:59.999;30176.75;30177.75;30168.125;30158.5;30160.5;30165.583333333332;270;0;30164.3125
2026-07-02 03:10:00.000;2026-07-02 03:10:59.999;30160.25;30170;30164.125;30158.25;30164;30164.083333333332;211;0;30164.0625
2026-07-02 03:11:00.000;2026-07-02 03:11:59.999;30164;30171.25;30167.125;30163;30166;30166.75;59;0;30166.5625
2026-07-02 03:12:00.000;2026-07-02 03:12:59.999;30167.25;30174.5;30168.875;30163.25;30172;30169.916666666668;53;0;30170.4375
2026-07-02 03:13:00.000;2026-07-02 03:13:59.999;30173.75;30176.75;30172.875;30169;30175.5;30173.75;63;0;30174.1875
2026-07-02 03:14:00.000;2026-07-02 03:14:59.999;30175.75;30183;30179;30175;30178;30178.666666666668;68;0;30178.5
2026-07-02 03:15:00.000;2026-07-02 03:15:59.999;30177.75;30184.75;30181.125;30177.5;30182;30181.416666666668;68;0;30181.5625
2026-07-02 03:16:00.000;2026-07-02 03:16:59.999;30182.5;30185;30182.125;30179.25;30180.5;30181.583333333332;47;0;30181.3125
2026-07-02 03:17:00.000;2026-07-02 03:17:59.999;30180.75;30180.75;30176.25;30171.75;30174.25;30175.583333333332;51;0;30175.25
2026-07-02 03:18:00.000;2026-07-02 03:18:59.999;30173.75;30173.75;30169.25;30164.75;30166;30168.166666666668;62;0;30167.625
2026-07-02 03:19:00.000;2026-07-02 03:19:59.999;30166.5;30170.25;30168;30165.75;30170;30168.666666666668;42;0;30169
2026-07-02 03:20:00.000;2026-07-02 03:20:59.999;30172;30172.25;30167.375;30162.5;30163;30165.916666666668;57;0;30165.1875
2026-07-02 03:21:00.000;2026-07-02 03:21:59.999;30161;30161.5;30155.875;30150.25;30152;30154.583333333332;193;0;30153.9375
2026-07-02 03:22:00.000;2026-07-02 03:22:59.999;30152.25;30158;30153.25;30148.5;30149;30151.833333333332;54;0;30151.125
2026-07-02 03:23:00.000;2026-07-02 03:23:59.999;30150.5;30150.5;30146.75;30143;30144.5;30146;94;0;30145.625
2026-07-02 03:24:00.000;2026-07-02 03:24:59.999;30143.75;30148;30143;30138;30148;30144.666666666668;105;0;30145.5
2026-07-02 03:25:00.000;2026-07-02 03:25:59.999;30148;30152.75;30144.125;30135.5;30137;30141.75;93;0;30140.5625
2026-07-02 03:26:00.000;2026-07-02 03:26:59.999;30135.5;30139.25;30136.875;30134.5;30138.5;30137.416666666668;83;0;30137.6875
2026-07-02 03:27:00.000;2026-07-02 03:27:59.999;30137.5;30160;30148;30136;30159.5;30151.833333333332;195;0;30153.75
2026-07-02 03:28:00.000;2026-07-02 03:28:59.999;30159.5;30163.25;30159.375;30155.5;30158.5;30159.083333333332;100;0;30158.9375
2026-07-02 03:29:00.000;2026-07-02 03:29:59.999;30160;30160;30154;30148;30151;30153;92;0;30152.5
2026-07-02 03:30:00.000;2026-07-02 03:30:59.999;30151.25;30168;30158.25;30148.5;30166.25;30160.916666666668;133;0;30162.25
2026-07-02 03:31:00.000;2026-07-02 03:31:59.999;30165.5;30175;30169.25;30163.5;30172.5;30170.333333333332;94;0;30170.875
2026-07-02 03:32:00.000;2026-07-02 03:32:59.999;30170.25;30178;30169.375;30160.75;30172;30170.25;227;0;30170.6875
2026-07-02 03:33:00.000;2026-07-02 03:33:59.999;30173;30193.75;30183.125;30172.5;30187;30184.416666666668;231;0;30185.0625
2026-07-02 03:34:00.000;2026-07-02 03:34:59.999;30186.5;30191.25;30188.375;30185.5;30187;30187.916666666668;67;0;30187.6875
2026-07-02 03:35:00.000;2026-07-02 03:35:59.999;30185.5;30190;30185;30180;30190;30186.666666666668;91;0;30187.5
2026-07-02 03:36:00.000;2026-07-02 03:36:59.999;30190.75;30197;30187.875;30178.75;30179.75;30185.166666666668;117;0;30183.8125
2026-07-02 03:37:00.000;2026-07-02 03:37:59.999;30179.75;30181.5;30176.75;30172;30174.75;30176.083333333332;107;0;30175.75
2026-07-02 03:38:00.000;2026-07-02 03:38:59.999;30175.5;30180.5;30177;30173.5;30177;30177;73;0;30177
2026-07-02 03:39:00.000;2026-07-02 03:39:59.999;30176;30176;30169.125;30162.25;30166;30168.083333333332;110;0;30167.5625
2026-07-02 03:40:00.000;2026-07-02 03:40:59.999;30167.25;30171.5;30167.375;30163.25;30167.5;30167.416666666668;58;0;30167.4375
2026-07-02 03:41:00.000;2026-07-02 03:41:59.999;30164.25;30164.25;30157.75;30151.25;30155.25;30156.916666666668;96;0;30156.5
2026-07-02 03:42:00.000;2026-07-02 03:42:59.999;30155.5;30159.75;30156.875;30154;30159.75;30157.833333333332;47;0;30158.3125
2026-07-02 03:43:00.000;2026-07-02 03:43:59.999;30159.75;30165.5;30159.875;30154.25;30155.5;30158.416666666668;54;0;30157.6875
2026-07-02 03:44:00.000;2026-07-02 03:44:59.999;30153.5;30159.5;30152.25;30145;30158;30154.166666666668;85;0;30155.125
2026-07-02 03:45:00.000;2026-07-02 03:45:59.999;30157.75;30159.25;30152.375;30145.5;30145.5;30150.083333333332;52;0;30148.9375
2026-07-02 03:46:00.000;2026-07-02 03:46:59.999;30144.25;30149.75;30144.375;30139;30146;30144.916666666668;135;0;30145.1875
2026-07-02 03:47:00.000;2026-07-02 03:47:59.999;30147.5;30152.75;30145.75;30138.75;30148.5;30146.666666666668;142;0;30147.125
2026-07-02 03:48:00.000;2026-07-02 03:48:59.999;30148;30148.25;30144.75;30141.25;30142.5;30144;50;0;30143.625
2026-07-02 03:49:00.000;2026-07-02 03:49:59.999;30141.25;30158.25;30148.25;30138.25;30158;30151.5;119;0;30153.125
2026-07-02 03:50:00.000;2026-07-02 03:50:59.999;30156.75;30170.5;30163.125;30155.75;30158.25;30161.5;174;0;30160.6875
2026-07-02 03:51:00.000;2026-07-02 03:51:59.999;30159.25;30162;30158.125;30154.25;30160;30158.75;54;0;30159.0625
2026-07-02 03:52:00.000;2026-07-02 03:52:59.999;30160.75;30168.5;30164.625;30160.75;30166.25;30165.166666666668;37;0;30165.4375
2026-07-02 03:53:00.000;2026-07-02 03:53:59.999;30169.75;30176;30172.5;30169;30175.5;30173.5;54;0;30174
2026-07-02 03:54:00.000;2026-07-02 03:54:59.999;30176.25;30177.75;30173.375;30169;30174.25;30173.666666666668;58;0;30173.8125
2026-07-02 03:55:00.000;2026-07-02 03:55:59.999;30170.75;30177.75;30172.5;30167.25;30177.25;30174.083333333332;44;0;30174.875
2026-07-02 03:56:00.000;2026-07-02 03:56:59.999;30173.75;30185;30178.5;30172;30182.25;30179.75;72;0;30180.375
2026-07-02 03:57:00.000;2026-07-02 03:57:59.999;30181.5;30183.25;30177.5;30171.75;30171.75;30175.583333333332;65;0;30174.625
2026-07-02 03:58:00.000;2026-07-02 03:58:59.999;30171.5;30176;30173.25;30170.5;30171.25;30172.583333333332;27;0;30172.25
2026-07-02 03:59:00.000;2026-07-02 03:59:59.999;30171;30172;30169.25;30166.5;30172;30170.166666666668;48;0;30170.625
2026-07-02 04:00:00.000;2026-07-02 04:00:59.999;30173.5;30179.25;30174.375;30169.5;30170.5;30173.083333333332;49;0;30172.4375
2026-07-02 04:01:00.000;2026-07-02 04:01:59.999;30169;30172.5;30168.625;30164.75;30167.5;30168.25;79;0;30168.0625
2026-07-02 04:02:00.000;2026-07-02 04:02:59.999;30167;30188.25;30177.5;30166.75;30185.75;30180.25;127;0;30181.625
2026-07-02 04:03:00.000;2026-07-02 04:03:59.999;30184;30184;30176;30168;30168;30173.333333333332;50;0;30172
2026-07-02 04:04:00.000;2026-07-02 04:04:59.999;30170;30171;30168;30165;30168.75;30168.25;23;0;30168.375
2026-07-02 04:05:00.000;2026-07-02 04:05:59.999;30167;30168;30160;30152;30152.75;30157.583333333332;126;0;30156.375
2026-07-02 04:06:00.000;2026-07-02 04:06:59.999;30153;30160;30155.75;30151.5;30158.5;30156.666666666668;44;0;30157.125
2026-07-02 04:07:00.000;2026-07-02 04:07:59.999;30158.75;30161;30156.875;30152.75;30155.5;30156.416666666668;33;0;30156.1875
2026-07-02 04:08:00.000;2026-07-02 04:08:59.999;30152.5;30156.5;30154;30151.5;30155;30154.333333333332;13;0;30154.5
2026-07-02 04:09:00.000;2026-07-02 04:09:59.999;30154.25;30157;30153.375;30149.75;30151.25;30152.666666666668;36;0;30152.3125
2026-07-02 04:10:00.000;2026-07-02 04:10:59.999;30152.5;30154.5;30149.25;30144;30144;30147.5;95;0;30146.625
2026-07-02 04:11:00.000;2026-07-02 04:11:59.999;30144;30144;30137.125;30130.25;30131.75;30135.333333333332;125;0;30134.4375
2026-07-02 04:12:00.000;2026-07-02 04:12:59.999;30133.5;30144;30138.75;30133.5;30141.25;30139.583333333332;80;0;30140
2026-07-02 04:13:00.000;2026-07-02 04:13:59.999;30141.75;30141.75;30138;30134.25;30134.25;30136.75;24;0;30136.125
2026-07-02 04:14:00.000;2026-07-02 04:14:59.999;30134;30135.25;30131.25;30127.25;30127.5;30130;93;0;30129.375
2026-07-02 04:15:00.000;2026-07-02 04:15:59.999;30127.5;30127.5;30124;30120.5;30125;30124.333333333332;92;0;30124.5
2026-07-02 04:16:00.000;2026-07-02 04:16:59.999;30124.75;30130;30125;30120;30129.25;30126.416666666668;144;0;30127.125
2026-07-02 04:17:00.000;2026-07-02 04:17:59.999;30130.5;30134.25;30129;30123.75;30123.75;30127.25;82;0;30126.375
2026-07-02 04:18:00.000;2026-07-02 04:18:59.999;30125;30125.5;30120.875;30116.25;30118.5;30120.083333333332;109;0;30119.6875
2026-07-02 04:19:00.000;2026-07-02 04:19:59.999;30119;30123.25;30119.75;30116.25;30116.25;30118.583333333332;37;0;30118
2026-07-02 04:20:00.000;2026-07-02 04:20:59.999;30117;30119.5;30112.75;30106;30107.5;30111;163;0;30110.125
2026-07-02 04:21:00.000;2026-07-02 04:21:59.999;30107;30114.5;30109.5;30104.5;30112.75;30110.583333333332;60;0;30111.125
2026-07-02 04:22:00.000;2026-07-02 04:22:59.999;30113.75;30116.25;30110.875;30105.5;30106.75;30109.5;83;0;30108.8125
2026-07-02 04:23:00.000;2026-07-02 04:23:59.999;30110;30110.25;30106.5;30102.75;30109.5;30107.5;47;0;30108
2026-07-02 04:24:00.000;2026-07-02 04:24:59.999;30111.75;30122;30116.875;30111.75;30120.25;30118;104;0;30118.5625
2026-07-02 04:25:00.000;2026-07-02 04:25:59.999;30120;30129.75;30124.875;30120;30126.5;30125.416666666668;75;0;30125.6875
2026-07-02 04:26:00.000;2026-07-02 04:26:59.999;30129.5;30136.25;30130.5;30124.75;30125.75;30128.916666666668;73;0;30128.125
2026-07-02 04:27:00.000;2026-07-02 04:27:59.999;30124;30132.75;30124.75;30116.75;30132.75;30127.416666666668;67;0;30128.75
2026-07-02 04:28:00.000;2026-07-02 04:28:59.999;30134;30141.75;30136.875;30132;30137.5;30137.083333333332;87;0;30137.1875
2026-07-02 04:29:00.000;2026-07-02 04:29:59.999;30135.25;30139;30135.625;30132.25;30135.5;30135.583333333332;53;0;30135.5625
2026-07-02 04:30:00.000;2026-07-02 04:30:59.999;30134.5;30135.75;30126.625;30117.5;30118;30123.75;128;0;30122.3125
2026-07-02 04:31:00.000;2026-07-02 04:31:59.999;30119.75;30120;30109.375;30098.75;30102;30106.916666666668;151;0;30105.6875
2026-07-02 04:32:00.000;2026-07-02 04:32:59.999;30102;30104;30101.75;30099.5;30103.5;30102.333333333332;35;0;30102.625
2026-07-02 04:33:00.000;2026-07-02 04:33:59.999;30104;30107.5;30104.25;30101;30103.5;30104;53;0;30103.875
2026-07-02 04:34:00.000;2026-07-02 04:34:59.999;30104.25;30104.25;30099.375;30094.5;30099;30099.25;98;0;30099.1875
2026-07-02 04:35:00.000;2026-07-02 04:35:59.999;30099.75;30100;30096.375;30092.75;30095.25;30096;113;0;30095.8125
2026-07-02 04:36:00.000;2026-07-02 04:36:59.999;30094.5;30100.75;30096.125;30091.5;30095;30095.75;165;0;30095.5625
2026-07-02 04:37:00.000;2026-07-02 04:37:59.999;30092.75;30098.25;30088.75;30079.25;30083;30086.833333333332;214;0;30085.875
2026-07-02 04:38:00.000;2026-07-02 04:38:59.999;30084;30089.75;30083.875;30078;30081.25;30083;105;0;30082.5625
2026-07-02 04:39:00.000;2026-07-02 04:39:59.999;30080.5;30082.5;30078.5;30074.5;30079.75;30078.916666666668;74;0;30079.125
2026-07-02 04:40:00.000;2026-07-02 04:40:59.999;30080;30080;30073.875;30067.75;30076.25;30074.666666666668;107;0;30075.0625
2026-07-02 04:41:00.000;2026-07-02 04:41:59.999;30079;30081.25;30072.75;30064.25;30064.25;30069.916666666668;111;0;30068.5
2026-07-02 04:42:00.000;2026-07-02 04:42:59.999;30066.25;30075.25;30070.25;30065.25;30075.25;30071.916666666668;96;0;30072.75
2026-07-02 04:43:00.000;2026-07-02 04:43:59.999;30075;30080.25;30073.5;30066.75;30068.75;30071.916666666668;180;0;30071.125
2026-07-02 04:44:00.000;2026-07-02 04:44:59.999;30069.75;30073;30069.75;30066.5;30068.75;30069.416666666668;77;0;30069.25
2026-07-02 04:45:00.000;2026-07-02 04:45:59.999;30066;30072.25;30067.875;30063.5;30072.25;30069.333333333332;61;0;30070.0625
2026-07-02 04:46:00.000;2026-07-02 04:46:59.999;30073;30089;30081;30073;30081.25;30081.083333333332;133;0;30081.125
2026-07-02 04:47:00.000;2026-07-02 04:47:59.999;30082.25;30082.25;30074.625;30067;30067;30072.083333333332;96;0;30070.8125
2026-07-02 04:48:00.000;2026-07-02 04:48:59.999;30067;30072;30068.5;30065;30068.25;30068.416666666668;54;0;30068.375
2026-07-02 04:49:00.000;2026-07-02 04:49:59.999;30068;30076.5;30063.25;30050;30074.75;30067.083333333332;327;0;30069
2026-07-02 04:50:00.000;2026-07-02 04:50:59.999;30074.75;30083.5;30078.5;30073.5;30080;30079;101;0;30079.25
2026-07-02 04:51:00.000;2026-07-02 04:51:59.999;30079.25;30097.25;30087.375;30077.5;30093.5;30089.416666666668;141;0;30090.4375
2026-07-02 04:52:00.000;2026-07-02 04:52:59.999;30093.25;30096.5;30092.25;30088;30091.5;30092;53;0;30091.875
2026-07-02 04:53:00.000;2026-07-02 04:53:59.999;30090.5;30103;30095.375;30087.75;30099.25;30096.666666666668;244;0;30097.3125
2026-07-02 04:54:00.000;2026-07-02 04:54:59.999;30099.5;30105;30099.75;30094.5;30103.5;30101;59;0;30101.625
2026-07-02 04:55:00.000;2026-07-02 04:55:59.999;30105.25;30114.25;30107.625;30101;30110.75;30108.666666666668;125;0;30109.1875
2026-07-02 04:56:00.000;2026-07-02 04:56:59.999;30112;30116.25;30112.625;30109;30110;30111.75;71;0;30111.3125
2026-07-02 04:57:00.000;2026-07-02 04:57:59.999;30108.25;30120;30113.75;30107.5;30118.75;30115.416666666668;74;0;30116.25
2026-07-02 04:58:00.000;2026-07-02 04:58:59.999;30119;30122;30119.375;30116.75;30121.5;30120.083333333332;59;0;30120.4375
2026-07-02 04:59:00.000;2026-07-02 04:59:59.999;30120.75;30122.25;30116.75;30111.25;30111.25;30114.916666666668;72;0;30114
2026-07-02 05:00:00.000;2026-07-02 05:00:59.999;30114;30121.25;30110.25;30099.25;30099.25;30106.583333333332;255;0;30104.75
2026-07-02 05:01:00.000;2026-07-02 05:01:59.999;30097.75;30112.5;30103.375;30094.25;30112.5;30106.416666666668;136;0;30107.9375
2026-07-02 05:02:00.000;2026-07-02 05:02:59.999;30112;30117.5;30111.875;30106.25;30107.75;30110.5;114;0;30109.8125
2026-07-02 05:03:00.000;2026-07-02 05:03:59.999;30106.25;30123;30112.5;30102;30120;30115;60;0;30116.25
2026-07-02 05:04:00.000;2026-07-02 05:04:59.999;30120.75;30132.5;30124.625;30116.75;30128.25;30125.833333333332;160;0;30126.4375
2026-07-02 05:05:00.000;2026-07-02 05:05:59.999;30130.5;30140.25;30134.75;30129.25;30138.25;30135.916666666668;122;0;30136.5
2026-07-02 05:06:00.000;2026-07-02 05:06:59.999;30138.75;30143.75;30140.375;30137;30140.5;30140.416666666668;70;0;30140.4375
2026-07-02 05:07:00.000;2026-07-02 05:07:59.999;30139.5;30144.25;30140.375;30136.5;30144;30141.583333333332;86;0;30142.1875
2026-07-02 05:08:00.000;2026-07-02 05:08:59.999;30142.75;30146.5;30143.75;30141;30143;30143.5;94;0;30143.375
2026-07-02 05:09:00.000;2026-07-02 05:09:59.999;30143.5;30151.5;30147.25;30143;30150.75;30148.416666666668;120;0;30149
2026-07-02 05:10:00.000;2026-07-02 05:10:59.999;30148;30153.5;30150.375;30147.25;30153.25;30151.333333333332;95;0;30151.8125
2026-07-02 05:11:00.000;2026-07-02 05:11:59.999;30153;30154.25;30149.5;30144.75;30144.75;30147.916666666668;118;0;30147.125
2026-07-02 05:12:00.000;2026-07-02 05:12:59.999;30144;30151;30146.5;30142;30150.25;30147.75;113;0;30148.375
2026-07-02 05:13:00.000;2026-07-02 05:13:59.999;30148;30152.5;30145.5;30138.5;30148.5;30146.5;103;0;30147
2026-07-02 05:14:00.000;2026-07-02 05:14:59.999;30148.5;30149;30146.625;30144.25;30145.5;30146.25;45;0;30146.0625
2026-07-02 05:15:00.000;2026-07-02 05:15:59.999;30145.5;30159.75;30151.625;30143.5;30156.5;30153.25;124;0;30154.0625
2026-07-02 05:16:00.000;2026-07-02 05:16:59.999;30153.5;30158.25;30150.875;30143.5;30143.5;30148.416666666668;150;0;30147.1875
2026-07-02 05:17:00.000;2026-07-02 05:17:59.999;30141.5;30143.5;30140.5;30137.5;30143;30141.333333333332;95;0;30141.75
2026-07-02 05:18:00.000;2026-07-02 05:18:59.999;30141.5;30148;30144.625;30141.25;30142;30143.75;47;0;30143.3125
2026-07-02 05:19:00.000;2026-07-02 05:19:59.999;30141.25;30149;30142.625;30136.25;30147.5;30144.25;99;0;30145.0625
2026-07-02 05:20:00.000;2026-07-02 05:20:59.999;30148.5;30153.5;30149.5;30145.5;30148.75;30149.25;74;0;30149.125
2026-07-02 05:21:00.000;2026-07-02 05:21:59.999;30148;30157.5;30151.5;30145.5;30153.75;30152.25;112;0;30152.625
2026-07-02 05:22:00.000;2026-07-02 05:22:59.999;30154.75;30157;30153.375;30149.75;30149.75;30152.166666666668;34;0;30151.5625
2026-07-02 05:23:00.000;2026-07-02 05:23:59.999;30149.25;30151.75;30148.125;30144.5;30146.25;30147.5;24;0;30147.1875
2026-07-02 05:24:00.000;2026-07-02 05:24:59.999;30145.25;30150.25;30146.625;30143;30150.25;30147.833333333332;40;0;30148.4375
2026-07-02 05:25:00.000;2026-07-02 05:25:59.999;30144.5;30144.5;30137.375;30130.25;30136.75;30137.166666666668;157;0;30137.0625
2026-07-02 05:26:00.000;2026-07-02 05:26:59.999;30137.25;30144;30138.125;30132.25;30137.25;30137.833333333332;84;0;30137.6875
2026-07-02 05:27:00.000;2026-07-02 05:27:59.999;30134.5;30137;30133.375;30129.75;30133.25;30133.333333333332;68;0;30133.3125
2026-07-02 05:28:00.000;2026-07-02 05:28:59.999;30133.25;30137;30133.375;30129.75;30131.75;30132.833333333332;41;0;30132.5625
2026-07-02 05:29:00.000;2026-07-02 05:29:59.999;30131.75;30131.75;30122.25;30112.75;30115.5;30120;171;0;30118.875
2026-07-02 05:30:00.000;2026-07-02 05:30:59.999;30115.75;30116.75;30103.75;30090.75;30103.75;30103.75;200;0;30103.75
2026-07-02 05:31:00.000;2026-07-02 05:31:59.999;30104;30107.75;30102.25;30096.75;30100.25;30101.583333333332;118;0;30101.25
2026-07-02 05:32:00.000;2026-07-02 05:32:59.999;30100;30101.25;30093.625;30086;30099.75;30095.666666666668;205;0;30096.6875
2026-07-02 05:33:00.000;2026-07-02 05:33:59.999;30095.5;30098.75;30092.125;30085.5;30087.25;30090.5;83;0;30089.6875
2026-07-02 05:34:00.000;2026-07-02 05:34:59.999;30087.25;30095;30091.125;30087.25;30087.5;30089.916666666668;52;0;30089.3125
2026-07-02 05:35:00.000;2026-07-02 05:35:59.999;30088.25;30090.5;30081.875;30073.25;30073.25;30079;180;0;30077.5625
2026-07-02 05:36:00.000;2026-07-02 05:36:59.999;30075.25;30078;30075.5;30073;30075.5;30075.5;81;0;30075.5
2026-07-02 05:37:00.000;2026-07-02 05:37:59.999;30077.25;30080.25;30072.375;30064.5;30074.25;30073;219;0;30073.3125
2026-07-02 05:38:00.000;2026-07-02 05:38:59.999;30077.75;30077.75;30070.75;30063.75;30063.75;30068.416666666668;83;0;30067.25
2026-07-02 05:39:00.000;2026-07-02 05:39:59.999;30062;30067;30059.5;30052;30053.75;30057.583333333332;150;0;30056.625
2026-07-02 05:40:00.000;2026-07-02 05:40:59.999;30053.5;30065;30058.125;30051.25;30058.25;30058.166666666668;120;0;30058.1875
2026-07-02 05:41:00.000;2026-07-02 05:41:59.999;30058;30071.25;30059.5;30047.75;30065.25;30061.416666666668;273;0;30062.375
2026-07-02 05:42:00.000;2026-07-02 05:42:59.999;30066.5;30074.25;30061.375;30048.5;30050.5;30057.75;226;0;30055.9375
2026-07-02 05:43:00.000;2026-07-02 05:43:59.999;30049.5;30065.5;30056.25;30047;30060;30057.5;125;0;30058.125
2026-07-02 05:44:00.000;2026-07-02 05:44:59.999;30060.25;30063.25;30058.375;30053.5;30053.5;30056.75;82;0;30055.9375
2026-07-02 05:45:00.000;2026-07-02 05:45:59.999;30053.75;30060.25;30057;30053.75;30058.25;30057.416666666668;61;0;30057.625
2026-07-02 05:46:00.000;2026-07-02 05:46:59.999;30060.5;30065.75;30058.75;30051.75;30052;30056.5;97;0;30055.375
2026-07-02 05:47:00.000;2026-07-02 05:47:59.999;30053.5;30057.5;30049.375;30041.25;30044.75;30047.833333333332;189;0;30047.0625
2026-07-02 05:48:00.000;2026-07-02 05:48:59.999;30043;30045.75;30042.375;30039;30045.5;30043.416666666668;73;0;30043.9375
2026-07-02 05:49:00.000;2026-07-02 05:49:59.999;30044.75;30046.75;30042;30037.25;30045;30043;70;0;30043.5
2026-07-02 05:50:00.000;2026-07-02 05:50:59.999;30046;30064;30055;30046;30060;30056.666666666668;203;0;30057.5
2026-07-02 05:51:00.000;2026-07-02 05:51:59.999;30060.25;30070.25;30065.25;30060.25;30068;30066.166666666668;122;0;30066.625
2026-07-02 05:52:00.000;2026-07-02 05:52:59.999;30067.5;30069;30065.25;30061.5;30064.25;30064.916666666668;97;0;30064.75
2026-07-02 05:53:00.000;2026-07-02 05:53:59.999;30066.25;30073;30065.875;30058.75;30066.5;30066.083333333332;94;0;30066.1875
2026-07-02 05:54:00.000;2026-07-02 05:54:59.999;30064.75;30067.25;30059.5;30051.75;30053;30057.333333333332;121;0;30056.25
2026-07-02 05:55:00.000;2026-07-02 05:55:59.999;30054.5;30070.5;30061.375;30052.25;30059;30060.583333333332;168;0;30060.1875
2026-07-02 05:56:00.000;2026-07-02 05:56:59.999;30060.75;30064.5;30060.25;30056;30059.75;30060.083333333332;139;0;30060
2026-07-02 05:57:00.000;2026-07-02 05:57:59.999;30058;30063.5;30059;30054.5;30061.5;30059.833333333332;72;0;30060.25
2026-07-02 05:58:00.000;2026-07-02 05:58:59.999;30061.5;30065.75;30058.375;30051;30051;30055.916666666668;77;0;30054.6875
2026-07-02 05:59:00.000;2026-07-02 05:59:59.999;30050.5;30059.25;30053.75;30048.25;30051;30052.833333333332;173;0;30052.375
2026-07-02 06:00:00.000;2026-07-02 06:00:59.999;30052;30066;30055;30044;30057;30055.666666666668;221;0;30056
2026-07-02 06:01:00.000;2026-07-02 06:01:59.999;30056.5;30059.25;30047.375;30035.5;30039.75;30044.833333333332;152;0;30043.5625
2026-07-02 06:02:00.000;2026-07-02 06:02:59.999;30040;30043.75;30037;30030.25;30038.5;30037.5;130;0;30037.75
2026-07-02 06:03:00.000;2026-07-02 06:03:59.999;30037.25;30038.25;30029.875;30021.5;30021.5;30027.083333333332;212;0;30025.6875
2026-07-02 06:04:00.000;2026-07-02 06:04:59.999;30023;30030.75;30022.625;30014.5;30018;30021.083333333332;228;0;30020.3125
2026-07-02 06:05:00.000;2026-07-02 06:05:59.999;30019.25;30022.5;30013.75;30005;30017;30014.833333333332;304;0;30015.375
2026-07-02 06:06:00.000;2026-07-02 06:06:59.999;30015.25;30027;30019.375;30011.75;30026.25;30021.666666666668;168;0;30022.8125
2026-07-02 06:07:00.000;2026-07-02 06:07:59.999;30026.5;30029;30020.625;30012.25;30012.25;30017.833333333332;99;0;30016.4375
2026-07-02 06:08:00.000;2026-07-02 06:08:59.999;30014.5;30015;30002.875;29990.75;30000.5;30002.083333333332;383;0;30001.6875
2026-07-02 06:09:00.000;2026-07-02 06:09:59.999;30001;30001;29994.75;29988.5;29994;29994.5;112;0;29994.375
2026-07-02 06:10:00.000;2026-07-02 06:10:59.999;29995;29997.25;29989.125;29981;29982.25;29986.833333333332;181;0;29985.6875
2026-07-02 06:11:00.000;2026-07-02 06:11:59.999;29985.25;29986.25;29982;29977.75;29982.75;29982.25;130;0;29982.375
2026-07-02 06:12:00.000;2026-07-02 06:12:59.999;29985.25;29985.5;29978.5;29971.5;29976.25;29977.75;142;0;29977.375
2026-07-02 06:13:00.000;2026-07-02 06:13:59.999;29975.75;29975.75;29969.875;29964;29966;29968.583333333332;199;0;29967.9375
2026-07-02 06:14:00.000;2026-07-02 06:14:59.999;29965.75;29969.5;29962;29954.5;29954.5;29959.5;325;0;29958.25
2026-07-02 06:15:00.000;2026-07-02 06:15:59.999;29954;29970.5;29958.75;29947;29962.5;29960;401;0;29960.625
2026-07-02 06:16:00.000;2026-07-02 06:16:59.999;29962.25;29974.5;29964.375;29954.25;29971.25;29966.666666666668;322;0;29967.8125
2026-07-02 06:17:00.000;2026-07-02 06:17:59.999;29969.75;29978.5;29972.25;29966;29971.25;29971.916666666668;253;0;29971.75
2026-07-02 06:18:00.000;2026-07-02 06:18:59.999;29970.75;29986;29978;29970;29979.25;29978.416666666668;166;0;29978.625
2026-07-02 06:19:00.000;2026-07-02 06:19:59.999;29981.25;29986.25;29981.25;29976.25;29981.5;29981.333333333332;111;0;29981.375
2026-07-02 06:20:00.000;2026-07-02 06:20:59.999;29979.5;29995;29986.5;29978;29986;29986.333333333332;143;0;29986.25
2026-07-02 06:21:00.000;2026-07-02 06:21:59.999;29985;29987;29982.25;29977.5;29985.75;29983.416666666668;86;0;29984
2026-07-02 06:22:00.000;2026-07-02 06:22:59.999;29986;29994;29986.625;29979.25;29982;29985.083333333332;84;0;29984.3125
2026-07-02 06:23:00.000;2026-07-02 06:23:59.999;29982;29987.5;29981.625;29975.75;29980;29981.083333333332;76;0;29980.8125
2026-07-02 06:24:00.000;2026-07-02 06:24:59.999;29979;29979;29973;29967;29970.75;29972.25;120;0;29971.875
2026-07-02 06:25:00.000;2026-07-02 06:25:59.999;29970.75;29989.25;29978.25;29967.25;29979.5;29978.666666666668;206;0;29978.875
2026-07-02 06:26:00.000;2026-07-02 06:26:59.999;29979.75;29980.75;29975.125;29969.5;29975;29975.083333333332;109;0;29975.0625
2026-07-02 06:27:00.000;2026-07-02 06:27:59.999;29976;29976;29971.375;29966.75;29969.5;29970.75;71;0;29970.4375
2026-07-02 06:28:00.000;2026-07-02 06:28:59.999;29968.25;29970.75;29964.875;29959;29963.75;29964.5;128;0;29964.3125
2026-07-02 06:29:00.000;2026-07-02 06:29:59.999;29963.25;29966;29958.375;29950.75;29952.75;29956.5;153;0;29955.5625
2026-07-02 06:30:00.000;2026-07-02 06:30:59.999;29953.75;29982.25;29968;29953.75;29980.75;29972.25;249;0;29974.375
2026-07-02 06:31:00.000;2026-07-02 06:31:59.999;29982.75;29997.25;29989.375;29981.5;29997.25;29992;164;0;29993.3125
2026-07-02 06:32:00.000;2026-07-02 06:32:59.999;29997.75;30005;29999.25;29993.5;29993.5;29997.333333333332;165;0;29996.375
2026-07-02 06:33:00.000;2026-07-02 06:33:59.999;29993.25;30002.75;29997;29991.25;30001.75;29998.583333333332;68;0;29999.375
2026-07-02 06:34:00.000;2026-07-02 06:34:59.999;30000.25;30002.75;29998;29993.25;29998.25;29998.083333333332;82;0;29998.125
2026-07-02 06:35:00.000;2026-07-02 06:35:59.999;29999;30004;30000.875;29997.75;30002.75;30001.5;69;0;30001.8125
2026-07-02 06:36:00.000;2026-07-02 06:36:59.999;30002.75;30005;30001.375;29997.75;29998.25;30000.333333333332;60;0;29999.8125
2026-07-02 06:37:00.000;2026-07-02 06:37:59.999;29998;30007.5;30001;29994.5;29997.25;29999.75;114;0;29999.125
2026-07-02 06:38:00.000;2026-07-02 06:38:59.999;29997;30000;29996.125;29992.25;29993.25;29995.166666666668;113;0;29994.6875
2026-07-02 06:39:00.000;2026-07-02 06:39:59.999;29992;29994.25;29988.875;29983.5;29990.5;29989.416666666668;116;0;29989.6875
2026-07-02 06:40:00.000;2026-07-02 06:40:59.999;29989.5;29993.75;29988.375;29983;29990.25;29989;84;0;29989.3125
2026-07-02 06:41:00.000;2026-07-02 06:41:59.999;29990.25;29992.75;29986.75;29980.75;29983.75;29985.75;31;0;29985.25
2026-07-02 06:42:00.000;2026-07-02 06:42:59.999;29984;29984.75;29977.125;29969.5;29970.25;29974.833333333332;113;0;29973.6875
2026-07-02 06:43:00.000;2026-07-02 06:43:59.999;29970.5;29971.75;29967.5;29963.25;29967.75;29967.583333333332;86;0;29967.625
2026-07-02 06:44:00.000;2026-07-02 06:44:59.999;29967.5;29974.5;29970;29965.5;29971.75;29970.583333333332;90;0;29970.875
2026-07-02 06:45:00.000;2026-07-02 06:45:59.999;29975;29978;29968.125;29958.25;29961.5;29965.916666666668;173;0;29964.8125
2026-07-02 06:46:00.000;2026-07-02 06:46:59.999;29962.25;29965.5;29954.375;29943.25;29946.5;29951.75;509;0;29950.4375
2026-07-02 06:47:00.000;2026-07-02 06:47:59.999;29945.5;29945.5;29936.875;29928.25;29939.5;29937.75;333;0;29938.1875
2026-07-02 06:48:00.000;2026-07-02 06:48:59.999;29940;29940;29931.625;29923.25;29924.75;29929.333333333332;331;0;29928.1875
2026-07-02 06:49:00.000;2026-07-02 06:49:59.999;29924.75;29928;29920.625;29913.25;29918;29919.75;375;0;29919.3125
2026-07-02 06:50:00.000;2026-07-02 06:50:59.999;29916.5;29918.25;29909.125;29900;29907.25;29908.5;399;0;29908.1875
2026-07-02 06:51:00.000;2026-07-02 06:51:59.999;29907.25;29913;29904.5;29896;29898.5;29902.5;224;0;29901.5
2026-07-02 06:52:00.000;2026-07-02 06:52:59.999;29897.5;29921.5;29908.25;29895;29918.75;29911.75;261;0;29913.5
2026-07-02 06:53:00.000;2026-07-02 06:53:59.999;29920.75;29926;29920;29914;29921.5;29920.5;199;0;29920.75
2026-07-02 06:54:00.000;2026-07-02 06:54:59.999;29924.75;29924.75;29918;29911.25;29916.75;29917.583333333332;208;0;29917.375
2026-07-02 06:55:00.000;2026-07-02 06:55:59.999;29917;29935.75;29925.875;29916;29933.5;29928.416666666668;262;0;29929.6875
2026-07-02 06:56:00.000;2026-07-02 06:56:59.999;29935;29940.25;29934.75;29929.25;29934.25;29934.583333333332;167;0;29934.5
2026-07-02 06:57:00.000;2026-07-02 06:57:59.999;29933.75;29946.75;29939.25;29931.75;29946.25;29941.583333333332;159;0;29942.75
2026-07-02 06:58:00.000;2026-07-02 06:58:59.999;29944;29947.25;29940.125;29933;29933.75;29938;99;0;29936.9375
2026-07-02 06:59:00.000;2026-07-02 06:59:59.999;29933.5;29936;29927.875;29919.75;29919.75;29925.166666666668;176;0;29923.8125
2026-07-02 07:00:00.000;2026-07-02 07:00:59.999;29921.25;29926.5;29913.5;29900.5;29913.5;29913.5;397;0;29913.5
2026-07-02 07:01:00.000;2026-07-02 07:01:59.999;29914.5;29932;29923.25;29914.5;29927.25;29924.583333333332;192;0;29925.25
2026-07-02 07:02:00.000;2026-07-02 07:02:59.999;29924.5;29937.5;29930;29922.5;29932.75;29930.916666666668;147;0;29931.375
2026-07-02 07:03:00.000;2026-07-02 07:03:59.999;29933.75;29937.5;29925.75;29914;29919.25;29923.583333333332;138;0;29922.5
2026-07-02 07:04:00.000;2026-07-02 07:04:59.999;29918;29918;29912;29906;29912.5;29912.166666666668;202;0;29912.25
2026-07-02 07:05:00.000;2026-07-02 07:05:59.999;29915;29915.25;29903.625;29892;29900.25;29902.5;241;0;29901.9375
2026-07-02 07:06:00.000;2026-07-02 07:06:59.999;29899.25;29903.75;29896;29888.25;29901.5;29897.833333333332;207;0;29898.75
2026-07-02 07:07:00.000;2026-07-02 07:07:59.999;29900.5;29907;29896.125;29885.25;29898;29896.75;197;0;29897.0625
2026-07-02 07:08:00.000;2026-07-02 07:08:59.999;29896.25;29898;29890.625;29883.25;29889;29890.083333333332;171;0;29889.8125
2026-07-02 07:09:00.000;2026-07-02 07:09:59.999;29890;29896.25;29887.875;29879.5;29881.75;29885.833333333332;218;0;29884.8125
2026-07-02 07:10:00.000;2026-07-02 07:10:59.999;29882.75;29899.5;29890.75;29882;29887.25;29889.583333333332;216;0;29889
2026-07-02 07:11:00.000;2026-07-02 07:11:59.999;29886;29887.25;29876.125;29865;29867;29873.083333333332;237;0;29871.5625
2026-07-02 07:12:00.000;2026-07-02 07:12:59.999;29867.75;29870.75;29853.75;29836.75;29838;29848.5;415;0;29845.875
2026-07-02 07:13:00.000;2026-07-02 07:13:59.999;29838;29850.25;29842.5;29834.75;29841;29842;420;0;29841.75
2026-07-02 07:14:00.000;2026-07-02 07:14:59.999;29839;29846.25;29839.25;29832.25;29833;29837.166666666668;205;0;29836.125
2026-07-02 07:15:00.000;2026-07-02 07:15:59.999;29836.75;29857.5;29844.125;29830.75;29854.75;29847.666666666668;289;0;29849.4375
2026-07-02 07:16:00.000;2026-07-02 07:16:59.999;29855.25;29872.75;29862.375;29852;29853.25;29859.333333333332;307;0;29857.8125
2026-07-02 07:17:00.000;2026-07-02 07:17:59.999;29850.75;29855;29840.625;29826.25;29834.25;29838.5;311;0;29837.4375
2026-07-02 07:18:00.000;2026-07-02 07:18:59.999;29835;29854.75;29844.25;29833.75;29854.75;29847.75;177;0;29849.5
2026-07-02 07:19:00.000;2026-07-02 07:19:59.999;29852.5;29857.75;29850.5;29843.25;29845.25;29848.75;109;0;29847.875
2026-07-02 07:20:00.000;2026-07-02 07:20:59.999;29844.25;29862.5;29853;29843.5;29861;29855.666666666668;114;0;29857
2026-07-02 07:21:00.000;2026-07-02 07:21:59.999;29856.5;29856.5;29847;29837.5;29837.75;29843.916666666668;105;0;29842.375
2026-07-02 07:22:00.000;2026-07-02 07:22:59.999;29838.75;29844;29839.625;29835.25;29839.5;29839.583333333332;99;0;29839.5625
2026-07-02 07:23:00.000;2026-07-02 07:23:59.999;29836.5;29852.5;29841.875;29831.25;29846;29843.25;202;0;29843.9375
2026-07-02 07:24:00.000;2026-07-02 07:24:59.999;29847.5;29859;29852;29845;29851.5;29851.833333333332;114;0;29851.75
2026-07-02 07:25:00.000;2026-07-02 07:25:59.999;29847.5;29847.5;29838;29828.5;29834.5;29836.833333333332;106;0;29836.25
2026-07-02 07:26:00.000;2026-07-02 07:26:59.999;29833.25;29834;29830.25;29826.5;29827;29829.166666666668;79;0;29828.625
2026-07-02 07:27:00.000;2026-07-02 07:27:59.999;29827.5;29836.5;29831.875;29827.25;29833.75;29832.5;101;0;29832.8125
2026-07-02 07:28:00.000;2026-07-02 07:28:59.999;29832.25;29866;29849;29832;29863.5;29853.833333333332;237;0;29856.25
2026-07-02 07:29:00.000;2026-07-02 07:29:59.999;29863;29867.75;29862.75;29857.75;29863.75;29863.083333333332;110;0;29863.25
2026-07-02 07:30:00.000;2026-07-02 07:30:59.999;29866;29878.25;29868.5;29858.75;29876.5;29871.166666666668;332;0;29872.5
2026-07-02 07:31:00.000;2026-07-02 07:31:59.999;29876.5;29883;29877.375;29871.75;29877;29877.25;299;0;29877.1875
2026-07-02 07:32:00.000;2026-07-02 07:32:59.999;29875.5;29875.5;29867.25;29859;29862.5;29865.666666666668;160;0;29864.875
2026-07-02 07:33:00.000;2026-07-02 07:33:59.999;29862.75;29873.75;29866.875;29860;29872.25;29868.666666666668;89;0;29869.5625
2026-07-02 07:34:00.000;2026-07-02 07:34:59.999;29872.5;29887;29879.625;29872.25;29886;29881.75;254;0;29882.8125
2026-07-02 07:35:00.000;2026-07-02 07:35:59.999;29886.25;29895;29886.5;29878;29892.5;29888.5;160;0;29889.5
2026-07-02 07:36:00.000;2026-07-02 07:36:59.999;29892.25;29892.25;29884.375;29876.5;29876.5;29881.75;107;0;29880.4375
2026-07-02 07:37:00.000;2026-07-02 07:37:59.999;29879;29888;29883.5;29879;29885.25;29884.083333333332;57;0;29884.375
2026-07-02 07:38:00.000;2026-07-02 07:38:59.999;29885;29887.25;29879.75;29872.25;29886.25;29881.916666666668;196;0;29883
2026-07-02 07:39:00.000;2026-07-02 07:39:59.999;29888.25;29896.5;29892.375;29888.25;29895.25;29893.333333333332;120;0;29893.8125
2026-07-02 07:40:00.000;2026-07-02 07:40:59.999;29895;29914.5;29904.75;29895;29910;29906.5;216;0;29907.375
2026-07-02 07:41:00.000;2026-07-02 07:41:59.999;29911.75;29931.5;29921.375;29911.25;29929.75;29924.166666666668;229;0;29925.5625
2026-07-02 07:42:00.000;2026-07-02 07:42:59.999;29929;29934.5;29930.5;29926.5;29928.25;29929.75;186;0;29929.375
2026-07-02 07:43:00.000;2026-07-02 07:43:59.999;29926.25;29932.5;29928.125;29923.75;29926.5;29927.583333333332;133;0;29927.3125
2026-07-02 07:44:00.000;2026-07-02 07:44:59.999;29926.25;29943.5;29934.875;29926.25;29939.5;29936.416666666668;201;0;29937.1875
2026-07-02 07:45:00.000;2026-07-02 07:45:59.999;29939.75;29944.5;29935.625;29926.75;29927.25;29932.833333333332;227;0;29931.4375
2026-07-02 07:46:00.000;2026-07-02 07:46:59.999;29927;29939.25;29933.125;29927;29935.25;29933.833333333332;91;0;29934.1875
2026-07-02 07:47:00.000;2026-07-02 07:47:59.999;29935.75;29939;29932.875;29926.75;29926.75;29930.833333333332;88;0;29929.8125
2026-07-02 07:48:00.000;2026-07-02 07:48:59.999;29926;29931.25;29926.875;29922.5;29925.25;29926.333333333332;103;0;29926.0625
2026-07-02 07:49:00.000;2026-07-02 07:49:59.999;29925.5;29935;29928.375;29921.75;29934.5;29930.416666666668;156;0;29931.4375
2026-07-02 07:50:00.000;2026-07-02 07:50:59.999;29931.25;29942.25;29929.875;29917.5;29919.75;29926.5;288;0;29924.8125
2026-07-02 07:51:00.000;2026-07-02 07:51:59.999;29915.75;29920;29914.875;29909.75;29914.25;29914.666666666668;224;0;29914.5625
2026-07-02 07:52:00.000;2026-07-02 07:52:59.999;29913.5;29920;29915.5;29911;29915.25;29915.416666666668;85;0;29915.375
2026-07-02 07:53:00.000;2026-07-02 07:53:59.999;29918.25;29919.5;29915.125;29910.75;29912.5;29914.25;56;0;29913.8125
2026-07-02 07:54:00.000;2026-07-02 07:54:59.999;29914;29914;29909.625;29905.25;29910;29909.75;85;0;29909.8125
2026-07-02 07:55:00.000;2026-07-02 07:55:59.999;29906.5;29909.75;29901.875;29894;29894.25;29899.333333333332;117;0;29898.0625
2026-07-02 07:56:00.000;2026-07-02 07:56:59.999;29893.5;29897.5;29894.5;29891.5;29894;29894.333333333332;76;0;29894.25
2026-07-02 07:57:00.000;2026-07-02 07:57:59.999;29892.5;29901.25;29894.625;29888;29890.75;29893.333333333332;111;0;29892.6875
2026-07-02 07:58:00.000;2026-07-02 07:58:59.999;29892.5;29900;29893.375;29886.75;29887.5;29891.416666666668;101;0;29890.4375
2026-07-02 07:59:00.000;2026-07-02 07:59:59.999;29889.25;29893;29888.75;29884.5;29891.25;29889.583333333332;80;0;29890
2026-07-02 08:00:00.000;2026-07-02 08:00:59.999;29893.5;29901.25;29883.25;29865.25;29865.25;29877.25;444;0;29874.25
2026-07-02 08:01:00.000;2026-07-02 08:01:59.999;29866.5;29899;29882.75;29866.5;29890;29885.166666666668;252;0;29886.375
2026-07-02 08:02:00.000;2026-07-02 08:02:59.999;29890.25;29905;29896.125;29887.25;29903;29898.416666666668;118;0;29899.5625
2026-07-02 08:03:00.000;2026-07-02 08:03:59.999;29902.5;29910.5;29903.875;29897.25;29906.25;29904.666666666668;138;0;29905.0625
2026-07-02 08:04:00.000;2026-07-02 08:04:59.999;29905;29907.5;29903.375;29899.25;29905.25;29904;96;0;29904.3125
2026-07-02 08:05:00.000;2026-07-02 08:05:59.999;29905.25;29927;29916.125;29905.25;29927;29919.75;184;0;29921.5625
2026-07-02 08:06:00.000;2026-07-02 08:06:59.999;29925;29925;29904.125;29883.25;29883.75;29897.333333333332;230;0;29893.9375
2026-07-02 08:07:00.000;2026-07-02 08:07:59.999;29881.25;29882.75;29873.375;29864;29869.25;29872;229;0;29871.3125
2026-07-02 08:08:00.000;2026-07-02 08:08:59.999;29871.5;29875.75;29868.375;29861;29870;29868.916666666668;118;0;29869.1875
2026-07-02 08:09:00.000;2026-07-02 08:09:59.999;29870.75;29889;29879.5;29870;29877.25;29878.75;133;0;29878.375
2026-07-02 08:10:00.000;2026-07-02 08:10:59.999;29878.5;29880;29874.375;29868.75;29877.25;29875.333333333332;110;0;29875.8125
2026-07-02 08:11:00.000;2026-07-02 08:11:59.999;29873.25;29873.75;29863.25;29852.75;29852.75;29859.75;132;0;29858
2026-07-02 08:12:00.000;2026-07-02 08:12:59.999;29854.5;29855;29846.375;29837.75;29847.25;29846.666666666668;210;0;29846.8125
2026-07-02 08:13:00.000;2026-07-02 08:13:59.999;29847.5;29848.75;29842.875;29837;29838.75;29841.5;112;0;29840.8125
2026-07-02 08:14:00.000;2026-07-02 08:14:59.999;29840.75;29845.5;29836.375;29827.25;29841;29837.916666666668;196;0;29838.6875
2026-07-02 08:15:00.000;2026-07-02 08:15:59.999;29844.25;29866;29852.625;29839.25;29864.5;29856.583333333332;236;0;29858.5625
2026-07-02 08:16:00.000;2026-07-02 08:16:59.999;29863.75;29880.5;29869.625;29858.75;29873.25;29870.833333333332;165;0;29871.4375
2026-07-02 08:17:00.000;2026-07-02 08:17:59.999;29873.25;29880.75;29874;29867.25;29874.25;29874.083333333332;123;0;29874.125
2026-07-02 08:18:00.000;2026-07-02 08:18:59.999;29872;29873.25;29869.375;29865.5;29868.25;29869;100;0;29868.8125
2026-07-02 08:19:00.000;2026-07-02 08:19:59.999;29866.25;29891;29878.625;29866.25;29889.5;29882.25;121;0;29884.0625
2026-07-02 08:20:00.000;2026-07-02 08:20:59.999;29889.5;29895.25;29888.25;29881.25;29894;29890.166666666668;75;0;29891.125
2026-07-02 08:21:00.000;2026-07-02 08:21:59.999;29894.75;29903;29894;29885;29890.5;29892.833333333332;99;0;29892.25
2026-07-02 08:22:00.000;2026-07-02 08:22:59.999;29895;29906.25;29899.875;29893.5;29901.25;29900.333333333332;103;0;29900.5625
2026-07-02 08:23:00.000;2026-07-02 08:23:59.999;29901.5;29912.75;29906.75;29900.75;29911.75;29908.416666666668;79;0;29909.25
2026-07-02 08:24:00.000;2026-07-02 08:24:59.999;29912.5;29917.25;29912.5;29907.75;29910;29911.666666666668;103;0;29911.25
2026-07-02 08:25:00.000;2026-07-02 08:25:59.999;29909.5;29920.75;29914.375;29908;29919.75;29916.166666666668;66;0;29917.0625
2026-07-02 08:26:00.000;2026-07-02 08:26:59.999;29919.5;29933;29923;29913;29932.25;29926.083333333332;164;0;29927.625
2026-07-02 08:27:00.000;2026-07-02 08:27:59.999;29931.25;29935;29930.625;29926.25;29931.25;29930.833333333332;97;0;29930.9375
2026-07-02 08:28:00.000;2026-07-02 08:28:59.999;29933.25;29936.75;29932.375;29928;29928;29930.916666666668;64;0;29930.1875
2026-07-02 08:29:00.000;2026-07-02 08:29:59.999;29929.25;29941.75;29932.5;29923.25;29926.25;29930.416666666668;179;0;29929.375
2026-07-02 08:30:00.000;2026-07-02 08:30:59.999;29924.5;29928.75;29922.5;29916.25;29928.75;29924.583333333332;163;0;29925.625
2026-07-02 08:31:00.000;2026-07-02 08:31:59.999;29930.25;29968.5;29949.375;29930.25;29968.5;29955.75;434;0;29958.9375
2026-07-02 08:32:00.000;2026-07-02 08:32:59.999;29966.5;29972.25;29967.625;29963;29964;29966.416666666668;286;0;29965.8125
2026-07-02 08:33:00.000;2026-07-02 08:33:59.999;29963.5;29966.5;29960.625;29954.75;29960.75;29960.666666666668;112;0;29960.6875
2026-07-02 08:34:00.000;2026-07-02 08:34:59.999;29960.5;29991;29974.125;29957.25;29989;29979.083333333332;620;0;29981.5625
2026-07-02 08:35:00.000;2026-07-02 08:35:59.999;29987.5;30005.75;29995;29984.25;30002.5;29997.5;367;0;29998.75
2026-07-02 08:36:00.000;2026-07-02 08:36:59.999;30002.5;30014.5;30004.5;29994.5;30003;30004;255;0;30003.75
2026-07-02 08:37:00.000;2026-07-02 08:37:59.999;30003.75;30007.5;29997.75;29988;29993;29996.166666666668;184;0;29995.375
2026-07-02 08:38:00.000;2026-07-02 08:38:59.999;29993.75;30001;29995.125;29989.25;29995.75;29995.333333333332;64;0;29995.4375
2026-07-02 08:39:00.000;2026-07-02 08:39:59.999;29995.5;30012;30003.25;29994.5;29999.5;30002;150;0;30001.375
2026-07-02 08:40:00.000;2026-07-02 08:40:59.999;29997.5;29999.5;29991.625;29983.75;29988;29990.416666666668;204;0;29989.8125
2026-07-02 08:41:00.000;2026-07-02 08:41:59.999;29990.75;29995.25;29988.875;29982.5;29983.25;29987;99;0;29986.0625
2026-07-02 08:42:00.000;2026-07-02 08:42:59.999;29983.25;29990.75;29986;29981.25;29984.75;29985.583333333332;52;0;29985.375
2026-07-02 08:43:00.000;2026-07-02 08:43:59.999;29987.5;29987.5;29982;29976.5;29982;29982;111;0;29982
2026-07-02 08:44:00.000;2026-07-02 08:44:59.999;29981.75;29987.25;29983;29978.75;29980.75;29982.25;88;0;29981.875
2026-07-02 08:45:00.000;2026-07-02 08:45:59.999;29982;29985;29977.75;29970.5;29976.25;29977.25;130;0;29977
2026-07-02 08:46:00.000;2026-07-02 08:46:59.999;29973.25;29996;29983.125;29970.25;29994.5;29986.916666666668;160;0;29988.8125
2026-07-02 08:47:00.000;2026-07-02 08:47:59.999;29992.75;29993.75;29988.625;29983.5;29987.25;29988.166666666668;65;0;29987.9375
2026-07-02 08:48:00.000;2026-07-02 08:48:59.999;29987.75;29991;29988.5;29986;29988.5;29988.5;40;0;29988.5
2026-07-02 08:49:00.000;2026-07-02 08:49:59.999;29991.25;30001.75;29996.5;29991.25;30000.25;29997.75;121;0;29998.375
2026-07-02 08:50:00.000;2026-07-02 08:50:59.999;30001.75;30006.75;30002.25;29997.75;30000.75;30001.75;97;0;30001.5
2026-07-02 08:51:00.000;2026-07-02 08:51:59.999;30000;30010;30003.5;29997;30009.25;30005.416666666668;84;0;30006.375
2026-07-02 08:52:00.000;2026-07-02 08:52:59.999;30012;30023.25;30017.625;30012;30020;30018.416666666668;206;0;30018.8125
2026-07-02 08:53:00.000;2026-07-02 08:53:59.999;30021.25;30027;30023.125;30019.25;30024;30023.416666666668;186;0;30023.5625
2026-07-02 08:54:00.000;2026-07-02 08:54:59.999;30021.5;30021.5;30013.75;30006;30011.25;30012.916666666668;225;0;30012.5
2026-07-02 08:55:00.000;2026-07-02 08:55:59.999;30010.25;30016.75;30011.875;30007;30011.25;30011.666666666668;116;0;30011.5625
2026-07-02 08:56:00.000;2026-07-02 08:56:59.999;30012;30020.5;30016;30011.5;30015.25;30015.75;84;0;30015.625
2026-07-02 08:57:00.000;2026-07-02 08:57:59.999;30015.5;30034;30020.125;30006.25;30033;30024.416666666668;234;0;30026.5625
2026-07-02 08:58:00.000;2026-07-02 08:58:59.999;30031;30036;30030.375;30024.75;30033.25;30031.333333333332;208;0;30031.8125
2026-07-02 08:59:00.000;2026-07-02 08:59:59.999;30033;30038.25;30033.75;30029.25;30033;30033.5;109;0;30033.375
2026-07-02 09:00:00.000;2026-07-02 09:00:59.999;30032.75;30033.5;30017.875;30002.25;30009.5;30015.083333333332;310;0;30013.6875
2026-07-02 09:01:00.000;2026-07-02 09:01:59.999;30008;30012;30005.375;29998.75;29998.75;30003.166666666668;120;0;30002.0625
2026-07-02 09:02:00.000;2026-07-02 09:02:59.999;30000.25;30005.5;30001.125;29996.75;30001.25;30001.166666666668;134;0;30001.1875
2026-07-02 09:03:00.000;2026-07-02 09:03:59.999;29999.5;30000.25;29995.125;29990;29997.25;29995.833333333332;102;0;29996.1875
2026-07-02 09:04:00.000;2026-07-02 09:04:59.999;29996.75;29997;29992.75;29988.5;29988.75;29991.416666666668;102;0;29990.75
2026-07-02 09:05:00.000;2026-07-02 09:05:59.999;29989.5;29992;29984.5;29977;29979.5;29982.833333333332;228;0;29982
2026-07-02 09:06:00.000;2026-07-02 09:06:59.999;29979;29979.75;29973.5;29967.25;29974.75;29973.916666666668;115;0;29974.125
2026-07-02 09:07:00.000;2026-07-02 09:07:59.999;29975.75;29975.75;29969.875;29964;29972.5;29970.75;82;0;29971.1875
2026-07-02 09:08:00.000;2026-07-02 09:08:59.999;29973.5;29981.5;29973.25;29965;29965;29970.5;101;0;29969.125
2026-07-02 09:09:00.000;2026-07-02 09:09:59.999;29964;29968;29964.5;29961;29968;29965.666666666668;47;0;29966.25
2026-07-02 09:10:00.000;2026-07-02 09:10:59.999;29969.5;29975;29971;29967;29969;29970.333333333332;78;0;29970
2026-07-02 09:11:00.000;2026-07-02 09:11:59.999;29972.25;29987.5;29979.75;29972;29986.5;29982;254;0;29983.125
2026-07-02 09:12:00.000;2026-07-02 09:12:59.999;29985.5;29988.75;29982.625;29976.5;29985.25;29983.5;95;0;29983.9375
2026-07-02 09:13:00.000;2026-07-02 09:13:59.999;29984;29986.75;29983.5;29980.25;29981;29982.666666666668;52;0;29982.25
2026-07-02 09:14:00.000;2026-07-02 09:14:59.999;29980.5;29985.5;29982.625;29979.75;29984;29983.083333333332;32;0;29983.3125
2026-07-02 09:15:00.000;2026-07-02 09:15:59.999;29984.5;29985;29977.875;29970.75;29973.75;29976.5;53;0;29975.8125
2026-07-02 09:16:00.000;2026-07-02 09:16:59.999;29973.5;29974;29969.5;29965;29967.75;29968.916666666668;76;0;29968.625
2026-07-02 09:17:00.000;2026-07-02 09:17:59.999;29972;29981.75;29974.5;29967.25;29968;29972.333333333332;69;0;29971.25
2026-07-02 09:18:00.000;2026-07-02 09:18:59.999;29969;29972.5;29968.75;29965;29972;29969.833333333332;65;0;29970.375
2026-07-02 09:19:00.000;2026-07-02 09:19:59.999;29973;29980.5;29971.375;29962.25;29962.25;29968.333333333332;91;0;29966.8125
2026-07-02 09:20:00.000;2026-07-02 09:20:59.999;29961.75;29983.25;29972.5;29961.75;29979;29974.666666666668;182;0;29975.75
2026-07-02 09:21:00.000;2026-07-02 09:21:59.999;29977.75;29980.25;29975.625;29971;29973.25;29974.833333333332;87;0;29974.4375
2026-07-02 09:22:00.000;2026-07-02 09:22:59.999;29974.25;29975.25;29969;29962.75;29964;29967.333333333332;116;0;29966.5
2026-07-02 09:23:00.000;2026-07-02 09:23:59.999;29965.25;29973.75;29968.125;29962.5;29966.25;29967.5;117;0;29967.1875
2026-07-02 09:24:00.000;2026-07-02 09:24:59.999;29969.25;29969.75;29961.5;29953.25;29956.25;29959.75;107;0;29958.875
2026-07-02 09:25:00.000;2026-07-02 09:25:59.999;29956.5;29957.5;29950.5;29943.5;29954.75;29951.916666666668;211;0;29952.625
2026-07-02 09:26:00.000;2026-07-02 09:26:59.999;29954.5;29954.5;29949.375;29944.25;29947.5;29948.75;124;0;29948.4375
2026-07-02 09:27:00.000;2026-07-02 09:27:59.999;29948.5;29958.75;29951.875;29945;29957;29953.583333333332;82;0;29954.4375
2026-07-02 09:28:00.000;2026-07-02 09:28:59.999;29955.5;29983.75;29968.625;29953.5;29977.25;29971.5;215;0;29972.9375
2026-07-02 09:29:00.000;2026-07-02 09:29:59.999;29974.5;29987.25;29980.25;29973.25;29983.25;29981.25;110;0;29981.75
2026-07-02 09:30:00.000;2026-07-02 09:30:59.999;29982.5;29988.5;29983.25;29978;29981.25;29982.583333333332;153;0;29982.25
2026-07-02 09:31:00.000;2026-07-02 09:31:59.999;29980.75;29991;29985.375;29979.75;29982.75;29984.5;142;0;29984.0625
2026-07-02 09:32:00.000;2026-07-02 09:32:59.999;29981.5;30003.25;29992.25;29981.25;29998;29994.166666666668;213;0;29995.125
2026-07-02 09:33:00.000;2026-07-02 09:33:59.999;29998;30010.25;30003.25;29996.25;30010.25;30005.583333333332;190;0;30006.75
2026-07-02 09:34:00.000;2026-07-02 09:34:59.999;30008;30011.5;30002.75;29994;29994.75;30000.083333333332;286;0;29998.75
2026-07-02 09:35:00.000;2026-07-02 09:35:59.999;29994.75;29997.5;29993.625;29989.75;29994.75;29994;36;0;29994.1875
2026-07-02 09:36:00.000;2026-07-02 09:36:59.999;29996.5;30001.75;29994.875;29988;29999;29996.25;147;0;29996.9375
2026-07-02 09:37:00.000;2026-07-02 09:37:59.999;29997.5;29997.5;29994.875;29992.25;29993.25;29994.333333333332;24;0;29994.0625
2026-07-02 09:38:00.000;2026-07-02 09:38:59.999;29995.25;30013.75;30003.875;29994;30011.25;30006.333333333332;185;0;30007.5625
2026-07-02 09:39:00.000;2026-07-02 09:39:59.999;30011;30015;30009.75;30004.5;30005.75;30008.416666666668;67;0;30007.75
2026-07-02 09:40:00.000;2026-07-02 09:40:59.999;30003.75;30010.75;30003.5;29996.25;29997.75;30001.583333333332;142;0;30000.625
2026-07-02 09:41:00.000;2026-07-02 09:41:59.999;30002.25;30005;30002.375;29999.75;30002.75;30002.5;78;0;30002.5625
2026-07-02 09:42:00.000;2026-07-02 09:42:59.999;30000.25;30007;30001;29995;30006.75;30002.916666666668;30;0;30003.875
2026-07-02 09:43:00.000;2026-07-02 09:43:59.999;30008.5;30009.5;30003.75;29998;30000.25;30002.583333333332;33;0;30002
2026-07-02 09:44:00.000;2026-07-02 09:44:59.999;30002.5;30003.75;30000.875;29998;29998.75;30000.166666666668;50;0;29999.8125
2026-07-02 09:45:00.000;2026-07-02 09:45:59.999;29998.25;29998.25;29989.5;29980.75;29983;29987.333333333332;132;0;29986.25
2026-07-02 09:46:00.000;2026-07-02 09:46:59.999;29980.25;29984;29974.875;29965.75;29974.75;29974.833333333332;158;0;29974.8125
2026-07-02 09:47:00.000;2026-07-02 09:47:59.999;29976.25;29994;29985.125;29976.25;29994;29988.083333333332;115;0;29989.5625
2026-07-02 09:48:00.000;2026-07-02 09:48:59.999;29992.25;29995;29992.5;29990;29990.25;29991.75;20;0;29991.375
2026-07-02 09:49:00.000;2026-07-02 09:49:59.999;29996;29996;29991.5;29987;29990;29991;17;0;29990.75
2026-07-02 09:50:00.000;2026-07-02 09:50:59.999;29989.5;29991;29987.875;29984.75;29991;29988.916666666668;34;0;29989.4375
2026-07-02 09:51:00.000;2026-07-02 09:51:59.999;29991.75;29996.5;29990;29983.5;29987;29989;53;0;29988.5
2026-07-02 09:52:00.000;2026-07-02 09:52:59.999;29982.75;29988;29983.625;29979.25;29988;29985.083333333332;51;0;29985.8125
2026-07-02 09:53:00.000;2026-07-02 09:53:59.999;29986.75;29990.25;29985.75;29981.25;29988;29986.5;24;0;29986.875
2026-07-02 09:54:00.000;2026-07-02 09:54:59.999;29982.75;29983;29979.375;29975.75;29981.25;29980;29;0;29980.3125
2026-07-02 09:55:00.000;2026-07-02 09:55:59.999;29979.25;29979.5;29970.25;29961;29968;29969.5;131;0;29969.125
2026-07-02 09:56:00.000;2026-07-02 09:56:59.999;29969.25;29972.5;29964.375;29956.25;29956.25;29961.666666666668;145;0;29960.3125
2026-07-02 09:57:00.000;2026-07-02 09:57:59.999;29957.75;29968.5;29963.125;29957.75;29966.75;29964.333333333332;68;0;29964.9375
2026-07-02 09:58:00.000;2026-07-02 09:58:59.999;29966.25;29966.25;29961.875;29957.5;29957.5;29960.416666666668;27;0;29959.6875
2026-07-02 09:59:00.000;2026-07-02 09:59:59.999;29956.5;29959.75;29955.875;29952;29957.75;29956.5;58;0;29956.8125
2026-07-02 10:00:00.000;2026-07-02 10:00:59.999;29959.5;29959.75;29954.375;29949;29950.25;29953;103;0;29952.3125
2026-07-02 10:01:00.000;2026-07-02 10:01:59.999;29948.75;29950.75;29944.25;29937.75;29942.25;29943.583333333332;283;0;29943.25
2026-07-02 10:02:00.000;2026-07-02 10:02:59.999;29942;29945;29941.375;29937.75;29941;29941.25;50;0;29941.1875
2026-07-02 10:03:00.000;2026-07-02 10:03:59.999;29940.5;29943.25;29934.875;29926.5;29928;29932.583333333332;171;0;29931.4375
2026-07-02 10:04:00.000;2026-07-02 10:04:59.999;29929.5;29933;29926.5;29920;29927;29926.666666666668;206;0;29926.75
2026-07-02 10:05:00.000;2026-07-02 10:05:59.999;29926.75;29946.25;29935.125;29924;29935.5;29935.25;138;0;29935.3125
2026-07-02 10:06:00.000;2026-07-02 10:06:59.999;29936;29953.5;29944.25;29935;29946.75;29945.083333333332;119;0;29945.5
2026-07-02 10:07:00.000;2026-07-02 10:07:59.999;29948.75;29956.75;29950.375;29944;29945;29948.583333333332;108;0;29947.6875
2026-07-02 10:08:00.000;2026-07-02 10:08:59.999;29944.75;29946.25;29940.625;29935;29940.25;29940.5;69;0;29940.4375
2026-07-02 10:09:00.000;2026-07-02 10:09:59.999;29939.75;29942.75;29938;29933.25;29941.5;29939.166666666668;132;0;29939.75
2026-07-02 10:10:00.000;2026-07-02 10:10:59.999;29939.75;29949.5;29943;29936.5;29946;29944;50;0;29944.5
2026-07-02 10:11:00.000;2026-07-02 10:11:59.999;29945.75;29946.75;29943.875;29941;29943.25;29943.666666666668;46;0;29943.5625
2026-07-02 10:12:00.000;2026-07-02 10:12:59.999;29940.5;29940.5;29937;29933.5;29938.5;29937.5;39;0;29937.75
2026-07-02 10:13:00.000;2026-07-02 10:13:59.999;29938.5;29945.75;29939.125;29932.5;29932.5;29936.916666666668;66;0;29935.8125
2026-07-02 10:14:00.000;2026-07-02 10:14:59.999;29934;29938.5;29935.125;29931.75;29934.5;29934.916666666668;48;0;29934.8125
2026-07-02 10:15:00.000;2026-07-02 10:15:59.999;29932;29937.75;29932.375;29927;29937.5;29934.083333333332;69;0;29934.9375
2026-07-02 10:16:00.000;2026-07-02 10:16:59.999;29936.75;29943.75;29934.125;29924.5;29929;29932.416666666668;70;0;29931.5625
2026-07-02 10:17:00.000;2026-07-02 10:17:59.999;29931.25;29934.75;29929.5;29924.25;29930.25;29929.75;45;0;29929.875
2026-07-02 10:18:00.000;2026-07-02 10:18:59.999;29931.75;29937;29933.375;29929.75;29936.5;29934.416666666668;53;0;29934.9375
2026-07-02 10:19:00.000;2026-07-02 10:19:59.999;29935;29949.25;29940.625;29932;29949.25;29943.5;74;0;29944.9375
2026-07-02 10:20:00.000;2026-07-02 10:20:59.999;29948.5;29950.5;29944.5;29938.5;29939;29942.666666666668;43;0;29941.75
2026-07-02 10:21:00.000;2026-07-02 10:21:59.999;29937.25;29945;29940.875;29936.75;29943.75;29941.833333333332;33;0;29942.3125
2026-07-02 10:22:00.000;2026-07-02 10:22:59.999;29943;29947.25;29942.125;29937;29938;29940.75;101;0;29940.0625
2026-07-02 10:23:00.000;2026-07-02 10:23:59.999;29938.75;29938.75;29934.75;29930.75;29937.75;29935.75;62;0;29936.25
2026-07-02 10:24:00.000;2026-07-02 10:24:59.999;29937.25;29946.5;29941.875;29937.25;29940.25;29941.333333333332;48;0;29941.0625
2026-07-02 10:25:00.000;2026-07-02 10:25:59.999;29941;29955.75;29948.375;29941;29954;29950.25;77;0;29951.1875
2026-07-02 10:26:00.000;2026-07-02 10:26:59.999;29955.25;29960.25;29956.875;29953.5;29957.25;29957;49;0;29957.0625
2026-07-02 10:27:00.000;2026-07-02 10:27:59.999;29958.25;29961.25;29954.5;29947.75;29948;29952.333333333332;112;0;29951.25
2026-07-02 10:28:00.000;2026-07-02 10:28:59.999;29947.75;29948.25;29941.625;29935;29937.75;29940.333333333332;93;0;29939.6875
2026-07-02 10:29:00.000;2026-07-02 10:29:59.999;29936.5;29948;29941.875;29935.75;29948;29943.916666666668;72;0;29944.9375
2026-07-02 10:30:00.000;2026-07-02 10:30:59.999;29948;29958.5;29953.25;29948;29957.5;29954.666666666668;49;0;29955.375
2026-07-02 10:31:00.000;2026-07-02 10:31:59.999;29956;29964.75;29960.125;29955.5;29963.75;29961.333333333332;74;0;29961.9375
2026-07-02 10:32:00.000;2026-07-02 10:32:59.999;29961.25;29966.5;29961;29955.5;29958.5;29960.166666666668;111;0;29959.75
2026-07-02 10:33:00.000;2026-07-02 10:33:59.999;29957.5;29981.25;29968.625;29956;29981;29972.75;264;0;29974.8125
2026-07-02 10:34:00.000;2026-07-02 10:34:59.999;29980.25;29993.5;29986.125;29978.75;29982;29984.75;240;0;29984.0625
2026-07-02 10:35:00.000;2026-07-02 10:35:59.999;29984;29984;29979.75;29975.5;29978.75;29979.416666666668;161;0;29979.25
2026-07-02 10:36:00.000;2026-07-02 10:36:59.999;29976.5;29981;29977.375;29973.75;29979;29977.916666666668;104;0;29978.1875
2026-07-02 10:37:00.000;2026-07-02 10:37:59.999;29977.5;29986;29981.375;29976.75;29980.75;29981.166666666668;73;0;29981.0625
2026-07-02 10:38:00.000;2026-07-02 10:38:59.999;29979.75;29993.75;29986.125;29978.5;29989.5;29987.25;152;0;29987.8125
2026-07-02 10:39:00.000;2026-07-02 10:39:59.999;29991.25;30005.5;29994.625;29983.75;29999.25;29996.166666666668;539;0;29996.9375
2026-07-02 10:40:00.000;2026-07-02 10:40:59.999;29998;30005.5;29999.75;29994;29994.25;29997.916666666668;91;0;29997
2026-07-02 10:41:00.000;2026-07-02 10:41:59.999;29993.5;30000.25;29996.875;29993.5;29996;29996.583333333332;63;0;29996.4375
2026-07-02 10:42:00.000;2026-07-02 10:42:59.999;29998.25;29998.5;29994.375;29990.25;29991.25;29993.333333333332;41;0;29992.8125
2026-07-02 10:43:00.000;2026-07-02 10:43:59.999;29990.25;29990.75;29987.125;29983.5;29987.25;29987.166666666668;84;0;29987.1875
2026-07-02 10:44:00.000;2026-07-02 10:44:59.999;29988.5;29988.5;29983.125;29977.75;29978.5;29981.583333333332;93;0;29980.8125
2026-07-02 10:45:00.000;2026-07-02 10:45:59.999;29979.25;29981;29977.125;29973.25;29978;29977.416666666668;85;0;29977.5625
2026-07-02 10:46:00.000;2026-07-02 10:46:59.999;29978;29988.5;29982.5;29976.5;29980.25;29981.75;131;0;29981.375
2026-07-02 10:47:00.000;2026-07-02 10:47:59.999;29980.25;29985.5;29982.5;29979.5;29980.75;29981.916666666668;57;0;29981.625
2026-07-02 10:48:00.000;2026-07-02 10:48:59.999;29979.75;29982.25;29977.125;29972;29976;29976.75;104;0;29976.5625
2026-07-02 10:49:00.000;2026-07-02 10:49:59.999;29974;29983.25;29978.625;29974;29979.75;29979;42;0;29979.1875
2026-07-02 10:50:00.000;2026-07-02 10:50:59.999;29981;29986.75;29982.875;29979;29983.75;29983.166666666668;33;0;29983.3125
2026-07-02 10:51:00.000;2026-07-02 10:51:59.999;29984.25;29984.75;29980.75;29976.75;29978;29979.833333333332;33;0;29979.375
2026-07-02 10:52:00.000;2026-07-02 10:52:59.999;29981;29982.25;29978;29973.75;29974;29976.666666666668;26;0;29976
2026-07-02 10:53:00.000;2026-07-02 10:53:59.999;29975.75;29981.25;29977.375;29973.5;29981.25;29978.666666666668;27;0;29979.3125
2026-07-02 10:54:00.000;2026-07-02 10:54:59.999;29983.5;29994.25;29988.875;29983.5;29990.75;29989.5;74;0;29989.8125
2026-07-02 10:55:00.000;2026-07-02 10:55:59.999;29991.5;29992.75;29990.375;29988;29989.25;29990;48;0;29989.8125
2026-07-02 10:56:00.000;2026-07-02 10:56:59.999;29989.5;29990.25;29986.25;29982.25;29988.75;29987.083333333332;68;0;29987.5
2026-07-02 10:57:00.000;2026-07-02 10:57:59.999;29990.75;29993;29989;29985;29986.75;29988.25;71;0;29987.875
2026-07-02 10:58:00.000;2026-07-02 10:58:59.999;29987.25;30008.5;29997.25;29986;30004.25;29999.583333333332;195;0;30000.75
2026-07-02 10:59:00.000;2026-07-02 10:59:59.999;30003.75;30008.25;30004;29999.75;30005.75;30004.583333333332;109;0;30004.875
2026-07-02 11:00:00.000;2026-07-02 11:00:59.999;30005.25;30017;30007;29997;30008.75;30007.583333333332;399;0;30007.875
2026-07-02 11:01:00.000;2026-07-02 11:01:59.999;30011;30020.5;30015.75;30011;30012.5;30014.666666666668;269;0;30014.125
2026-07-02 11:02:00.000;2026-07-02 11:02:59.999;30012.75;30021.5;30016.375;30011.25;30019.75;30017.5;158;0;30018.0625
2026-07-02 11:03:00.000;2026-07-02 11:03:59.999;30017.75;30021;30007.375;29993.75;29993.75;30002.833333333332;212;0;30000.5625
2026-07-02 11:04:00.000;2026-07-02 11:04:59.999;29994.75;29995;29986.75;29978.5;29981.25;29984.916666666668;340;0;29984
2026-07-02 11:05:00.000;2026-07-02 11:05:59.999;29980;29986;29978.125;29970.25;29972;29976.083333333332;363;0;29975.0625
2026-07-02 11:06:00.000;2026-07-02 11:06:59.999;29972;29977.25;29972.375;29967.5;29973.5;29972.75;95;0;29972.9375
2026-07-02 11:07:00.000;2026-07-02 11:07:59.999;29973.75;29977.5;29972.875;29968.25;29972.25;29972.666666666668;76;0;29972.5625
2026-07-02 11:08:00.000;2026-07-02 11:08:59.999;29973;29984;29978.375;29972.75;29979.25;29978.666666666668;146;0;29978.8125
2026-07-02 11:09:00.000;2026-07-02 11:09:59.999;29982.25;29985.5;29983.25;29981;29983.25;29983.25;58;0;29983.25
2026-07-02 11:10:00.000;2026-07-02 11:10:59.999;29983.25;29990.75;29987;29983.25;29987.5;29987.166666666668;86;0;29987.25
2026-07-02 11:11:00.000;2026-07-02 11:11:59.999;29988.25;29995.75;29991.5;29987.25;29991.25;29991.416666666668;77;0;29991.375
2026-07-02 11:12:00.000;2026-07-02 11:12:59.999;29990.5;30005.75;29997;29988.25;29997;29997;228;0;29997
2026-07-02 11:13:00.000;2026-07-02 11:13:59.999;29996.5;30010.5;30003.5;29996.5;30006;30004.333333333332;179;0;30004.75
2026-07-02 11:14:00.000;2026-07-02 11:14:59.999;30006;30007;30004.375;30001.75;30007;30005.25;49;0;30005.6875
2026-07-02 11:15:00.000;2026-07-02 11:15:59.999;30005.75;30009.25;30006.25;30003.25;30007.75;30006.75;44;0;30007
2026-07-02 11:16:00.000;2026-07-02 11:16:59.999;30008;30011.25;30006.5;30001.75;30006.25;30006.416666666668;96;0;30006.375
2026-07-02 11:17:00.000;2026-07-02 11:17:59.999;30006.75;30007.5;29994;29980.5;29983;29990.333333333332;232;0;29988.5
2026-07-02 11:18:00.000;2026-07-02 11:18:59.999;29982;29982;29974.5;29967;29976.25;29975.083333333332;170;0;29975.375
2026-07-02 11:19:00.000;2026-07-02 11:19:59.999;29977.75;29991.5;29984;29976.5;29984.5;29984.166666666668;83;0;29984.25
2026-07-02 11:20:00.000;2026-07-02 11:20:59.999;29984.5;29985.5;29980;29974.5;29977.5;29979.166666666668;72;0;29978.75
2026-07-02 11:21:00.000;2026-07-02 11:21:59.999;29979.5;29979.5;29976.25;29973;29979.5;29977.333333333332;42;0;29977.875
2026-07-02 11:22:00.000;2026-07-02 11:22:59.999;29979;29998;29987.75;29977.5;29995.5;29990.333333333332;162;0;29991.625
2026-07-02 11:23:00.000;2026-07-02 11:23:59.999;29996.5;30008.75;30002.625;29996.5;30005.5;30003.583333333332;92;0;30004.0625
2026-07-02 11:24:00.000;2026-07-02 11:24:59.999;30002.75;30008.25;30005.5;30002.75;30003.75;30004.916666666668;68;0;30004.625
2026-07-02 11:25:00.000;2026-07-02 11:25:59.999;30004;30013;30007.625;30002.25;30011.25;30008.833333333332;93;0;30009.4375
2026-07-02 11:26:00.000;2026-07-02 11:26:59.999;30011;30014;30010;30006;30010;30010;238;0;30010
2026-07-02 11:27:00.000;2026-07-02 11:27:59.999;30010.75;30011.25;30009.25;30007.25;30009.25;30009.25;59;0;30009.25
2026-07-02 11:28:00.000;2026-07-02 11:28:59.999;30010;30013;30006.875;30000.75;30004.75;30006.166666666668;115;0;30005.8125
2026-07-02 11:29:00.000;2026-07-02 11:29:59.999;30006;30010;30007.625;30005.25;30005.75;30007;58;0;30006.6875
2026-07-02 11:30:00.000;2026-07-02 11:30:59.999;30006;30012;30001.375;29990.75;29998;30000.25;276;0;29999.6875
2026-07-02 11:31:00.000;2026-07-02 11:31:59.999;29998.5;30005;30001.5;29998;30005;30002.666666666668;114;0;30003.25
2026-07-02 11:32:00.000;2026-07-02 11:32:59.999;30005.25;30009.5;30006.375;30003.25;30005;30005.916666666668;56;0;30005.6875
2026-07-02 11:33:00.000;2026-07-02 11:33:59.999;30004.25;30010.5;30006.25;30002;30009;30007.166666666668;41;0;30007.625
2026-07-02 11:34:00.000;2026-07-02 11:34:59.999;30009;30009;30001.25;29993.5;29995.25;29999.25;69;0;29998.25
2026-07-02 11:35:00.000;2026-07-02 11:35:59.999;29993.5;29999.5;29996.125;29992.75;29997;29996.416666666668;70;0;29996.5625
2026-07-02 11:36:00.000;2026-07-02 11:36:59.999;29998;30007.5;30002.75;29998;29998.5;30001.333333333332;101;0;30000.625
2026-07-02 11:37:00.000;2026-07-02 11:37:59.999;29999.25;30010;30003.875;29997.75;30009.75;30005.833333333332;100;0;30006.8125
2026-07-02 11:38:00.000;2026-07-02 11:38:59.999;30010;30033;30021.5;30010;30033;30025.333333333332;266;0;30027.25
2026-07-02 11:39:00.000;2026-07-02 11:39:59.999;30032;30036.75;30032.25;30027.75;30036.25;30033.583333333332;116;0;30034.25
2026-07-02 11:40:00.000;2026-07-02 11:40:59.999;30036.25;30037.75;30029.25;30020.75;30021;30026.5;261;0;30025.125
2026-07-02 11:41:00.000;2026-07-02 11:41:59.999;30022;30049;30031.875;30014.75;30043.25;30035.666666666668;297;0;30037.5625
2026-07-02 11:42:00.000;2026-07-02 11:42:59.999;30042;30050;30045.375;30040.75;30047;30045.916666666668;193;0;30046.1875
2026-07-02 11:43:00.000;2026-07-02 11:43:59.999;30046.5;30058.25;30052.125;30046;30055.75;30053.333333333332;223;0;30053.9375
2026-07-02 11:44:00.000;2026-07-02 11:44:59.999;30056.25;30064.75;30058.625;30052.5;30057.5;30058.25;294;0;30058.0625
2026-07-02 11:45:00.000;2026-07-02 11:45:59.999;30058;30067.25;30061.5;30055.75;30065;30062.666666666668;165;0;30063.25
2026-07-02 11:46:00.000;2026-07-02 11:46:59.999;30065;30066;30060.375;30054.75;30060.5;30060.416666666668;181;0;30060.4375
2026-07-02 11:47:00.000;2026-07-02 11:47:59.999;30060.5;30069.5;30064.875;30060.25;30066.75;30065.5;250;0;30065.8125
2026-07-02 11:48:00.000;2026-07-02 11:48:59.999;30066;30076.25;30071.125;30066;30071.25;30071.166666666668;304;0;30071.1875
2026-07-02 11:49:00.000;2026-07-02 11:49:59.999;30070.75;30071.25;30064.75;30058.25;30059;30062.833333333332;205;0;30061.875
2026-07-02 11:50:00.000;2026-07-02 11:50:59.999;30059;30067;30061.25;30055.5;30067;30063.166666666668;140;0;30064.125
2026-07-02 11:51:00.000;2026-07-02 11:51:59.999;30067.25;30073.75;30068;30062.25;30073.5;30069.833333333332;281;0;30070.75
2026-07-02 11:52:00.000;2026-07-02 11:52:59.999;30074.25;30079;30074.125;30069.25;30072;30073.416666666668;140;0;30073.0625
2026-07-02 11:53:00.000;2026-07-02 11:53:59.999;30072.25;30072.5;30066.625;30060.75;30066;30066.416666666668;177;0;30066.3125
2026-07-02 11:54:00.000;2026-07-02 11:54:59.999;30065.25;30065.25;30052.625;30040;30041;30048.75;413;0;30046.8125
2026-07-02 11:55:00.000;2026-07-02 11:55:59.999;30040.75;30051.75;30045.5;30039.25;30049.25;30046.75;164;0;30047.375
2026-07-02 11:56:00.000;2026-07-02 11:56:59.999;30048.25;30053.5;30049.125;30044.75;30052.5;30050.25;64;0;30050.8125
2026-07-02 11:57:00.000;2026-07-02 11:57:59.999;30051.75;30053;30047.375;30041.75;30042;30045.583333333332;79;0;30044.6875
2026-07-02 11:58:00.000;2026-07-02 11:58:59.999;30043;30050;30045.5;30041;30045.75;30045.583333333332;79;0;30045.625
2026-07-02 11:59:00.000;2026-07-02 11:59:59.999;30045.75;30046;30040;30034;30034.25;30038.083333333332;166;0;30037.125
2026-07-02 12:00:00.000;2026-07-02 12:00:59.999;30035.25;30036.75;30029.5;30022.25;30027;30028.666666666668;249;0;30028.25
2026-07-02 12:01:00.000;2026-07-02 12:01:59.999;30026.75;30031.5;30027.375;30023.25;30026;30026.916666666668;114;0;30026.6875
2026-07-02 12:02:00.000;2026-07-02 12:02:59.999;30026.75;30044;30035;30026;30044;30038;162;0;30039.5
2026-07-02 12:03:00.000;2026-07-02 12:03:59.999;30043.25;30066.75;30055;30043.25;30066.75;30058.916666666668;254;0;30060.875
2026-07-02 12:04:00.000;2026-07-02 12:04:59.999;30065.75;30085;30074.875;30064.75;30080;30076.583333333332;248;0;30077.4375
2026-07-02 12:05:00.000;2026-07-02 12:05:59.999;30080.75;30086.25;30079.5;30072.75;30074.25;30077.75;157;0;30076.875
2026-07-02 12:06:00.000;2026-07-02 12:06:59.999;30075.25;30107.5;30090.875;30074.25;30103;30094.916666666668;416;0;30096.9375
2026-07-02 12:07:00.000;2026-07-02 12:07:59.999;30100.5;30109.25;30101.375;30093.5;30101.5;30101.416666666668;171;0;30101.4375
2026-07-02 12:08:00.000;2026-07-02 12:08:59.999;30101.5;30112.75;30104.75;30096.75;30110.75;30106.75;254;0;30107.75
2026-07-02 12:09:00.000;2026-07-02 12:09:59.999;30110.25;30116.25;30108.125;30100;30106.25;30107.5;283;0;30107.1875
2026-07-02 12:10:00.000;2026-07-02 12:10:59.999;30106.25;30113.75;30108.625;30103.5;30110.25;30109.166666666668;174;0;30109.4375
2026-07-02 12:11:00.000;2026-07-02 12:11:59.999;30111.5;30116.25;30108.125;30100;30115.25;30110.5;184;0;30111.6875
2026-07-02 12:12:00.000;2026-07-02 12:12:59.999;30114.75;30126.25;30119.25;30112.25;30120.25;30119.583333333332;250;0;30119.75
2026-07-02 12:13:00.000;2026-07-02 12:13:59.999;30121.5;30135.25;30126.125;30117;30131.75;30128;362;0;30128.9375
2026-07-02 12:14:00.000;2026-07-02 12:14:59.999;30131;30140.75;30134.5;30128.25;30131.25;30133.416666666668;189;0;30132.875
2026-07-02 12:15:00.000;2026-07-02 12:15:59.999;30131.75;30142.5;30135.5;30128.5;30138.5;30136.5;222;0;30137
2026-07-02 12:16:00.000;2026-07-02 12:16:59.999;30138;30153;30143.75;30134.5;30150.5;30146;268;0;30147.125
2026-07-02 12:17:00.000;2026-07-02 12:17:59.999;30150;30161.25;30153.75;30146.25;30148.5;30152;262;0;30151.125
2026-07-02 12:18:00.000;2026-07-02 12:18:59.999;30146.75;30155;30148.875;30142.75;30149.75;30149.166666666668;254;0;30149.3125
2026-07-02 12:19:00.000;2026-07-02 12:19:59.999;30149.75;30149.75;30140.625;30131.5;30139.75;30140.333333333332;284;0;30140.1875
2026-07-02 12:20:00.000;2026-07-02 12:20:59.999;30141;30157.25;30148.5;30139.75;30150;30149;235;0;30149.25
2026-07-02 12:21:00.000;2026-07-02 12:21:59.999;30148;30152.5;30139.875;30127.25;30139;30139.583333333332;273;0;30139.4375
2026-07-02 12:22:00.000;2026-07-02 12:22:59.999;30138;30148;30142.625;30137.25;30143.75;30143;160;0;30143.1875
2026-07-02 12:23:00.000;2026-07-02 12:23:59.999;30142;30150.75;30144.625;30138.5;30142.25;30143.833333333332;161;0;30143.4375
2026-07-02 12:24:00.000;2026-07-02 12:24:59.999;30142.25;30159;30150.625;30142.25;30157.5;30152.916666666668;177;0;30154.0625
2026-07-02 12:25:00.000;2026-07-02 12:25:59.999;30158.5;30167;30159.5;30152;30165;30161.333333333332;180;0;30162.25
2026-07-02 12:26:00.000;2026-07-02 12:26:59.999;30163.5;30169.25;30163.625;30158;30163.25;30163.5;299;0;30163.4375
2026-07-02 12:27:00.000;2026-07-02 12:27:59.999;30162.25;30165.75;30153.125;30140.5;30140.5;30148.916666666668;277;0;30146.8125
2026-07-02 12:28:00.000;2026-07-02 12:28:59.999;30142;30159.5;30147;30134.5;30156.75;30150.25;271;0;30151.875
2026-07-02 12:29:00.000;2026-07-02 12:29:59.999;30156;30190.25;30172.75;30155.25;30182.75;30176.083333333332;440;0;30177.75
2026-07-02 12:30:00.000;2026-07-02 12:30:59.999;30183;30281.75;30228.375;30175;30275;30243.916666666668;2216;0;30251.6875
2026-07-02 12:31:00.000;2026-07-02 12:31:59.999;30276.25;30281.75;30252.25;30222.75;30241;30248.5;1394;0;30246.625
2026-07-02 12:32:00.000;2026-07-02 12:32:59.999;30242.5;30259;30241.25;30223.5;30237.75;30240.083333333332;800;0;30239.5
2026-07-02 12:33:00.000;2026-07-02 12:33:59.999;30236;30263.25;30237.25;30211.25;30254.75;30243.083333333332;781;0;30246
2026-07-02 12:34:00.000;2026-07-02 12:34:59.999;30250.5;30275.75;30260.25;30244.75;30274.5;30265;538;0;30267.375
2026-07-02 12:35:00.000;2026-07-02 12:35:59.999;30273.75;30300;30282.875;30265.75;30293.75;30286.5;1152;0;30288.3125
2026-07-02 12:36:00.000;2026-07-02 12:36:59.999;30295.25;30318;30305.25;30292.5;30308;30306.166666666668;1148;0;30306.625
2026-07-02 12:37:00.000;2026-07-02 12:37:59.999;30306.5;30320;30304;30288;30314.5;30307.5;798;0;30309.25
2026-07-02 12:38:00.000;2026-07-02 12:38:59.999;30313.25;30315.25;30291.375;30267.5;30278;30286.916666666668;805;0;30284.6875
2026-07-02 12:39:00.000;2026-07-02 12:39:59.999;30282.25;30291;30280.125;30269.25;30281.75;30280.666666666668;459;0;30280.9375
2026-07-02 12:40:00.000;2026-07-02 12:40:59.999;30280.75;30293.5;30280.125;30266.75;30278.75;30279.666666666668;707;0;30279.4375
2026-07-02 12:41:00.000;2026-07-02 12:41:59.999;30278.5;30281;30262;30243;30246.75;30256.916666666668;619;0;30254.375
2026-07-02 12:42:00.000;2026-07-02 12:42:59.999;30246.25;30267.5;30256.25;30245;30262.5;30258.333333333332;584;0;30259.375
2026-07-02 12:43:00.000;2026-07-02 12:43:59.999;30263.25;30275.25;30261.75;30248.25;30260.75;30261.416666666668;370;0;30261.25
2026-07-02 12:44:00.000;2026-07-02 12:44:59.999;30261;30261.25;30251;30240.75;30241.5;30247.833333333332;343;0;30246.25
2026-07-02 12:45:00.000;2026-07-02 12:45:59.999;30242.5;30261.25;30249.625;30238;30254.5;30251.25;577;0;30252.0625
2026-07-02 12:46:00.000;2026-07-02 12:46:59.999;30253.5;30253.5;30246.625;30239.75;30251;30248.083333333332;322;0;30248.8125
2026-07-02 12:47:00.000;2026-07-02 12:47:59.999;30249;30262.25;30250.75;30239.25;30248.25;30249.916666666668;339;0;30249.5
2026-07-02 12:48:00.000;2026-07-02 12:48:59.999;30244;30265.25;30252.75;30240.25;30255.75;30253.75;366;0;30254.25
2026-07-02 12:49:00.000;2026-07-02 12:49:59.999;30256.25;30259.5;30251.625;30243.75;30246.5;30249.916666666668;296;0;30249.0625
2026-07-02 12:50:00.000;2026-07-02 12:50:59.999;30244.5;30261.75;30251.375;30241;30259.75;30254.166666666668;196;0;30255.5625
2026-07-02 12:51:00.000;2026-07-02 12:51:59.999;30260.75;30262;30248.875;30235.75;30237.75;30245.166666666668;353;0;30243.3125
2026-07-02 12:52:00.000;2026-07-02 12:52:59.999;30239.75;30254.75;30244.375;30234;30238.25;30242.333333333332;378;0;30241.3125
2026-07-02 12:53:00.000;2026-07-02 12:53:59.999;30239;30239;30226.625;30214.25;30215;30222.75;507;0;30220.8125
2026-07-02 12:54:00.000;2026-07-02 12:54:59.999;30214;30220.75;30211.25;30201.75;30205.75;30209.416666666668;508;0;30208.5
2026-07-02 12:55:00.000;2026-07-02 12:55:59.999;30206;30209;30194.125;30179.25;30181;30189.75;712;0;30187.5625
2026-07-02 12:56:00.000;2026-07-02 12:56:59.999;30180;30185;30175.125;30165.25;30179.75;30176.666666666668;714;0;30177.4375
2026-07-02 12:57:00.000;2026-07-02 12:57:59.999;30179.75;30185;30171.125;30157.25;30158.75;30167;370;0;30164.9375
2026-07-02 12:58:00.000;2026-07-02 12:58:59.999;30160;30171.5;30163.25;30155;30160.5;30162.333333333332;505;0;30161.875
2026-07-02 12:59:00.000;2026-07-02 12:59:59.999;30159.75;30184.75;30172;30159.25;30182.75;30175.583333333332;445;0;30177.375
2026-07-02 13:00:00.000;2026-07-02 13:00:59.999;30185;30215;30187.5;30160;30166;30180.333333333332;1717;0;30176.75
2026-07-02 13:01:00.000;2026-07-02 13:01:59.999;30166.75;30167.75;30151.375;30135;30160;30154.25;729;0;30155.6875
2026-07-02 13:02:00.000;2026-07-02 13:02:59.999;30165.25;30179.25;30171.5;30163.75;30167.25;30170.083333333332;372;0;30169.375
2026-07-02 13:03:00.000;2026-07-02 13:03:59.999;30168.75;30188;30176.125;30164.25;30172;30174.75;326;0;30174.0625
2026-07-02 13:04:00.000;2026-07-02 13:04:59.999;30174;30183.75;30173.5;30163.25;30181.75;30176.25;340;0;30177.625
2026-07-02 13:05:00.000;2026-07-02 13:05:59.999;30180;30182.25;30165.125;30148;30154.75;30161.666666666668;391;0;30159.9375
2026-07-02 13:06:00.000;2026-07-02 13:06:59.999;30154;30160.75;30152.375;30144;30147;30150.583333333332;483;0;30149.6875
2026-07-02 13:07:00.000;2026-07-02 13:07:59.999;30145.75;30158;30149.125;30140.25;30144.25;30147.5;355;0;30146.6875
2026-07-02 13:08:00.000;2026-07-02 13:08:59.999;30146;30147.5;30132.75;30118;30130.25;30131.916666666668;526;0;30131.5
2026-07-02 13:09:00.000;2026-07-02 13:09:59.999;30133.5;30140.25;30132.75;30125.25;30127.75;30131.083333333332;339;0;30130.25
2026-07-02 13:10:00.000;2026-07-02 13:10:59.999;30128.25;30146;30134.625;30123.25;30137;30135.416666666668;351;0;30135.8125
2026-07-02 13:11:00.000;2026-07-02 13:11:59.999;30138;30150;30142;30134;30136.75;30140.25;299;0;30139.375
2026-07-02 13:12:00.000;2026-07-02 13:12:59.999;30135.75;30156;30144.75;30133.5;30154.5;30148;333;0;30149.625
2026-07-02 13:13:00.000;2026-07-02 13:13:59.999;30154.75;30162;30155.375;30148.75;30148.75;30153.166666666668;378;0;30152.0625
2026-07-02 13:14:00.000;2026-07-02 13:14:59.999;30146.75;30153.5;30142.75;30132;30142;30142.5;528;0;30142.375
2026-07-02 13:15:00.000;2026-07-02 13:15:59.999;30141.5;30153.5;30143.625;30133.75;30148.5;30145.25;328;0;30146.0625
2026-07-02 13:16:00.000;2026-07-02 13:16:59.999;30149.5;30159.5;30152.5;30145.5;30155.25;30153.416666666668;276;0;30153.875
2026-07-02 13:17:00.000;2026-07-02 13:17:59.999;30155.5;30165;30154;30143;30147.75;30151.916666666668;376;0;30150.875
2026-07-02 13:18:00.000;2026-07-02 13:18:59.999;30148.75;30163.75;30152.625;30141.5;30161.25;30155.5;253;0;30156.9375
2026-07-02 13:19:00.000;2026-07-02 13:19:59.999;30161;30175;30165.75;30156.5;30168.5;30166.666666666668;411;0;30167.125
2026-07-02 13:20:00.000;2026-07-02 13:20:59.999;30169.25;30177.25;30170.75;30164.25;30169.5;30170.333333333332;297;0;30170.125
2026-07-02 13:21:00.000;2026-07-02 13:21:59.999;30169.5;30175.5;30169.125;30162.75;30171;30169.75;347;0;30170.0625
2026-07-02 13:22:00.000;2026-07-02 13:22:59.999;30169.5;30171.75;30169.25;30166.75;30169;30169.166666666668;188;0;30169.125
2026-07-02 13:23:00.000;2026-07-02 13:23:59.999;30170.5;30184;30173.5;30163;30181.5;30176.166666666668;414;0;30177.5
2026-07-02 13:24:00.000;2026-07-02 13:24:59.999;30180;30180.5;30170.375;30160.25;30163;30167.916666666668;343;0;30166.6875
2026-07-02 13:25:00.000;2026-07-02 13:25:59.999;30165;30175;30162;30149;30151.25;30158.416666666668;576;0;30156.625
2026-07-02 13:26:00.000;2026-07-02 13:26:59.999;30150.75;30154.5;30147.125;30139.75;30154.25;30149.5;432;0;30150.6875
2026-07-02 13:27:00.000;2026-07-02 13:27:59.999;30154;30156.75;30134.125;30111.5;30116;30128.083333333332;678;0;30125.0625
2026-07-02 13:28:00.000;2026-07-02 13:28:59.999;30115.75;30115.75;30103;30090.25;30091.5;30099.166666666668;1013;0;30097.25
2026-07-02 13:29:00.000;2026-07-02 13:29:59.999;30090.5;30098.25;30085.875;30073.5;30076.25;30082.666666666668;1599;0;30081.0625
2026-07-02 13:30:00.000;2026-07-02 13:30:59.999;30076.25;30106.5;30057.125;30007.75;30079.25;30064.5;5923;0;30068.1875
2026-07-02 13:31:00.000;2026-07-02 13:31:59.999;30077.75;30114.5;30083.875;30053.25;30081.5;30083.083333333332;3301;0;30082.6875
2026-07-02 13:32:00.000;2026-07-02 13:32:59.999;30081.5;30113;30088.75;30064.5;30077.75;30085.083333333332;2240;0;30083.25
2026-07-02 13:33:00.000;2026-07-02 13:33:59.999;30079.25;30108.75;30084;30059.25;30102.5;30090.166666666668;1690;0;30093.25
2026-07-02 13:34:00.000;2026-07-02 13:34:59.999;30104;30138.25;30120.625;30103;30135.25;30125.5;2374;0;30127.9375
2026-07-02 13:35:00.000;2026-07-02 13:35:59.999;30133.5;30161;30137.75;30114.5;30133.25;30136.25;2777;0;30135.5
2026-07-02 13:36:00.000;2026-07-02 13:36:59.999;30132.5;30150.25;30118.5;30086.75;30148.5;30128.5;2274;0;30133.5
2026-07-02 13:37:00.000;2026-07-02 13:37:59.999;30147.5;30158.5;30143.375;30128.25;30135.75;30140.833333333332;1789;0;30139.5625
2026-07-02 13:38:00.000;2026-07-02 13:38:59.999;30135;30136.75;30082.375;30028;30052.5;30072.416666666668;3011;0;30067.4375
2026-07-02 13:39:00.000;2026-07-02 13:39:59.999;30052.5;30074.75;30058.875;30043;30054.75;30057.5;1981;0;30056.8125
2026-07-02 13:40:00.000;2026-07-02 13:40:59.999;30054.75;30116.75;30084.5;30052.25;30073.25;30080.75;2605;0;30078.875
2026-07-02 13:41:00.000;2026-07-02 13:41:59.999;30072.75;30147.75;30106.375;30065;30130.75;30114.5;2242;0;30118.5625
2026-07-02 13:42:00.000;2026-07-02 13:42:59.999;30130.5;30145.25;30134.5;30123.75;30139.5;30136.166666666668;1491;0;30137
2026-07-02 13:43:00.000;2026-07-02 13:43:59.999;30137.75;30188.75;30159;30129.25;30157.5;30158.5;2413;0;30158.25
2026-07-02 13:44:00.000;2026-07-02 13:44:59.999;30157.75;30157.75;30135.875;30114;30124.25;30132;2076;0;30130.0625
2026-07-02 13:45:00.000;2026-07-02 13:45:59.999;30127;30164.25;30141.625;30119;30140.5;30141.25;1756;0;30141.0625
2026-07-02 13:46:00.000;2026-07-02 13:46:59.999;30140.75;30153.5;30130.75;30108;30111.5;30124.333333333332;1341;0;30121.125
2026-07-02 13:47:00.000;2026-07-02 13:47:59.999;30110;30169.75;30135.875;30102;30165;30145.583333333332;1792;0;30150.4375
2026-07-02 13:48:00.000;2026-07-02 13:48:59.999;30165.25;30190.25;30175.125;30160;30177;30175.75;1564;0;30176.0625
2026-07-02 13:49:00.000;2026-07-02 13:49:59.999;30176;30205;30190.5;30176;30178.75;30186.583333333332;1862;0;30184.625
2026-07-02 13:50:00.000;2026-07-02 13:50:59.999;30179.25;30212.25;30185.5;30158.75;30192;30187.666666666668;2372;0;30188.75
2026-07-02 13:51:00.000;2026-07-02 13:51:59.999;30192;30243.25;30216.5;30189.75;30240;30224.333333333332;2186;0;30228.25
2026-07-02 13:52:00.000;2026-07-02 13:52:59.999;30239.25;30258;30244.625;30231.25;30252.25;30247.166666666668;1891;0;30248.4375
2026-07-02 13:53:00.000;2026-07-02 13:53:59.999;30252.25;30260.5;30236.375;30212.25;30217.25;30230;1845;0;30226.8125
2026-07-02 13:54:00.000;2026-07-02 13:54:59.999;30217.25;30239.5;30223.375;30207.25;30233.25;30226.666666666668;1670;0;30228.3125
2026-07-02 13:55:00.000;2026-07-02 13:55:59.999;30234;30247.5;30233.75;30220;30231.75;30233.083333333332;1389;0;30232.75
2026-07-02 13:56:00.000;2026-07-02 13:56:59.999;30233.5;30241.5;30216.75;30192;30210.5;30214.666666666668;1497;0;30213.625
2026-07-02 13:57:00.000;2026-07-02 13:57:59.999;30211.75;30237.5;30220;30202.5;30218.25;30219.416666666668;1033;0;30219.125
2026-07-02 13:58:00.000;2026-07-02 13:58:59.999;30219.5;30255.75;30236;30216.25;30247.75;30239.916666666668;1044;0;30241.875
2026-07-02 13:59:00.000;2026-07-02 13:59:59.999;30246.75;30263;30249.375;30235.75;30257.75;30252.166666666668;1025;0;30253.5625
2026-07-02 14:00:00.000;2026-07-02 14:00:59.999;30258;30271.75;30249.875;30228;30248.25;30249.333333333332;1716;0;30249.0625
2026-07-02 14:01:00.000;2026-07-02 14:01:59.999;30247.5;30270.25;30251.5;30232.75;30267.75;30256.916666666668;973;0;30259.625
2026-07-02 14:02:00.000;2026-07-02 14:02:59.999;30266.75;30286.75;30273.625;30260.5;30282.75;30276.666666666668;1395;0;30278.1875
2026-07-02 14:03:00.000;2026-07-02 14:03:59.999;30282.25;30293.5;30282.25;30271;30274.75;30279.75;1247;0;30278.5
2026-07-02 14:04:00.000;2026-07-02 14:04:59.999;30274.5;30281.75;30268.125;30254.5;30259.75;30265.333333333332;1130;0;30263.9375
2026-07-02 14:05:00.000;2026-07-02 14:05:59.999;30259.5;30261;30244.75;30228.5;30247;30245.5;1532;0;30245.875
2026-07-02 14:06:00.000;2026-07-02 14:06:59.999;30246.75;30249.25;30234.75;30220.25;30223.5;30231;1247;0;30229.125
2026-07-02 14:07:00.000;2026-07-02 14:07:59.999;30222.5;30253.75;30237.375;30221;30239.5;30238.083333333332;857;0;30238.4375
2026-07-02 14:08:00.000;2026-07-02 14:08:59.999;30239.5;30239.5;30211.875;30184.25;30188.25;30204;1748;0;30200.0625
2026-07-02 14:09:00.000;2026-07-02 14:09:59.999;30188.5;30201;30184.375;30167.75;30182.25;30183.666666666668;1609;0;30183.3125
2026-07-02 14:10:00.000;2026-07-02 14:10:59.999;30182.5;30191.75;30161.625;30131.5;30151.25;30158.166666666668;1878;0;30156.4375
2026-07-02 14:11:00.000;2026-07-02 14:11:59.999;30152.25;30187.25;30169.5;30151.75;30180.75;30173.25;1262;0;30175.125
2026-07-02 14:12:00.000;2026-07-02 14:12:59.999;30181.75;30223;30199.875;30176.75;30223;30207.583333333332;1492;0;30211.4375
2026-07-02 14:13:00.000;2026-07-02 14:13:59.999;30223.5;30253.75;30237.625;30221.5;30247.5;30240.916666666668;1534;0;30242.5625
2026-07-02 14:14:00.000;2026-07-02 14:14:59.999;30247;30249.25;30230.5;30211.75;30215.5;30225.5;1427;0;30223
2026-07-02 14:15:00.000;2026-07-02 14:15:59.999;30216.25;30219.5;30202;30184.5;30195.75;30199.916666666668;1528;0;30198.875
2026-07-02 14:16:00.000;2026-07-02 14:16:59.999;30194.5;30226.5;30191.375;30156.25;30162.25;30181.666666666668;2009;0;30176.8125
2026-07-02 14:17:00.000;2026-07-02 14:17:59.999;30163.75;30170;30153.625;30137.25;30138.25;30148.5;1514;0;30145.9375
2026-07-02 14:18:00.000;2026-07-02 14:18:59.999;30138.25;30163.75;30136.25;30108.75;30127.75;30133.416666666668;2328;0;30132
2026-07-02 14:19:00.000;2026-07-02 14:19:59.999;30128;30159.75;30140.125;30120.5;30156;30145.416666666668;1431;0;30148.0625
2026-07-02 14:20:00.000;2026-07-02 14:20:59.999;30155.5;30169.5;30136.625;30103.75;30109.75;30127.666666666668;1892;0;30123.1875
2026-07-02 14:21:00.000;2026-07-02 14:21:59.999;30110.75;30122.5;30105;30087.5;30101;30103.666666666668;1588;0;30103
2026-07-02 14:22:00.000;2026-07-02 14:22:59.999;30101.5;30118.5;30096.5;30074.5;30108.5;30100.5;1715;0;30102.5
2026-07-02 14:23:00.000;2026-07-02 14:23:59.999;30109;30131.75;30105.375;30079;30105.75;30105.5;1868;0;30105.5625
2026-07-02 14:24:00.000;2026-07-02 14:24:59.999;30104.75;30137.5;30105.75;30074;30079.75;30097.083333333332;1707;0;30092.75
2026-07-02 14:25:00.000;2026-07-02 14:25:59.999;30080;30094.75;30070.625;30046.5;30068.25;30069.833333333332;2041;0;30069.4375
2026-07-02 14:26:00.000;2026-07-02 14:26:59.999;30069;30083.5;30058.875;30034.25;30035.75;30051.166666666668;1655;0;30047.3125
2026-07-02 14:27:00.000;2026-07-02 14:27:59.999;30035.5;30037.75;29987.625;29937.5;29951.75;29975.666666666668;3902;0;29969.6875
2026-07-02 14:28:00.000;2026-07-02 14:28:59.999;29952.5;29964.25;29937.5;29910.75;29940;29938.333333333332;2858;0;29938.75
2026-07-02 14:29:00.000;2026-07-02 14:29:59.999;29940;29961.25;29938.25;29915.25;29935;29937.166666666668;2061;0;29936.625
2026-07-02 14:30:00.000;2026-07-02 14:30:59.999;29935;29978.25;29939.875;29901.5;29954.25;29944.666666666668;3493;0;29947.0625
2026-07-02 14:31:00.000;2026-07-02 14:31:59.999;29954.25;30006.25;29978.125;29950;29985.5;29980.583333333332;2250;0;29981.8125
2026-07-02 14:32:00.000;2026-07-02 14:32:59.999;29988;30003.5;29967.625;29931.75;29942.25;29959.166666666668;1750;0;29954.9375
2026-07-02 14:33:00.000;2026-07-02 14:33:59.999;29941.5;29980;29949.5;29919;29941.5;29946.833333333332;2177;0;29945.5
2026-07-02 14:34:00.000;2026-07-02 14:34:59.999;29943.5;29958.25;29923.125;29888;29903;29916.416666666668;2055;0;29913.0625
2026-07-02 14:35:00.000;2026-07-02 14:35:59.999;29902;29923.25;29900.375;29877.5;29902;29900.916666666668;2068;0;29901.1875
2026-07-02 14:36:00.000;2026-07-02 14:36:59.999;29901.75;29956.25;29924.5;29892.75;29950.75;29933.25;2590;0;29937.625
2026-07-02 14:37:00.000;2026-07-02 14:37:59.999;29949.25;29986.25;29963.75;29941.25;29965.5;29964.333333333332;1926;0;29964.625
2026-07-02 14:38:00.000;2026-07-02 14:38:59.999;29967.25;29970;29951.75;29933.5;29954.5;29952.666666666668;1393;0;29953.125
2026-07-02 14:39:00.000;2026-07-02 14:39:59.999;29954.5;29974;29943.75;29913.5;29923.25;29936.916666666668;1588;0;29933.5
2026-07-02 14:40:00.000;2026-07-02 14:40:59.999;29924;29933;29910.125;29887.25;29901.25;29907.166666666668;1776;0;29905.6875
2026-07-02 14:41:00.000;2026-07-02 14:41:59.999;29901.25;29908.5;29871.75;29835;29845;29862.833333333332;3019;0;29858.375
2026-07-02 14:42:00.000;2026-07-02 14:42:59.999;29844.5;29849.75;29819.625;29789.5;29812.5;29817.25;3376;0;29816.0625
2026-07-02 14:43:00.000;2026-07-02 14:43:59.999;29812.25;29821.5;29799.25;29777;29793;29797.166666666668;2302;0;29796.125
2026-07-02 14:44:00.000;2026-07-02 14:44:59.999;29793.25;29826;29801.5;29777;29809.5;29804.166666666668;1813;0;29805.5
2026-07-02 14:45:00.000;2026-07-02 14:45:59.999;29810;29855;29828;29801;29810.5;29822.166666666668;2338;0;29819.25
2026-07-02 14:46:00.000;2026-07-02 14:46:59.999;29810;29840.75;29816.75;29792.75;29840;29824.5;1766;0;29828.375
2026-07-02 14:47:00.000;2026-07-02 14:47:59.999;29839.5;29868.25;29835.875;29803.5;29808.25;29826.666666666668;1912;0;29822.0625
2026-07-02 14:48:00.000;2026-07-02 14:48:59.999;29808.25;29812.25;29783.25;29754.25;29765;29777.166666666668;2084;0;29774.125
2026-07-02 14:49:00.000;2026-07-02 14:49:59.999;29766;29840.5;29801.125;29761.75;29825.75;29809.333333333332;1986;0;29813.4375
2026-07-02 14:50:00.000;2026-07-02 14:50:59.999;29825.25;29833.25;29812.875;29792.5;29806;29810.583333333332;1052;0;29809.4375
2026-07-02 14:51:00.000;2026-07-02 14:51:59.999;29805.25;29852.5;29822;29791.5;29823;29822.333333333332;1465;0;29822.5
2026-07-02 14:52:00.000;2026-07-02 14:52:59.999;29822;29826.5;29795.125;29763.75;29769.5;29786.583333333332;1176;0;29782.3125
2026-07-02 14:53:00.000;2026-07-02 14:53:59.999;29768.5;29784;29757.375;29730.75;29757.75;29757.5;2039;0;29757.5625
2026-07-02 14:54:00.000;2026-07-02 14:54:59.999;29759;29780;29764.5;29749;29767;29765.333333333332;1622;0;29765.75
2026-07-02 14:55:00.000;2026-07-02 14:55:59.999;29767.5;29808.25;29786.75;29765.25;29790;29787.833333333332;1619;0;29788.375
2026-07-02 14:56:00.000;2026-07-02 14:56:59.999;29789.5;29821.75;29805.625;29789.5;29797.75;29803;1089;0;29801.6875
2026-07-02 14:57:00.000;2026-07-02 14:57:59.999;29796.75;29800.25;29780.125;29760;29783.75;29781.333333333332;1081;0;29781.9375
2026-07-02 14:58:00.000;2026-07-02 14:58:59.999;29782.75;29799;29786.75;29774.5;29793.25;29788.916666666668;882;0;29790
2026-07-02 14:59:00.000;2026-07-02 14:59:59.999;29793.5;29843.25;29817.875;29792.5;29840.25;29825.333333333332;1569;0;29829.0625
2026-07-02 15:00:00.000;2026-07-02 15:00:59.999;29840.25;29846.5;29827.25;29808;29842.5;29832.333333333332;1297;0;29834.875
2026-07-02 15:01:00.000;2026-07-02 15:01:59.999;29842.5;29852;29835.875;29819.75;29820.25;29830.666666666668;1074;0;29828.0625
2026-07-02 15:02:00.000;2026-07-02 15:02:59.999;29821;29834.25;29817;29799.75;29807.25;29813.75;1079;0;29812.125
2026-07-02 15:03:00.000;2026-07-02 15:03:59.999;29806.5;29825;29793;29761;29764.5;29783.5;1710;0;29778.75
2026-07-02 15:04:00.000;2026-07-02 15:04:59.999;29764.75;29772.75;29742.625;29712.5;29715.5;29733.583333333332;2177;0;29729.0625
2026-07-02 15:05:00.000;2026-07-02 15:05:59.999;29715.25;29745;29724.875;29704.75;29707.75;29719.166666666668;1836;0;29716.3125
2026-07-02 15:06:00.000;2026-07-02 15:06:59.999;29708.5;29709.25;29686.5;29663.75;29671.5;29681.5;2800;0;29679
2026-07-02 15:07:00.000;2026-07-02 15:07:59.999;29672.5;29677.75;29653.375;29629;29640.25;29649;1821;0;29646.8125
2026-07-02 15:08:00.000;2026-07-02 15:08:59.999;29640.25;29701.5;29670.25;29639;29679.5;29673.333333333332;1930;0;29674.875
2026-07-02 15:09:00.000;2026-07-02 15:09:59.999;29681.75;29716.25;29692;29667.75;29704.25;29696.083333333332;1493;0;29698.125
2026-07-02 15:10:00.000;2026-07-02 15:10:59.999;29704.5;29716.25;29699.875;29683.5;29709.5;29703.083333333332;1153;0;29704.6875
2026-07-02 15:11:00.000;2026-07-02 15:11:59.999;29709.75;29778;29740.625;29703.25;29766.25;29749.166666666668;1847;0;29753.4375
2026-07-02 15:12:00.000;2026-07-02 15:12:59.999;29766.5;29768.75;29752.5;29736.25;29741.25;29748.75;965;0;29746.875
2026-07-02 15:13:00.000;2026-07-02 15:13:59.999;29742;29763.75;29749.875;29736;29742;29747.25;921;0;29745.9375
2026-07-02 15:14:00.000;2026-07-02 15:14:59.999;29743.75;29750;29733;29716;29716.5;29727.5;999;0;29724.75
2026-07-02 15:15:00.000;2026-07-02 15:15:59.999;29718.75;29743;29711.625;29680.25;29685.75;29703;1352;0;29698.6875
2026-07-02 15:16:00.000;2026-07-02 15:16:59.999;29686.75;29692.25;29673.625;29655;29671;29672.75;1323;0;29672.3125
2026-07-02 15:17:00.000;2026-07-02 15:17:59.999;29673;29691.5;29667.5;29643.5;29655.5;29663.5;1283;0;29661.5
2026-07-02 15:18:00.000;2026-07-02 15:18:59.999;29656;29686.5;29662.875;29639.25;29653.25;29659.666666666668;1826;0;29658.0625
2026-07-02 15:19:00.000;2026-07-02 15:19:59.999;29653.25;29656.5;29639.25;29622;29639.5;29639.333333333332;1483;0;29639.375
2026-07-02 15:20:00.000;2026-07-02 15:20:59.999;29640.25;29669;29639.875;29610.75;29656.5;29645.416666666668;2089;0;29648.1875
2026-07-02 15:21:00.000;2026-07-02 15:21:59.999;29656.5;29678.5;29662.375;29646.25;29663.75;29662.833333333332;1237;0;29663.0625
2026-07-02 15:22:00.000;2026-07-02 15:22:59.999;29663.75;29684.5;29671.625;29658.75;29667.25;29670.166666666668;794;0;29669.4375
2026-07-02 15:23:00.000;2026-07-02 15:23:59.999;29664.75;29680.5;29661.375;29642.25;29670.75;29664.5;871;0;29666.0625
2026-07-02 15:24:00.000;2026-07-02 15:24:59.999;29669.5;29722.5;29696;29669.5;29721;29704.333333333332;1737;0;29708.5
2026-07-02 15:25:00.000;2026-07-02 15:25:59.999;29721;29729.5;29699.25;29669;29684.5;29694.333333333332;1535;0;29691.875
2026-07-02 15:26:00.000;2026-07-02 15:26:59.999;29689.5;29735.5;29711.125;29686.75;29721.25;29714.5;1157;0;29716.1875
2026-07-02 15:27:00.000;2026-07-02 15:27:59.999;29719.75;29748.25;29732.375;29716.5;29721;29728.583333333332;1102;0;29726.6875
2026-07-02 15:28:00.000;2026-07-02 15:28:59.999;29720.75;29725;29714.375;29703.75;29711.75;29713.5;795;0;29713.0625
2026-07-02 15:29:00.000;2026-07-02 15:29:59.999;29715.75;29720.5;29695.375;29670.25;29672.5;29687.75;1061;0;29683.9375
2026-07-02 15:30:00.000;2026-07-02 15:30:59.999;29671;29729;29698.375;29667.75;29704.5;29700.416666666668;1439;0;29701.4375
2026-07-02 15:31:00.000;2026-07-02 15:31:59.999;29705;29727.25;29707.875;29688.5;29726.25;29714;751;0;29717.0625
2026-07-02 15:32:00.000;2026-07-02 15:32:59.999;29727;29742;29724.75;29707.5;29733.75;29727.75;894;0;29729.25
2026-07-02 15:33:00.000;2026-07-02 15:33:59.999;29733;29745;29737;29729;29743.5;29739.166666666668;813;0;29740.25
2026-07-02 15:34:00.000;2026-07-02 15:34:59.999;29743.5;29766.75;29754.75;29742.75;29756.75;29755.416666666668;1196;0;29755.75
2026-07-02 15:35:00.000;2026-07-02 15:35:59.999;29757.5;29794.25;29770.125;29746;29785.75;29775.333333333332;1386;0;29777.9375
2026-07-02 15:36:00.000;2026-07-02 15:36:59.999;29786.5;29804.5;29790.375;29776.25;29799.25;29793.333333333332;1353;0;29794.8125
2026-07-02 15:37:00.000;2026-07-02 15:37:59.999;29798.75;29810.25;29799.625;29789;29804.75;29801.333333333332;1314;0;29802.1875
2026-07-02 15:38:00.000;2026-07-02 15:38:59.999;29804.75;29817.25;29806.125;29795;29805.75;29806;855;0;29805.9375
2026-07-02 15:39:00.000;2026-07-02 15:39:59.999;29806.5;29808.25;29794.125;29780;29782;29790.083333333332;899;0;29788.0625
2026-07-02 15:40:00.000;2026-07-02 15:40:59.999;29782;29815.5;29792.875;29770.25;29801.5;29795.75;1018;0;29797.1875
2026-07-02 15:41:00.000;2026-07-02 15:41:59.999;29802;29802.75;29790.375;29778;29782;29787.583333333332;705;0;29786.1875
2026-07-02 15:42:00.000;2026-07-02 15:42:59.999;29782;29782.5;29768.25;29754;29760.25;29765.583333333332;1101;0;29764.25
2026-07-02 15:43:00.000;2026-07-02 15:43:59.999;29761;29763.5;29742.5;29721.5;29724.25;29736.416666666668;1043;0;29733.375
2026-07-02 15:44:00.000;2026-07-02 15:44:59.999;29725.5;29733.75;29721.875;29710;29711.75;29718.5;1037;0;29716.8125
2026-07-02 15:45:00.000;2026-07-02 15:45:59.999;29710;29747.75;29727.125;29706.5;29742;29732.083333333332;1022;0;29734.5625
2026-07-02 15:46:00.000;2026-07-02 15:46:59.999;29741.5;29747.5;29732.125;29716.75;29731.75;29732;991;0;29731.9375
2026-07-02 15:47:00.000;2026-07-02 15:47:59.999;29730.5;29745.25;29728.875;29712.5;29733.5;29730.416666666668;761;0;29731.1875
2026-07-02 15:48:00.000;2026-07-02 15:48:59.999;29733;29743.25;29732.75;29722.25;29725;29730.166666666668;646;0;29728.875
2026-07-02 15:49:00.000;2026-07-02 15:49:59.999;29725;29729.25;29710.25;29691.25;29701.25;29707.25;881;0;29705.75
2026-07-02 15:50:00.000;2026-07-02 15:50:59.999;29700.5;29702.5;29689.75;29677;29691.5;29690.333333333332;1086;0;29690.625
2026-07-02 15:51:00.000;2026-07-02 15:51:59.999;29692.75;29712;29693.875;29675.75;29694.75;29694.166666666668;929;0;29694.3125
2026-07-02 15:52:00.000;2026-07-02 15:52:59.999;29698.25;29710;29687.5;29665;29669.5;29681.5;1081;0;29678.5
2026-07-02 15:53:00.000;2026-07-02 15:53:59.999;29670;29674.75;29659.875;29645;29658.5;29659.416666666668;1027;0;29659.1875
2026-07-02 15:54:00.000;2026-07-02 15:54:59.999;29657.75;29683;29669.125;29655.25;29678;29672.083333333332;933;0;29673.5625
2026-07-02 15:55:00.000;2026-07-02 15:55:59.999;29678.25;29690.75;29674.75;29658.75;29659.5;29669.666666666668;919;0;29667.125
2026-07-02 15:56:00.000;2026-07-02 15:56:59.999;29660.75;29663.25;29653.25;29643.25;29649.75;29652.083333333332;818;0;29651.5
2026-07-02 15:57:00.000;2026-07-02 15:57:59.999;29649.25;29660.25;29648.25;29636.25;29655.5;29650.666666666668;809;0;29651.875
2026-07-02 15:58:00.000;2026-07-02 15:58:59.999;29656;29675;29660.625;29646.25;29674;29665.083333333332;883;0;29667.3125
2026-07-02 15:59:00.000;2026-07-02 15:59:59.999;29673.75;29695.25;29681.625;29668;29676;29679.75;1317;0;29678.8125
2026-07-02 16:00:00.000;2026-07-02 16:00:59.999;29676.75;29688.25;29664;29639.75;29640.5;29656.166666666668;1484;0;29652.25
2026-07-02 16:01:00.000;2026-07-02 16:01:59.999;29641.5;29647;29634.375;29621.75;29629.5;29632.75;1213;0;29631.9375
2026-07-02 16:02:00.000;2026-07-02 16:02:59.999;29629.25;29632.5;29617.5;29602.5;29608.5;29614.5;1445;0;29613
2026-07-02 16:03:00.000;2026-07-02 16:03:59.999;29607.75;29640;29617.625;29595.25;29627.25;29620.833333333332;1535;0;29622.4375
2026-07-02 16:04:00.000;2026-07-02 16:04:59.999;29626;29642.5;29628.5;29614.5;29634;29630.333333333332;706;0;29631.25
2026-07-02 16:05:00.000;2026-07-02 16:05:59.999;29633.25;29653;29641.375;29629.75;29631.25;29638;966;0;29636.3125
2026-07-02 16:06:00.000;2026-07-02 16:06:59.999;29632.25;29635.25;29620.125;29605;29615.5;29618.583333333332;881;0;29617.8125
2026-07-02 16:07:00.000;2026-07-02 16:07:59.999;29614;29629.25;29614.875;29600.5;29615.25;29615;722;0;29615.0625
2026-07-02 16:08:00.000;2026-07-02 16:08:59.999;29615;29621.5;29606.25;29591;29611.5;29608;907;0;29608.875
2026-07-02 16:09:00.000;2026-07-02 16:09:59.999;29611.5;29613.75;29599.375;29585;29598.75;29599.166666666668;755;0;29599.0625
2026-07-02 16:10:00.000;2026-07-02 16:10:59.999;29599.25;29641.75;29616.125;29590.5;29639.25;29623.833333333332;1156;0;29627.6875
2026-07-02 16:11:00.000;2026-07-02 16:11:59.999;29639;29655;29642.125;29629.25;29632;29638.75;1017;0;29637.0625
2026-07-02 16:12:00.000;2026-07-02 16:12:59.999;29631;29651;29629.5;29608;29651;29636.666666666668;1032;0;29640.25
2026-07-02 16:13:00.000;2026-07-02 16:13:59.999;29651;29658.75;29646.875;29635;29642.5;29645.416666666668;848;0;29644.6875
2026-07-02 16:14:00.000;2026-07-02 16:14:59.999;29640.75;29661.75;29648.875;29636;29646.75;29648.166666666668;676;0;29647.8125
2026-07-02 16:15:00.000;2026-07-02 16:15:59.999;29649.25;29653.25;29633.5;29613.75;29629.25;29632.083333333332;930;0;29631.375
2026-07-02 16:16:00.000;2026-07-02 16:16:59.999;29628.25;29647.25;29637.25;29627.25;29635.75;29636.75;626;0;29636.5
2026-07-02 16:17:00.000;2026-07-02 16:17:59.999;29636;29639;29617.125;29595.25;29601.25;29611.833333333332;816;0;29609.1875
2026-07-02 16:18:00.000;2026-07-02 16:18:59.999;29600.5;29612.5;29603;29593.5;29607.5;29604.5;720;0;29605.25
2026-07-02 16:19:00.000;2026-07-02 16:19:59.999;29607;29624.25;29607.25;29590.25;29594.75;29603.083333333332;801;0;29601
2026-07-02 16:20:00.000;2026-07-02 16:20:59.999;29593;29598.5;29579.75;29561;29572.75;29577.416666666668;1555;0;29576.25
2026-07-02 16:21:00.000;2026-07-02 16:21:59.999;29573.5;29585.25;29575.625;29566;29574.5;29575.25;769;0;29575.0625
2026-07-02 16:22:00.000;2026-07-02 16:22:59.999;29574.5;29582;29569.5;29557;29573.5;29570.833333333332;940;0;29571.5
2026-07-02 16:23:00.000;2026-07-02 16:23:59.999;29574.25;29577.25;29565.125;29553;29557;29562.416666666668;780;0;29561.0625
2026-07-02 16:24:00.000;2026-07-02 16:24:59.999;29558;29561.5;29555.375;29549.25;29556.75;29555.833333333332;1021;0;29556.0625
2026-07-02 16:25:00.000;2026-07-02 16:25:59.999;29555;29596;29574.75;29553.5;29576.25;29575.25;1287;0;29575.5
2026-07-02 16:26:00.000;2026-07-02 16:26:59.999;29575;29579.5;29563.75;29548;29562.25;29563.25;1047;0;29563
2026-07-02 16:27:00.000;2026-07-02 16:27:59.999;29563.75;29575.75;29566.375;29557;29568;29566.916666666668;518;0;29567.1875
2026-07-02 16:28:00.000;2026-07-02 16:28:59.999;29568.75;29576;29566.375;29556.75;29570.5;29567.75;718;0;29568.4375
2026-07-02 16:29:00.000;2026-07-02 16:29:59.999;29570;29583;29567;29551;29558.75;29564.25;741;0;29562.875
2026-07-02 16:30:00.000;2026-07-02 16:30:59.999;29559;29563.25;29547.875;29532.5;29539.75;29545.166666666668;1566;0;29543.8125
2026-07-02 16:31:00.000;2026-07-02 16:31:59.999;29539;29547.5;29537.125;29526.75;29526.75;29533.666666666668;933;0;29531.9375
2026-07-02 16:32:00.000;2026-07-02 16:32:59.999;29527.75;29533.5;29525.875;29518.25;29521;29524.25;1096;0;29523.4375
2026-07-02 16:33:00.000;2026-07-02 16:33:59.999;29521.25;29537.75;29527.5;29517.25;29518.5;29524.5;1179;0;29523
2026-07-02 16:34:00.000;2026-07-02 16:34:59.999;29518.25;29523.5;29510.5;29497.5;29499.75;29506.916666666668;1894;0;29505.125
2026-07-02 16:35:00.000;2026-07-02 16:35:59.999;29499.5;29512;29500.25;29488.5;29508;29502.833333333332;1499;0;29504.125
2026-07-02 16:36:00.000;2026-07-02 16:36:59.999;29509.25;29514;29494.5;29475;29484.75;29491.25;1927;0;29489.625
2026-07-02 16:37:00.000;2026-07-02 16:37:59.999;29484.75;29495.5;29474.375;29453.25;29459.25;29469.333333333332;1458;0;29466.8125
2026-07-02 16:38:00.000;2026-07-02 16:38:59.999;29459.5;29475.75;29466.125;29456.5;29471.5;29467.916666666668;1304;0;29468.8125
2026-07-02 16:39:00.000;2026-07-02 16:39:59.999;29469.5;29489.5;29477;29464.5;29486.25;29480.083333333332;936;0;29481.625
2026-07-02 16:40:00.000;2026-07-02 16:40:59.999;29486.5;29533.25;29508.25;29483.25;29526.25;29514.25;1883;0;29517.25
2026-07-02 16:41:00.000;2026-07-02 16:41:59.999;29527.5;29537.5;29524.5;29511.5;29514.5;29521.166666666668;1307;0;29519.5
2026-07-02 16:42:00.000;2026-07-02 16:42:59.999;29513.75;29532.75;29518.375;29504;29518;29518.25;1355;0;29518.1875
2026-07-02 16:43:00.000;2026-07-02 16:43:59.999;29517.25;29534.25;29522.625;29511;29523.5;29522.916666666668;796;0;29523.0625
2026-07-02 16:44:00.000;2026-07-02 16:44:59.999;29522.75;29547.25;29534;29520.75;29539;29535.666666666668;915;0;29536.5
2026-07-02 16:45:00.000;2026-07-02 16:45:59.999;29537;29542.5;29527.5;29512.5;29527.25;29527.416666666668;1021;0;29527.375
2026-07-02 16:46:00.000;2026-07-02 16:46:59.999;29527;29536.25;29526.5;29516.75;29519;29524;524;0;29522.75
2026-07-02 16:47:00.000;2026-07-02 16:47:59.999;29519.75;29538.5;29523.625;29508.75;29532.75;29526.666666666668;692;0;29528.1875
2026-07-02 16:48:00.000;2026-07-02 16:48:59.999;29532.25;29536;29520.25;29504.5;29517;29519.166666666668;785;0;29518.625
2026-07-02 16:49:00.000;2026-07-02 16:49:59.999;29518.5;29531.75;29516.625;29501.5;29507;29513.416666666668;570;0;29511.8125
2026-07-02 16:50:00.000;2026-07-02 16:50:59.999;29507.5;29509.25;29493.625;29478;29492;29493.083333333332;929;0;29492.8125
2026-07-02 16:51:00.000;2026-07-02 16:51:59.999;29492;29525;29506.375;29487.75;29514.5;29509.083333333332;782;0;29510.4375
2026-07-02 16:52:00.000;2026-07-02 16:52:59.999;29514.25;29534.25;29521.375;29508.5;29525.75;29522.833333333332;876;0;29523.5625
2026-07-02 16:53:00.000;2026-07-02 16:53:59.999;29524.75;29534.5;29510.5;29486.5;29493;29504.666666666668;851;0;29501.75
2026-07-02 16:54:00.000;2026-07-02 16:54:59.999;29493.75;29518;29505.875;29493.75;29500.25;29504;573;0;29503.0625
2026-07-02 16:55:00.000;2026-07-02 16:55:59.999;29501;29501.75;29480.875;29460;29466;29475.916666666668;1034;0;29473.4375
2026-07-02 16:56:00.000;2026-07-02 16:56:59.999;29467.25;29467.25;29452.5;29437.75;29441.75;29448.916666666668;1302;0;29447.125
2026-07-02 16:57:00.000;2026-07-02 16:57:59.999;29441.5;29464;29452;29440;29440.75;29448.25;1066;0;29446.375
2026-07-02 16:58:00.000;2026-07-02 16:58:59.999;29441;29458.5;29446.25;29434;29458.5;29450.333333333332;1060;0;29452.375
2026-07-02 16:59:00.000;2026-07-02 16:59:59.999;29457.5;29472;29462.75;29453.5;29462.25;29462.583333333332;970;0;29462.5
2026-07-02 17:00:00.000;2026-07-02 17:00:59.999;29461;29469.5;29454.75;29440;29443;29450.833333333332;1302;0;29448.875
2026-07-02 17:01:00.000;2026-07-02 17:01:59.999;29442.75;29444.5;29429.625;29414.75;29425.25;29428.166666666668;1388;0;29427.4375
2026-07-02 17:02:00.000;2026-07-02 17:02:59.999;29425.25;29448;29433.875;29419.75;29424.25;29430.666666666668;1065;0;29429.0625
2026-07-02 17:03:00.000;2026-07-02 17:03:59.999;29424.25;29425;29413.5;29402;29414;29413.666666666668;1223;0;29413.75
2026-07-02 17:04:00.000;2026-07-02 17:04:59.999;29413.75;29418;29404.5;29391;29411;29406.666666666668;1363;0;29407.75
2026-07-02 17:05:00.000;2026-07-02 17:05:59.999;29410;29430.25;29408.875;29387.5;29429.25;29415.666666666668;1600;0;29419.0625
2026-07-02 17:06:00.000;2026-07-02 17:06:59.999;29430;29465;29443.75;29422.5;29461;29449.5;1632;0;29452.375
2026-07-02 17:07:00.000;2026-07-02 17:07:59.999;29461.25;29482.5;29471.75;29461;29467.75;29470.416666666668;1110;0;29469.75
2026-07-02 17:08:00.000;2026-07-02 17:08:59.999;29465.25;29465.25;29455.25;29445.25;29459.75;29456.75;1098;0;29457.5
2026-07-02 17:09:00.000;2026-07-02 17:09:59.999;29459.5;29467.25;29453.25;29439.25;29447.5;29451.333333333332;648;0;29450.375
2026-07-02 17:10:00.000;2026-07-02 17:10:59.999;29447.75;29459.5;29441.75;29424;29438.75;29440.75;810;0;29440.25
2026-07-02 17:11:00.000;2026-07-02 17:11:59.999;29439.25;29446.25;29437.375;29428.5;29445.25;29440;541;0;29441.3125
2026-07-02 17:12:00.000;2026-07-02 17:12:59.999;29445;29450;29439.25;29428.5;29432.25;29436.916666666668;764;0;29435.75
2026-07-02 17:13:00.000;2026-07-02 17:13:59.999;29432.25;29445;29436.25;29427.5;29443.25;29438.583333333332;543;0;29439.75
2026-07-02 17:14:00.000;2026-07-02 17:14:59.999;29445;29468;29453.75;29439.5;29454;29453.833333333332;904;0;29453.875
2026-07-02 17:15:00.000;2026-07-02 17:15:59.999;29453.75;29456.75;29447.875;29439;29448.75;29448.166666666668;613;0;29448.3125
2026-07-02 17:16:00.000;2026-07-02 17:16:59.999;29448.5;29475.5;29462;29448.5;29472.75;29465.583333333332;677;0;29467.375
2026-07-02 17:17:00.000;2026-07-02 17:17:59.999;29473.75;29482.25;29466.875;29451.5;29457.75;29463.833333333332;910;0;29462.3125
2026-07-02 17:18:00.000;2026-07-02 17:18:59.999;29457.25;29475;29460.625;29446.25;29454.25;29458.5;875;0;29457.4375
2026-07-02 17:19:00.000;2026-07-02 17:19:59.999;29454.5;29455.75;29444;29432.25;29437;29441.666666666668;1005;0;29440.5
2026-07-02 17:20:00.000;2026-07-02 17:20:59.999;29437;29443;29435.125;29427.25;29434.25;29434.833333333332;604;0;29434.6875
2026-07-02 17:21:00.000;2026-07-02 17:21:59.999;29436;29465;29450.5;29436;29456;29452.333333333332;701;0;29453.25
2026-07-02 17:22:00.000;2026-07-02 17:22:59.999;29457.75;29482.75;29468.75;29454.75;29457;29464.833333333332;821;0;29462.875
2026-07-02 17:23:00.000;2026-07-02 17:23:59.999;29455.75;29458;29449.125;29440.25;29445.5;29447.916666666668;601;0;29447.3125
2026-07-02 17:24:00.000;2026-07-02 17:24:59.999;29445.75;29455.25;29445.125;29435;29443.25;29444.5;586;0;29444.1875
2026-07-02 17:25:00.000;2026-07-02 17:25:59.999;29442.5;29450.5;29440;29429.5;29434.75;29438.25;587;0;29437.375
2026-07-02 17:26:00.000;2026-07-02 17:26:59.999;29433;29447;29434.375;29421.75;29426.75;29431.833333333332;621;0;29430.5625
2026-07-02 17:27:00.000;2026-07-02 17:27:59.999;29426.75;29446.5;29436;29425.5;29440;29437.333333333332;511;0;29438
2026-07-02 17:28:00.000;2026-07-02 17:28:59.999;29440.5;29445.75;29437.25;29428.75;29442.25;29438.916666666668;391;0;29439.75
2026-07-02 17:29:00.000;2026-07-02 17:29:59.999;29443.75;29454;29443.25;29432.5;29447.5;29444.666666666668;413;0;29445.375
2026-07-02 17:30:00.000;2026-07-02 17:30:59.999;29447.75;29467.5;29455.75;29444;29451;29454.166666666668;751;0;29453.375
2026-07-02 17:31:00.000;2026-07-02 17:31:59.999;29452;29467;29459.375;29451.75;29460.5;29459.75;670;0;29459.9375
2026-07-02 17:32:00.000;2026-07-02 17:32:59.999;29460;29470;29462.375;29454.75;29464.25;29463;493;0;29463.3125
2026-07-02 17:33:00.000;2026-07-02 17:33:59.999;29464;29473.25;29462.25;29451.25;29455;29459.833333333332;578;0;29458.625
2026-07-02 17:34:00.000;2026-07-02 17:34:59.999;29456.75;29465.75;29446.625;29427.5;29427.75;29440.333333333332;820;0;29437.1875
2026-07-02 17:35:00.000;2026-07-02 17:35:59.999;29427.25;29438;29423.375;29408.75;29420.25;29422.333333333332;965;0;29421.8125
2026-07-02 17:36:00.000;2026-07-02 17:36:59.999;29420;29426.25;29410.125;29394;29401;29407.083333333332;821;0;29405.5625
2026-07-02 17:37:00.000;2026-07-02 17:37:59.999;29401;29405;29395;29385;29397.5;29395.833333333332;860;0;29396.25
2026-07-02 17:38:00.000;2026-07-02 17:38:59.999;29397.25;29412.25;29395.625;29379;29386;29392.416666666668;951;0;29390.8125
2026-07-02 17:39:00.000;2026-07-02 17:39:59.999;29386.25;29396.25;29384.5;29372.75;29380.25;29383.083333333332;798;0;29382.375
2026-07-02 17:40:00.000;2026-07-02 17:40:59.999;29379.5;29388.5;29372.125;29355.75;29385.5;29376.583333333332;1593;0;29378.8125
2026-07-02 17:41:00.000;2026-07-02 17:41:59.999;29386.5;29415.75;29400.375;29385;29409;29403.25;960;0;29404.6875
2026-07-02 17:42:00.000;2026-07-02 17:42:59.999;29408.5;29418.5;29409.875;29401.25;29410.5;29410.083333333332;546;0;29410.1875
2026-07-02 17:43:00.000;2026-07-02 17:43:59.999;29410.75;29411.25;29403.125;29395;29404.25;29403.5;540;0;29403.6875
2026-07-02 17:44:00.000;2026-07-02 17:44:59.999;29403.5;29411.25;29399.75;29388.25;29404.75;29401.416666666668;435;0;29402.25
2026-07-02 17:45:00.000;2026-07-02 17:45:59.999;29405.5;29408.5;29394.375;29380.25;29386.25;29391.666666666668;592;0;29390.3125
2026-07-02 17:46:00.000;2026-07-02 17:46:59.999;29387.5;29393.25;29380.125;29367;29370.25;29376.833333333332;857;0;29375.1875
2026-07-02 17:47:00.000;2026-07-02 17:47:59.999;29369.5;29374.25;29360.875;29347.5;29349;29356.916666666668;883;0;29354.9375
2026-07-02 17:48:00.000;2026-07-02 17:48:59.999;29349;29369.5;29356;29342.5;29361;29357.666666666668;1061;0;29358.5
2026-07-02 17:49:00.000;2026-07-02 17:49:59.999;29360.5;29372;29363.5;29355;29362;29363;556;0;29362.75
2026-07-02 17:50:00.000;2026-07-02 17:50:59.999;29362.75;29370.25;29357.625;29345;29362;29359.083333333332;741;0;29359.8125
2026-07-02 17:51:00.000;2026-07-02 17:51:59.999;29362.5;29369.25;29360.5;29351.75;29362.5;29361.166666666668;475;0;29361.5
2026-07-02 17:52:00.000;2026-07-02 17:52:59.999;29363.5;29372;29360.375;29348.75;29363.5;29361.416666666668;492;0;29361.9375
2026-07-02 17:53:00.000;2026-07-02 17:53:59.999;29363.25;29376.25;29368.625;29361;29369;29368.75;662;0;29368.8125
2026-07-02 17:54:00.000;2026-07-02 17:54:59.999;29369.75;29397.5;29383;29368.5;29389.75;29385.25;879;0;29386.375
2026-07-02 17:55:00.000;2026-07-02 17:55:59.999;29389.75;29397.25;29385.25;29373.25;29376.25;29382.25;476;0;29380.75
2026-07-02 17:56:00.000;2026-07-02 17:56:59.999;29377;29381.75;29368.75;29355.75;29363.5;29367;635;0;29366.125
2026-07-02 17:57:00.000;2026-07-02 17:57:59.999;29362.5;29370.5;29362;29353.5;29359.5;29361.166666666668;442;0;29360.75
2026-07-02 17:58:00.000;2026-07-02 17:58:59.999;29359.75;29359.75;29345.25;29330.75;29333;29341.166666666668;901;0;29339.125
2026-07-02 17:59:00.000;2026-07-02 17:59:59.999;29333.75;29343;29335.75;29328.5;29338.5;29336.666666666668;798;0;29337.125
2026-07-02 18:00:00.000;2026-07-02 18:00:59.999;29339.5;29366;29348.25;29330.5;29360.5;29352.333333333332;1243;0;29354.375
2026-07-02 18:01:00.000;2026-07-02 18:01:59.999;29359.75;29373.75;29362;29350.25;29366.25;29363.416666666668;694;0;29364.125
2026-07-02 18:02:00.000;2026-07-02 18:02:59.999;29367;29376.5;29366.875;29357.25;29364;29365.916666666668;609;0;29365.4375
2026-07-02 18:03:00.000;2026-07-02 18:03:59.999;29363.75;29367;29360.875;29354.75;29362.75;29361.5;508;0;29361.8125
2026-07-02 18:04:00.000;2026-07-02 18:04:59.999;29363.25;29384;29373.25;29362.5;29382.75;29376.416666666668;823;0;29378
2026-07-02 18:05:00.000;2026-07-02 18:05:59.999;29382;29420.75;29399.5;29378.25;29415.25;29404.75;1229;0;29407.375
2026-07-02 18:06:00.000;2026-07-02 18:06:59.999;29416.5;29462.5;29438.25;29414;29446.75;29441.083333333332;1992;0;29442.5
2026-07-02 18:07:00.000;2026-07-02 18:07:59.999;29447.5;29459.25;29445.875;29432.5;29446;29445.916666666668;1120;0;29445.9375
2026-07-02 18:08:00.000;2026-07-02 18:08:59.999;29446.25;29462.5;29452;29441.5;29456.5;29453.5;744;0;29454.25
2026-07-02 18:09:00.000;2026-07-02 18:09:59.999;29457;29481;29468;29455;29478;29471.333333333332;1173;0;29473
2026-07-02 18:10:00.000;2026-07-02 18:10:59.999;29478.25;29503.25;29485.875;29468.5;29488;29486.583333333332;1879;0;29486.9375
2026-07-02 18:11:00.000;2026-07-02 18:11:59.999;29487.25;29499.5;29486;29472.5;29481;29484.333333333332;871;0;29483.5
2026-07-02 18:12:00.000;2026-07-02 18:12:59.999;29481.25;29493.5;29480.25;29467;29490.25;29483.583333333332;832;0;29485.25
2026-07-02 18:13:00.000;2026-07-02 18:13:59.999;29489.75;29491.75;29480.375;29469;29469.75;29476.833333333332;666;0;29475.0625
2026-07-02 18:14:00.000;2026-07-02 18:14:59.999;29469;29477.75;29464.125;29450.5;29459.25;29462.5;954;0;29461.6875
2026-07-02 18:15:00.000;2026-07-02 18:15:59.999;29460.75;29470.25;29454;29437.75;29454.25;29454.083333333332;912;0;29454.125
2026-07-02 18:16:00.000;2026-07-02 18:16:59.999;29456.25;29462.25;29453.5;29444.75;29451.25;29452.75;643;0;29452.375
2026-07-02 18:17:00.000;2026-07-02 18:17:59.999;29450.75;29451.25;29434;29416.75;29418.25;29428.75;668;0;29426.125
2026-07-02 18:18:00.000;2026-07-02 18:18:59.999;29419;29438.75;29424.25;29409.75;29421.75;29423.416666666668;1192;0;29423
2026-07-02 18:19:00.000;2026-07-02 18:19:59.999;29421.75;29431.5;29422.375;29413.25;29425.5;29423.416666666668;774;0;29423.9375
2026-07-02 18:20:00.000;2026-07-02 18:20:59.999;29425.25;29454.25;29438.25;29422.25;29450.75;29442.416666666668;704;0;29444.5
2026-07-02 18:21:00.000;2026-07-02 18:21:59.999;29450.25;29459.25;29446.5;29433.75;29441.5;29444.833333333332;566;0;29444
2026-07-02 18:22:00.000;2026-07-02 18:22:59.999;29441.25;29460.25;29448;29435.75;29445.5;29447.166666666668;521;0;29446.75
2026-07-02 18:23:00.000;2026-07-02 18:23:59.999;29446.25;29446.25;29438.125;29430;29443.75;29440;535;0;29440.9375
2026-07-02 18:24:00.000;2026-07-02 18:24:59.999;29442.75;29455;29448;29441;29450.25;29448.75;658;0;29449.125
2026-07-02 18:25:00.000;2026-07-02 18:25:59.999;29450.25;29474.75;29460.75;29446.75;29448.25;29456.583333333332;828;0;29454.5
2026-07-02 18:26:00.000;2026-07-02 18:26:59.999;29446.5;29462.25;29450;29437.75;29459.5;29453.166666666668;647;0;29454.75
2026-07-02 18:27:00.000;2026-07-02 18:27:59.999;29459.25;29473;29464.5;29456;29469.5;29466.166666666668;542;0;29467
2026-07-02 18:28:00.000;2026-07-02 18:28:59.999;29469.25;29488.25;29477.5;29466.75;29479.25;29478.083333333332;665;0;29478.375
2026-07-02 18:29:00.000;2026-07-02 18:29:59.999;29479.5;29489.25;29479.125;29469;29488;29482.083333333332;808;0;29483.5625
2026-07-02 18:30:00.000;2026-07-02 18:30:59.999;29487.75;29504.25;29492.5;29480.75;29495.75;29493.583333333332;948;0;29494.125
2026-07-02 18:31:00.000;2026-07-02 18:31:59.999;29495;29515;29503.25;29491.5;29514;29506.833333333332;774;0;29508.625
2026-07-02 18:32:00.000;2026-07-02 18:32:59.999;29514.25;29515;29504.375;29493.75;29507.25;29505.333333333332;602;0;29505.8125
2026-07-02 18:33:00.000;2026-07-02 18:33:59.999;29509;29525;29517;29509;29513.5;29515.833333333332;964;0;29515.25
2026-07-02 18:34:00.000;2026-07-02 18:34:59.999;29513.5;29514;29492.25;29470.5;29481.5;29488.666666666668;1129;0;29486.875
2026-07-02 18:35:00.000;2026-07-02 18:35:59.999;29481.5;29505.75;29490.25;29474.75;29482;29487.5;913;0;29486.125
2026-07-02 18:36:00.000;2026-07-02 18:36:59.999;29482.75;29488;29476.875;29465.75;29469.5;29474.416666666668;618;0;29473.1875
2026-07-02 18:37:00.000;2026-07-02 18:37:59.999;29470.5;29489.5;29476.875;29464.25;29487.75;29480.5;480;0;29482.3125
2026-07-02 18:38:00.000;2026-07-02 18:38:59.999;29487;29500.25;29491.125;29482;29484;29488.75;594;0;29487.5625
2026-07-02 18:39:00.000;2026-07-02 18:39:59.999;29482.75;29498.25;29486.5;29474.75;29491.75;29488.25;366;0;29489.125
2026-07-02 18:40:00.000;2026-07-02 18:40:59.999;29492.25;29496.75;29487.875;29479;29485.5;29487.083333333332;479;0;29486.6875
2026-07-02 18:41:00.000;2026-07-02 18:41:59.999;29486.75;29489.75;29479.75;29469.75;29473.5;29477.666666666668;549;0;29476.625
2026-07-02 18:42:00.000;2026-07-02 18:42:59.999;29474.25;29489;29481.625;29474.25;29485;29482.75;296;0;29483.3125
2026-07-02 18:43:00.000;2026-07-02 18:43:59.999;29485.25;29500;29489.25;29478.5;29494.5;29491;562;0;29491.875
2026-07-02 18:44:00.000;2026-07-02 18:44:59.999;29495.25;29501;29489.25;29477.5;29481;29486.5;454;0;29485.125
2026-07-02 18:45:00.000;2026-07-02 18:45:59.999;29480.75;29482.25;29460.75;29439.25;29446.5;29456;1266;0;29453.625
2026-07-02 18:46:00.000;2026-07-02 18:46:59.999;29447.25;29453.25;29446.875;29440.5;29444;29445.916666666668;629;0;29445.4375
2026-07-02 18:47:00.000;2026-07-02 18:47:59.999;29443.75;29473;29457.875;29442.75;29469.25;29461.666666666668;677;0;29463.5625
2026-07-02 18:48:00.000;2026-07-02 18:48:59.999;29469.5;29491;29478.875;29466.75;29489.25;29482.333333333332;625;0;29484.0625
2026-07-02 18:49:00.000;2026-07-02 18:49:59.999;29489;29500.75;29494.125;29487.5;29493.75;29494;795;0;29493.9375
2026-07-02 18:50:00.000;2026-07-02 18:50:59.999;29494.5;29500.25;29490.125;29480;29498;29492.75;687;0;29494.0625
2026-07-02 18:51:00.000;2026-07-02 18:51:59.999;29499;29516;29505.5;29495;29502.5;29504.5;1013;0;29504
2026-07-02 18:52:00.000;2026-07-02 18:52:59.999;29502.75;29528;29514.5;29501;29516;29515;781;0;29515.25
2026-07-02 18:53:00.000;2026-07-02 18:53:59.999;29517;29517;29504.5;29492;29498.5;29502.5;712;0;29501.5
2026-07-02 18:54:00.000;2026-07-02 18:54:59.999;29498.25;29501.25;29492.5;29483.75;29484.5;29489.833333333332;658;0;29488.5
2026-07-02 18:55:00.000;2026-07-02 18:55:59.999;29485.5;29491.5;29481.375;29471.25;29488;29483.583333333332;630;0;29484.6875
2026-07-02 18:56:00.000;2026-07-02 18:56:59.999;29489.25;29498.75;29477;29455.25;29462.75;29472.25;887;0;29469.875
2026-07-02 18:57:00.000;2026-07-02 18:57:59.999;29463.75;29488;29473.375;29458.75;29478.5;29475.083333333332;760;0;29475.9375
2026-07-02 18:58:00.000;2026-07-02 18:58:59.999;29478.75;29494.75;29482.375;29470;29479.5;29481.416666666668;629;0;29480.9375
2026-07-02 18:59:00.000;2026-07-02 18:59:59.999;29479;29489;29477.25;29465.5;29489;29481.166666666668;513;0;29483.125
2026-07-02 19:00:00.000;2026-07-02 19:00:59.999;29488.75;29503.25;29479;29454.75;29455.25;29471.083333333332;1168;0;29467.125
2026-07-02 19:01:00.000;2026-07-02 19:01:59.999;29456;29464.25;29453.5;29442.75;29455.75;29454.25;1048;0;29454.625
2026-07-02 19:02:00.000;2026-07-02 19:02:59.999;29455.5;29470.5;29460.375;29450.25;29464.25;29461.666666666668;569;0;29462.3125
2026-07-02 19:03:00.000;2026-07-02 19:03:59.999;29464.5;29470.75;29461.125;29451.5;29456;29459.416666666668;473;0;29458.5625
2026-07-02 19:04:00.000;2026-07-02 19:04:59.999;29455.25;29461.75;29430.125;29398.5;29402.75;29421;1577;0;29416.4375
2026-07-02 19:05:00.000;2026-07-02 19:05:59.999;29403.5;29417.25;29400;29382.75;29390.25;29396.75;1187;0;29395.125
2026-07-02 19:06:00.000;2026-07-02 19:06:59.999;29390;29427;29404.25;29381.5;29413;29407.166666666668;1373;0;29408.625
2026-07-02 19:07:00.000;2026-07-02 19:07:59.999;29413.25;29424.25;29406.25;29388.25;29409.75;29407.416666666668;1056;0;29408
2026-07-02 19:08:00.000;2026-07-02 19:08:59.999;29407.5;29418;29409.375;29400.75;29405.75;29408.166666666668;519;0;29407.5625
2026-07-02 19:09:00.000;2026-07-02 19:09:59.999;29404.25;29414;29405.625;29397.25;29397.25;29402.833333333332;467;0;29401.4375
2026-07-02 19:10:00.000;2026-07-02 19:10:59.999;29398.75;29408.25;29395;29381.75;29401.25;29397.083333333332;693;0;29398.125
2026-07-02 19:11:00.000;2026-07-02 19:11:59.999;29402.5;29412;29405.125;29398.25;29404.25;29404.833333333332;478;0;29404.6875
2026-07-02 19:12:00.000;2026-07-02 19:12:59.999;29404.25;29415.25;29405.375;29395.5;29407.25;29406;444;0;29406.3125
2026-07-02 19:13:00.000;2026-07-02 19:13:59.999;29408.25;29425.25;29414.75;29404.25;29413.25;29414.25;521;0;29414
2026-07-02 19:14:00.000;2026-07-02 19:14:59.999;29412.75;29424.75;29415.375;29406;29413;29414.583333333332;514;0;29414.1875
2026-07-02 19:15:00.000;2026-07-02 19:15:59.999;29412.5;29422.75;29413.25;29403.75;29409.25;29411.916666666668;461;0;29411.25
2026-07-02 19:16:00.000;2026-07-02 19:16:59.999;29410.5;29411;29401.875;29392.75;29396.75;29400.166666666668;522;0;29399.3125
2026-07-02 19:17:00.000;2026-07-02 19:17:59.999;29397;29403;29398;29393;29395.75;29397.25;401;0;29396.875
2026-07-02 19:18:00.000;2026-07-02 19:18:59.999;29395.75;29399;29389.875;29380.75;29391;29390.25;506;0;29390.4375
2026-07-02 19:19:00.000;2026-07-02 19:19:59.999;29391.25;29413.75;29402.25;29390.75;29394.75;29399.75;635;0;29398.5
2026-07-02 19:20:00.000;2026-07-02 19:20:59.999;29395.25;29401.5;29389.875;29378.25;29379.25;29386.333333333332;525;0;29384.5625
2026-07-02 19:21:00.000;2026-07-02 19:21:59.999;29378.5;29383.5;29376.875;29370.25;29374;29375.916666666668;508;0;29375.4375
2026-07-02 19:22:00.000;2026-07-02 19:22:59.999;29374;29379;29369;29359;29361.75;29366.583333333332;806;0;29365.375
2026-07-02 19:23:00.000;2026-07-02 19:23:59.999;29361.75;29375.75;29365.25;29354.75;29362;29364.166666666668;631;0;29363.625
2026-07-02 19:24:00.000;2026-07-02 19:24:59.999;29363.25;29368.5;29362.75;29357;29362.5;29362.666666666668;476;0;29362.625
2026-07-02 19:25:00.000;2026-07-02 19:25:59.999;29363;29367;29359.125;29351.25;29356.25;29358.166666666668;687;0;29357.6875
2026-07-02 19:26:00.000;2026-07-02 19:26:59.999;29355.5;29374.75;29362.125;29349.5;29370.25;29364.833333333332;586;0;29366.1875
2026-07-02 19:27:00.000;2026-07-02 19:27:59.999;29370.75;29388.25;29378;29367.75;29382;29379.333333333332;761;0;29380
2026-07-02 19:28:00.000;2026-07-02 19:28:59.999;29381.25;29427.75;29402.75;29377.75;29422.25;29409.25;1331;0;29412.5
2026-07-02 19:29:00.000;2026-07-02 19:29:59.999;29422.25;29445;29431.625;29418.25;29421.75;29428.333333333332;1239;0;29426.6875
2026-07-02 19:30:00.000;2026-07-02 19:30:59.999;29422.5;29445.5;29428.75;29412;29444.25;29433.916666666668;1030;0;29436.5
2026-07-02 19:31:00.000;2026-07-02 19:31:59.999;29443.75;29455.25;29439.625;29424;29434;29437.75;967;0;29436.8125
2026-07-02 19:32:00.000;2026-07-02 19:32:59.999;29434.5;29453;29441;29429;29439;29440.333333333332;778;0;29440
2026-07-02 19:33:00.000;2026-07-02 19:33:59.999;29438.5;29465.25;29451.875;29438.5;29457.75;29453.833333333332;981;0;29454.8125
2026-07-02 19:34:00.000;2026-07-02 19:34:59.999;29457.75;29468.75;29459.375;29450;29461;29459.916666666668;746;0;29460.1875
2026-07-02 19:35:00.000;2026-07-02 19:35:59.999;29462;29475.5;29465.125;29454.75;29466.25;29465.5;720;0;29465.6875
2026-07-02 19:36:00.000;2026-07-02 19:36:59.999;29466.25;29469.5;29453;29436.5;29440.25;29448.75;875;0;29446.625
2026-07-02 19:37:00.000;2026-07-02 19:37:59.999;29440.75;29454;29440;29426;29454;29444.666666666668;782;0;29447
2026-07-02 19:38:00.000;2026-07-02 19:38:59.999;29452.5;29467.25;29459.5;29451.75;29454.5;29457.833333333332;745;0;29457
2026-07-02 19:39:00.000;2026-07-02 19:39:59.999;29453.75;29463;29454.5;29446;29458.25;29455.75;576;0;29456.375
2026-07-02 19:40:00.000;2026-07-02 19:40:59.999;29458.5;29461.5;29450.625;29439.75;29458.25;29453.166666666668;578;0;29454.4375
2026-07-02 19:41:00.000;2026-07-02 19:41:59.999;29459.25;29460.25;29451.75;29443.25;29444.25;29449.25;632;0;29448
2026-07-02 19:42:00.000;2026-07-02 19:42:59.999;29445.5;29450.75;29440.125;29429.5;29444.75;29441.666666666668;547;0;29442.4375
2026-07-02 19:43:00.000;2026-07-02 19:43:59.999;29445.5;29461.25;29450.5;29439.75;29451.5;29450.833333333332;550;0;29451
2026-07-02 19:44:00.000;2026-07-02 19:44:59.999;29451.25;29463.5;29454;29444.5;29454.25;29454.083333333332;642;0;29454.125
2026-07-02 19:45:00.000;2026-07-02 19:45:59.999;29454.5;29461.5;29453.75;29446;29453;29453.5;650;0;29453.375
2026-07-02 19:46:00.000;2026-07-02 19:46:59.999;29453;29456.5;29445.75;29435;29442.5;29444.666666666668;723;0;29444.125
2026-07-02 19:47:00.000;2026-07-02 19:47:59.999;29441.5;29454;29443.5;29433;29438.75;29441.916666666668;564;0;29441.125
2026-07-02 19:48:00.000;2026-07-02 19:48:59.999;29437.5;29452.5;29444.25;29436;29446;29444.833333333332;726;0;29445.125
2026-07-02 19:49:00.000;2026-07-02 19:49:59.999;29445.75;29452.25;29442.125;29432;29449.75;29444.666666666668;842;0;29445.9375
2026-07-02 19:50:00.000;2026-07-02 19:50:59.999;29451.25;29525;29488.125;29451.25;29502.25;29492.833333333332;2636;0;29495.1875
2026-07-02 19:51:00.000;2026-07-02 19:51:59.999;29503.25;29508.5;29497.125;29485.75;29504.5;29499.583333333332;1380;0;29500.8125
2026-07-02 19:52:00.000;2026-07-02 19:52:59.999;29505.25;29508.75;29499.625;29490.5;29498.75;29499.333333333332;1286;0;29499.1875
2026-07-02 19:53:00.000;2026-07-02 19:53:59.999;29499;29516.75;29504.875;29493;29502.25;29504;1379;0;29503.5625
2026-07-02 19:54:00.000;2026-07-02 19:54:59.999;29502.5;29535;29516;29497;29533.5;29521.833333333332;1483;0;29524.75
2026-07-02 19:55:00.000;2026-07-02 19:55:59.999;29533.25;29539.5;29524;29508.5;29531;29526.333333333332;2300;0;29527.5
2026-07-02 19:56:00.000;2026-07-02 19:56:59.999;29530.25;29549;29536.75;29524.5;29544.75;29539.416666666668;1642;0;29540.75
2026-07-02 19:57:00.000;2026-07-02 19:57:59.999;29546.25;29564.25;29553.125;29542;29558.5;29554.916666666668;1888;0;29555.8125
2026-07-02 19:58:00.000;2026-07-02 19:58:59.999;29558.25;29578.75;29567.75;29556.75;29574.75;29570.083333333332;2111;0;29571.25
2026-07-02 19:59:00.000;2026-07-02 19:59:59.999;29575;29588;29560;29532;29538.25;29552.75;9997;0;29549.125
2026-07-02 20:00:00.000;2026-07-02 20:00:59.999;29538;29552.25;29538.5;29524.75;29539;29538.666666666668;3530;0;29538.75
2026-07-02 20:01:00.000;2026-07-02 20:01:59.999;29539.5;29549.25;29540.25;29531.25;29541.5;29540.666666666668;1509;0;29540.875
2026-07-02 20:02:00.000;2026-07-02 20:02:59.999;29541;29550.25;29545.25;29540.25;29547;29545.833333333332;774;0;29546.125
2026-07-02 20:03:00.000;2026-07-02 20:03:59.999;29546.25;29553;29544.625;29536.25;29549;29546.083333333332;756;0;29546.8125
2026-07-02 20:04:00.000;2026-07-02 20:04:59.999;29549.25;29552;29541.75;29531.5;29533;29538.833333333332;426;0;29537.375
2026-07-02 20:05:00.000;2026-07-02 20:05:59.999;29533.5;29534.75;29524.375;29514;29529;29525.916666666668;1116;0;29526.6875
2026-07-02 20:06:00.000;2026-07-02 20:06:59.999;29528.75;29531;29526;29521;29524.5;29525.5;472;0;29525.25
2026-07-02 20:07:00.000;2026-07-02 20:07:59.999;29524.25;29537.25;29530.5;29523.75;29532.75;29531.25;321;0;29531.625
2026-07-02 20:08:00.000;2026-07-02 20:08:59.999;29533.5;29548.75;29541.125;29533.5;29535.5;29539.25;680;0;29538.3125
2026-07-02 20:09:00.000;2026-07-02 20:09:59.999;29534.75;29544.25;29537;29529.75;29541;29538.333333333332;421;0;29539
2026-07-02 20:10:00.000;2026-07-02 20:10:59.999;29540;29543.25;29534;29524.75;29526;29531.333333333332;567;0;29530
2026-07-02 20:11:00.000;2026-07-02 20:11:59.999;29526.5;29537.5;29532;29526.5;29531.5;29531.833333333332;221;0;29531.75
2026-07-02 20:12:00.000;2026-07-02 20:12:59.999;29531;29540.25;29534.75;29529.25;29538.5;29536;352;0;29536.625
2026-07-02 20:13:00.000;2026-07-02 20:13:59.999;29538.25;29543;29539;29535;29540.5;29539.5;283;0;29539.75
2026-07-02 20:14:00.000;2026-07-02 20:14:59.999;29541;29552.75;29546.875;29541;29545.5;29546.416666666668;365;0;29546.1875
2026-07-02 20:15:00.000;2026-07-02 20:15:59.999;29546.25;29557.75;29552;29546.25;29553.25;29552.416666666668;433;0;29552.625
2026-07-02 20:16:00.000;2026-07-02 20:16:59.999;29553.5;29556.75;29554.375;29552;29553.25;29554;231;0;29553.8125
2026-07-02 20:17:00.000;2026-07-02 20:17:59.999;29552.75;29554.5;29550.25;29546;29549;29549.833333333332;262;0;29549.625
2026-07-02 20:18:00.000;2026-07-02 20:18:59.999;29549.25;29560.25;29554.125;29548;29559.25;29555.833333333332;362;0;29556.6875
2026-07-02 20:19:00.000;2026-07-02 20:19:59.999;29560.25;29561.75;29550.75;29539.75;29541.25;29547.583333333332;405;0;29546
2026-07-02 20:20:00.000;2026-07-02 20:20:59.999;29541.5;29546.5;29539.75;29533;29534.75;29538.083333333332;234;0;29537.25
2026-07-02 20:21:00.000;2026-07-02 20:21:59.999;29535.25;29545.5;29540.125;29534.75;29545;29541.75;295;0;29542.5625
2026-07-02 20:22:00.000;2026-07-02 20:22:59.999;29545;29546.5;29543.375;29540.25;29542.25;29543;126;0;29542.8125
2026-07-02 20:23:00.000;2026-07-02 20:23:59.999;29542.5;29545.25;29543.125;29541;29543.5;29543.25;98;0;29543.3125
2026-07-02 20:24:00.000;2026-07-02 20:24:59.999;29544.25;29544.25;29539.5;29534.75;29536.75;29538.583333333332;99;0;29538.125
2026-07-02 20:25:00.000;2026-07-02 20:25:59.999;29536.75;29547.75;29541.75;29535.75;29547.25;29543.583333333332;119;0;29544.5
2026-07-02 20:26:00.000;2026-07-02 20:26:59.999;29548;29557.5;29551.25;29545;29547;29549.833333333332;330;0;29549.125
2026-07-02 20:27:00.000;2026-07-02 20:27:59.999;29547;29547;29543.375;29539.75;29542;29542.916666666668;114;0;29542.6875
2026-07-02 20:28:00.000;2026-07-02 20:28:59.999;29541.5;29544.25;29542.375;29540.5;29543.75;29542.833333333332;62;0;29543.0625
2026-07-02 20:29:00.000;2026-07-02 20:29:59.999;29544;29549.5;29546.125;29542.75;29548;29546.75;147;0;29547.0625
2026-07-02 20:30:00.000;2026-07-02 20:30:59.999;29549.5;29551.5;29545.875;29540.25;29541;29544.25;156;0;29543.4375
2026-07-02 20:31:00.000;2026-07-02 20:31:59.999;29540.5;29548;29543.5;29539;29547.5;29544.833333333332;165;0;29545.5
2026-07-02 20:32:00.000;2026-07-02 20:32:59.999;29548;29553.75;29548.625;29543.5;29548.25;29548.5;315;0;29548.4375
2026-07-02 20:33:00.000;2026-07-02 20:33:59.999;29548.5;29552;29546.875;29541.75;29550.5;29548.083333333332;223;0;29548.6875
2026-07-02 20:34:00.000;2026-07-02 20:34:59.999;29551.25;29557.25;29554.125;29551;29557;29555.083333333332;90;0;29555.5625
2026-07-02 20:35:00.000;2026-07-02 20:35:59.999;29556.75;29564.75;29560.625;29556.5;29561;29560.75;229;0;29560.8125
2026-07-02 20:36:00.000;2026-07-02 20:36:59.999;29560.25;29563;29559.625;29556.25;29557.75;29559;101;0;29558.6875
2026-07-02 20:37:00.000;2026-07-02 20:37:59.999;29556.25;29561.25;29558.125;29555;29555.25;29557.166666666668;77;0;29556.6875
2026-07-02 20:38:00.000;2026-07-02 20:38:59.999;29554.5;29557.25;29551.375;29545.5;29547.25;29550;107;0;29549.3125
2026-07-02 20:39:00.000;2026-07-02 20:39:59.999;29546.5;29553.5;29549.625;29545.75;29552;29550.416666666668;79;0;29550.8125
2026-07-02 20:40:00.000;2026-07-02 20:40:59.999;29552.25;29554.5;29552.25;29550;29553.5;29552.666666666668;119;0;29552.875
2026-07-02 20:41:00.000;2026-07-02 20:41:59.999;29553.75;29553.75;29551.625;29549.5;29552.25;29551.833333333332;38;0;29551.9375
2026-07-02 20:42:00.000;2026-07-02 20:42:59.999;29552;29554.5;29553.25;29552;29553;29553.166666666668;29;0;29553.125
2026-07-02 20:43:00.000;2026-07-02 20:43:59.999;29554;29554;29549.625;29545.25;29545.75;29548.333333333332;88;0;29547.6875
2026-07-02 20:44:00.000;2026-07-02 20:44:59.999;29546.25;29547;29542.375;29537.75;29541.75;29542.166666666668;201;0;29542.0625
2026-07-02 20:45:00.000;2026-07-02 20:45:59.999;29542.25;29547.75;29544.875;29542;29547.75;29545.833333333332;139;0;29546.3125
2026-07-02 20:46:00.000;2026-07-02 20:46:59.999;29548.5;29552.75;29550.25;29547.75;29552.5;29551;78;0;29551.375
2026-07-02 20:47:00.000;2026-07-02 20:47:59.999;29551.75;29553.5;29551.25;29549;29551.25;29551.25;139;0;29551.25
2026-07-02 20:48:00.000;2026-07-02 20:48:59.999;29551.25;29558.5;29554.25;29550;29550.75;29553.083333333332;169;0;29552.5
2026-07-02 20:49:00.000;2026-07-02 20:49:59.999;29551.25;29555.75;29553.375;29551;29553.75;29553.5;102;0;29553.5625
2026-07-02 20:50:00.000;2026-07-02 20:50:59.999;29554;29557.5;29555.75;29554;29557;29556.166666666668;96;0;29556.375
2026-07-02 20:51:00.000;2026-07-02 20:51:59.999;29556.75;29557.5;29555.375;29553.25;29553.25;29554.666666666668;74;0;29554.3125
2026-07-02 20:52:00.000;2026-07-02 20:52:59.999;29553.75;29556.25;29554.75;29553.25;29555.5;29555;75;0;29555.125
2026-07-02 20:53:00.000;2026-07-02 20:53:59.999;29556.25;29557.25;29555.75;29554.25;29554.5;29555.333333333332;61;0;29555.125
2026-07-02 20:54:00.000;2026-07-02 20:54:59.999;29554.5;29558;29556.125;29554.25;29556.5;29556.25;102;0;29556.3125
2026-07-02 20:55:00.000;2026-07-02 20:55:59.999;29557;29557.5;29554.875;29552.25;29555;29554.916666666668;92;0;29554.9375
2026-07-02 20:56:00.000;2026-07-02 20:56:59.999;29555;29555.75;29551.875;29548;29550;29551.25;150;0;29550.9375
2026-07-02 20:57:00.000;2026-07-02 20:57:59.999;29551;29558.75;29551.875;29545;29549.5;29551.083333333332;210;0;29550.6875
2026-07-02 20:58:00.000;2026-07-02 20:58:59.999;29549;29557;29546.625;29536.25;29555.25;29549.5;224;0;29550.9375
2026-07-02 20:59:00.000;2026-07-02 20:59:59.999;29555.75;29557;29553.125;29549.25;29551.75;29552.666666666668;126;0;29552.4375
2026-07-02 22:00:00.000;2026-07-02 22:00:59.999;29566;29585;29575.5;29566;29574;29575;287;0;29574.75
2026-07-02 22:01:00.000;2026-07-02 22:01:59.999;29572.75;29580.5;29574.125;29567.75;29570.25;29572.833333333332;119;0;29572.1875
2026-07-02 22:02:00.000;2026-07-02 22:02:59.999;29568.25;29578.75;29573.5;29568.25;29578.5;29575.166666666668;39;0;29576
2026-07-02 22:03:00.000;2026-07-02 22:03:59.999;29576.75;29589;29582.875;29576.75;29587.25;29584.333333333332;78;0;29585.0625
2026-07-02 22:04:00.000;2026-07-02 22:04:59.999;29586.5;29586.5;29579.125;29571.75;29577.75;29578.666666666668;69;0;29578.4375
2026-07-02 22:05:00.000;2026-07-02 22:05:59.999;29574.75;29582;29570.625;29559.25;29576.5;29572.583333333332;189;0;29573.5625
2026-07-02 22:06:00.000;2026-07-02 22:06:59.999;29579.75;29589.75;29582.125;29574.5;29585.25;29583.166666666668;112;0;29583.6875
2026-07-02 22:07:00.000;2026-07-02 22:07:59.999;29586.75;29591.5;29588.375;29585.25;29588.75;29588.5;49;0;29588.5625
2026-07-02 22:08:00.000;2026-07-02 22:08:59.999;29587.25;29587.25;29584.625;29582;29585.25;29584.833333333332;33;0;29584.9375
2026-07-02 22:09:00.000;2026-07-02 22:09:59.999;29585.75;29589.25;29586.5;29583.75;29584.5;29585.833333333332;39;0;29585.5
2026-07-02 22:10:00.000;2026-07-02 22:10:59.999;29584.75;29586.5;29583.5;29580.5;29582.5;29583.166666666668;23;0;29583
2026-07-02 22:11:00.000;2026-07-02 22:11:59.999;29587;29589.75;29586.5;29583.25;29583.25;29585.416666666668;34;0;29584.875
2026-07-02 22:12:00.000;2026-07-02 22:12:59.999;29584.5;29584.5;29581.5;29578.5;29580.75;29581.25;38;0;29581.125
2026-07-02 22:13:00.000;2026-07-02 22:13:59.999;29579.25;29582.25;29579.5;29576.75;29577;29578.666666666668;31;0;29578.25
2026-07-02 22:14:00.000;2026-07-02 22:14:59.999;29575;29580.25;29577.625;29575;29580.25;29578.5;16;0;29578.9375
2026-07-02 22:15:00.000;2026-07-02 22:15:59.999;29581;29594.25;29587.625;29581;29592;29589.083333333332;77;0;29589.8125
2026-07-02 22:16:00.000;2026-07-02 22:16:59.999;29590;29595.75;29592.375;29589;29590.75;29591.833333333332;118;0;29591.5625
2026-07-02 22:17:00.000;2026-07-02 22:17:59.999;29591.25;29594.5;29592.375;29590.25;29594;29592.916666666668;47;0;29593.1875
2026-07-02 22:18:00.000;2026-07-02 22:18:59.999;29594;29595;29590.625;29586.25;29588.25;29589.833333333332;67;0;29589.4375
2026-07-02 22:19:00.000;2026-07-02 22:19:59.999;29587;29588;29586.75;29585.5;29588;29587.166666666668;13;0;29587.375
2026-07-02 22:20:00.000;2026-07-02 22:20:59.999;29587.25;29592.75;29590;29587.25;29590.5;29590.166666666668;21;0;29590.25
2026-07-02 22:21:00.000;2026-07-02 22:21:59.999;29588.25;29592;29588.125;29584.25;29592;29589.416666666668;58;0;29590.0625
2026-07-02 22:22:00.000;2026-07-02 22:22:59.999;29592;29594.25;29592.125;29590;29590.5;29591.583333333332;31;0;29591.3125
2026-07-02 22:23:00.000;2026-07-02 22:23:59.999;29592;29598;29595;29592;29593.75;29594.583333333332;38;0;29594.375
2026-07-02 22:24:00.000;2026-07-02 22:24:59.999;29593.5;29596.5;29593.75;29591;29592.25;29593.25;51;0;29593
2026-07-02 22:25:00.000;2026-07-02 22:25:59.999;29592;29592;29587.125;29582.25;29586.75;29587;69;0;29586.9375
2026-07-02 22:26:00.000;2026-07-02 22:26:59.999;29586;29589.5;29587.625;29585.75;29586;29587.083333333332;19;0;29586.8125
2026-07-02 22:27:00.000;2026-07-02 22:27:59.999;29587.25;29591;29589;29587;29588.5;29588.833333333332;25;0;29588.75
2026-07-02 22:28:00.000;2026-07-02 22:28:59.999;29588.5;29593.25;29590.75;29588.25;29591.75;29591.083333333332;19;0;29591.25
2026-07-02 22:29:00.000;2026-07-02 22:29:59.999;29592.25;29592.25;29584.5;29576.75;29578.5;29582.5;114;0;29581.5
2026-07-02 22:30:00.000;2026-07-02 22:30:59.999;29578.25;29578.25;29573.75;29569.25;29570.75;29572.75;89;0;29572.25
2026-07-02 22:31:00.000;2026-07-02 22:31:59.999;29568.75;29578;29573;29568;29575.5;29573.833333333332;77;0;29574.25
2026-07-02 22:32:00.000;2026-07-02 22:32:59.999;29575.25;29579.5;29576.875;29574.25;29579.5;29577.75;42;0;29578.1875
2026-07-02 22:33:00.000;2026-07-02 22:33:59.999;29578.5;29585.5;29581.25;29577;29585.5;29582.666666666668;45;0;29583.375
2026-07-02 22:34:00.000;2026-07-02 22:34:59.999;29586.25;29599.5;29592;29584.5;29596.25;29593.416666666668;172;0;29594.125
2026-07-02 22:35:00.000;2026-07-02 22:35:59.999;29595.75;29596;29593.25;29590.5;29594;29593.5;82;0;29593.625
2026-07-02 22:36:00.000;2026-07-02 22:36:59.999;29593.5;29608;29600.75;29593.5;29605.5;29602.333333333332;202;0;29603.125
2026-07-02 22:37:00.000;2026-07-02 22:37:59.999;29606.5;29608;29606.5;29605;29606.5;29606.5;85;0;29606.5
2026-07-02 22:38:00.000;2026-07-02 22:38:59.999;29607;29613;29610;29607;29611.5;29610.5;93;0;29610.75
2026-07-02 22:39:00.000;2026-07-02 22:39:59.999;29611.5;29620;29614.5;29609;29615.75;29614.916666666668;145;0;29615.125
2026-07-02 22:40:00.000;2026-07-02 22:40:59.999;29614.5;29614.5;29611.875;29609.25;29612.75;29612.166666666668;46;0;29612.3125
2026-07-02 22:41:00.000;2026-07-02 22:41:59.999;29614.5;29617.25;29614.5;29611.75;29616.5;29615.166666666668;44;0;29615.5
2026-07-02 22:42:00.000;2026-07-02 22:42:59.999;29616.5;29616.5;29614.25;29612;29614.25;29614.25;20;0;29614.25
2026-07-02 22:43:00.000;2026-07-02 22:43:59.999;29614.75;29619;29615.75;29612.5;29619;29616.833333333332;18;0;29617.375
2026-07-02 22:44:00.000;2026-07-02 22:44:59.999;29617.5;29621.5;29619.25;29617;29620.5;29619.666666666668;36;0;29619.875
2026-07-02 22:45:00.000;2026-07-02 22:45:59.999;29620.5;29621.25;29618.75;29616.25;29619.75;29619.083333333332;37;0;29619.25
2026-07-02 22:46:00.000;2026-07-02 22:46:59.999;29618.25;29619.25;29616.625;29614;29615.25;29616.166666666668;37;0;29615.9375
2026-07-02 22:47:00.000;2026-07-02 22:47:59.999;29617.5;29617.75;29614.875;29612;29616.75;29615.5;19;0;29615.8125
2026-07-02 22:48:00.000;2026-07-02 22:48:59.999;29614.25;29616.25;29614.75;29613.25;29614.25;29614.583333333332;42;0;29614.5
2026-07-02 22:49:00.000;2026-07-02 22:49:59.999;29615.5;29615.75;29615.125;29614.5;29615.5;29615.25;8;0;29615.3125
2026-07-02 22:50:00.000;2026-07-02 22:50:59.999;29614;29614.5;29612.5;29610.5;29613.5;29612.833333333332;40;0;29613
2026-07-02 22:51:00.000;2026-07-02 22:51:59.999;29612.25;29614.5;29613;29611.5;29613;29613;11;0;29613
2026-07-02 22:52:00.000;2026-07-02 22:52:59.999;29612;29613;29611.625;29610.25;29612.75;29612;17;0;29612.1875
2026-07-02 22:53:00.000;2026-07-02 22:53:59.999;29612;29612.75;29611.125;29609.5;29611.75;29611.333333333332;35;0;29611.4375
2026-07-02 22:54:00.000;2026-07-02 22:54:59.999;29612.25;29615.25;29613.125;29611;29614.75;29613.666666666668;23;0;29613.9375
2026-07-02 22:55:00.000;2026-07-02 22:55:59.999;29615.5;29622;29618.75;29615.5;29620;29619.166666666668;49;0;29619.375
2026-07-02 22:56:00.000;2026-07-02 22:56:59.999;29619.25;29622.25;29619.75;29617.25;29617.25;29618.916666666668;39;0;29618.5
2026-07-02 22:57:00.000;2026-07-02 22:57:59.999;29615.25;29620;29617;29614;29620;29618;28;0;29618.5
2026-07-02 22:58:00.000;2026-07-02 22:58:59.999;29619.5;29619.5;29617;29614.5;29615.25;29616.416666666668;48;0;29616.125
2026-07-02 22:59:00.000;2026-07-02 22:59:59.999;29619.25;29619.25;29618.125;29617;29618.75;29618.333333333332;11;0;29618.4375
2026-07-02 23:00:00.000;2026-07-02 23:00:59.999;29615.75;29617;29613.875;29610.75;29615.5;29614.416666666668;47;0;29614.6875
2026-07-02 23:01:00.000;2026-07-02 23:01:59.999;29614.75;29617.25;29616;29614.75;29614.75;29615.583333333332;13;0;29615.375
2026-07-02 23:02:00.000;2026-07-02 23:02:59.999;29613.5;29613.5;29609.875;29606.25;29609;29609.583333333332;74;0;29609.4375
2026-07-02 23:03:00.000;2026-07-02 23:03:59.999;29607.25;29609;29605.5;29602;29605.25;29605.416666666668;95;0;29605.375
2026-07-02 23:04:00.000;2026-07-02 23:04:59.999;29604.25;29604.25;29599.625;29595;29598.75;29599.333333333332;125;0;29599.1875
2026-07-02 23:05:00.000;2026-07-02 23:05:59.999;29599.5;29602.75;29599.5;29596.25;29599.5;29599.5;74;0;29599.5
2026-07-02 23:06:00.000;2026-07-02 23:06:59.999;29601;29601;29593.5;29586;29586;29591;130;0;29589.75
2026-07-02 23:07:00.000;2026-07-02 23:07:59.999;29588.25;29588.5;29582.5;29576.5;29582.25;29582.416666666668;112;0;29582.375
2026-07-02 23:08:00.000;2026-07-02 23:08:59.999;29582.75;29591.5;29586.25;29581;29591;29587.833333333332;58;0;29588.625
2026-07-02 23:09:00.000;2026-07-02 23:09:59.999;29589;29591;29584.625;29578.25;29583.5;29584.25;78;0;29584.0625
2026-07-02 23:10:00.000;2026-07-02 23:10:59.999;29583.5;29589.25;29586.125;29583;29583;29585.083333333332;32;0;29584.5625
2026-07-02 23:11:00.000;2026-07-02 23:11:59.999;29581.25;29584.5;29581.25;29578;29579.5;29580.666666666668;31;0;29580.375
2026-07-02 23:12:00.000;2026-07-02 23:12:59.999;29583;29584.25;29577.625;29571;29572.25;29575.833333333332;120;0;29574.9375
2026-07-02 23:13:00.000;2026-07-02 23:13:59.999;29573.25;29574;29563.875;29553.75;29557;29561.583333333332;301;0;29560.4375
2026-07-02 23:14:00.000;2026-07-02 23:14:59.999;29557.75;29566.75;29561.75;29556.75;29558.5;29560.666666666668;86;0;29560.125
2026-07-02 23:15:00.000;2026-07-02 23:15:59.999;29560.5;29566.75;29562.625;29558.5;29565;29563.416666666668;73;0;29563.8125
2026-07-02 23:16:00.000;2026-07-02 23:16:59.999;29566;29581.25;29571.125;29561;29579.25;29573.833333333332;124;0;29575.1875
2026-07-02 23:17:00.000;2026-07-02 23:17:59.999;29578.25;29579.5;29573.875;29568.25;29569.75;29572.5;101;0;29571.8125
2026-07-02 23:18:00.000;2026-07-02 23:18:59.999;29571.25;29573.75;29570.375;29567;29570.5;29570.416666666668;57;0;29570.4375
2026-07-02 23:19:00.000;2026-07-02 23:19:59.999;29572.25;29572.25;29562.125;29552;29559.5;29561.25;224;0;29560.8125
2026-07-02 23:20:00.000;2026-07-02 23:20:59.999;29560.25;29568.5;29562.75;29557;29562.5;29562.666666666668;97;0;29562.625
2026-07-02 23:21:00.000;2026-07-02 23:21:59.999;29564;29571.25;29566.875;29562.5;29567.75;29567.166666666668;78;0;29567.3125
2026-07-02 23:22:00.000;2026-07-02 23:22:59.999;29567.75;29590.25;29577;29563.75;29588.5;29580.833333333332;136;0;29582.75
2026-07-02 23:23:00.000;2026-07-02 23:23:59.999;29587.25;29597.75;29591.75;29585.75;29586;29589.833333333332;176;0;29588.875
2026-07-02 23:24:00.000;2026-07-02 23:24:59.999;29585.75;29602.5;29594.125;29585.75;29595.75;29594.666666666668;126;0;29594.9375
2026-07-02 23:25:00.000;2026-07-02 23:25:59.999;29594.75;29602.5;29597;29591.5;29599.25;29597.75;86;0;29598.125
2026-07-02 23:26:00.000;2026-07-02 23:26:59.999;29597;29606.5;29600.125;29593.75;29603.5;29601.25;95;0;29601.8125
2026-07-02 23:27:00.000;2026-07-02 23:27:59.999;29601.25;29602.25;29600;29597.75;29598.75;29599.583333333332;21;0;29599.375
2026-07-02 23:28:00.000;2026-07-02 23:28:59.999;29600.25;29608;29604;29600;29602.25;29603.416666666668;76;0;29603.125
2026-07-02 23:29:00.000;2026-07-02 23:29:59.999;29604;29607.5;29603.5;29599.5;29602;29603;46;0;29602.75
2026-07-02 23:30:00.000;2026-07-02 23:30:59.999;29600;29600;29590.125;29580.25;29591;29590.416666666668;232;0;29590.5625
2026-07-02 23:31:00.000;2026-07-02 23:31:59.999;29593;29596.25;29594.125;29592;29594.75;29594.333333333332;42;0;29594.4375
2026-07-02 23:32:00.000;2026-07-02 23:32:59.999;29598;29605.75;29601.75;29597.75;29604.25;29602.583333333332;65;0;29603
2026-07-02 23:33:00.000;2026-07-02 23:33:59.999;29605.75;29607.75;29603.25;29598.75;29600;29602.166666666668;60;0;29601.625
2026-07-02 23:34:00.000;2026-07-02 23:34:59.999;29602.5;29618.75;29610.25;29601.75;29613.5;29611.333333333332;221;0;29611.875
2026-07-02 23:35:00.000;2026-07-02 23:35:59.999;29613.75;29616.75;29613;29609.25;29612.25;29612.75;58;0;29612.625
2026-07-02 23:36:00.000;2026-07-02 23:36:59.999;29612.5;29613.25;29608.625;29604;29605;29607.416666666668;58;0;29606.8125
2026-07-02 23:37:00.000;2026-07-02 23:37:59.999;29604.75;29605.75;29602.5;29599.25;29605;29603.333333333332;58;0;29603.75
2026-07-02 23:38:00.000;2026-07-02 23:38:59.999;29607;29607.25;29602.625;29598;29598;29601.083333333332;16;0;29600.3125
2026-07-02 23:39:00.000;2026-07-02 23:39:59.999;29596.25;29596.25;29585.875;29575.5;29582.5;29584.75;151;0;29584.1875
2026-07-02 23:40:00.000;2026-07-02 23:40:59.999;29582.5;29589.75;29583.875;29578;29586.25;29584.666666666668;65;0;29585.0625
2026-07-02 23:41:00.000;2026-07-02 23:41:59.999;29588.5;29592;29583.125;29574.25;29577.25;29581.166666666668;35;0;29580.1875
2026-07-02 23:42:00.000;2026-07-02 23:42:59.999;29576.25;29578.5;29575.875;29573.25;29578.25;29576.666666666668;43;0;29577.0625
2026-07-02 23:43:00.000;2026-07-02 23:43:59.999;29575;29582.75;29577.375;29572;29582.5;29579.083333333332;31;0;29579.9375
2026-07-02 23:44:00.000;2026-07-02 23:44:59.999;29583;29584.75;29578;29571.25;29571.25;29575.75;54;0;29574.625
2026-07-02 23:45:00.000;2026-07-02 23:45:59.999;29573;29597.5;29581.5;29565.5;29592.25;29585.083333333332;134;0;29586.875
2026-07-02 23:46:00.000;2026-07-02 23:46:59.999;29593.75;29610.5;29602.125;29593.75;29598.5;29600.916666666668;156;0;29600.3125
2026-07-02 23:47:00.000;2026-07-02 23:47:59.999;29593.25;29605.5;29598;29590.5;29599.75;29598.583333333332;91;0;29598.875
2026-07-02 23:48:00.000;2026-07-02 23:48:59.999;29601.5;29602.25;29597.375;29592.5;29597.5;29597.416666666668;31;0;29597.4375
2026-07-02 23:49:00.000;2026-07-02 23:49:59.999;29600.75;29603.75;29599.75;29595.75;29598.5;29599.333333333332;26;0;29599.125
2026-07-02 23:50:00.000;2026-07-02 23:50:59.999;29596.75;29604;29595.875;29587.75;29600.75;29597.5;36;0;29598.3125
2026-07-02 23:51:00.000;2026-07-02 23:51:59.999;29598.5;29603;29598.625;29594.25;29599.5;29598.916666666668;34;0;29599.0625
2026-07-02 23:52:00.000;2026-07-02 23:52:59.999;29596.5;29601.5;29597.75;29594;29598.75;29598.083333333332;26;0;29598.25
2026-07-02 23:53:00.000;2026-07-02 23:53:59.999;29596.25;29599.25;29591;29582.75;29584.75;29588.916666666668;40;0;29587.875
2026-07-02 23:54:00.000;2026-07-02 23:54:59.999;29586.25;29600.5;29587.625;29574.75;29600.5;29591.916666666668;142;0;29594.0625
2026-07-02 23:55:00.000;2026-07-02 23:55:59.999;29599.25;29600;29597.375;29594.75;29596.25;29597;13;0;29596.8125
2026-07-02 23:56:00.000;2026-07-02 23:56:59.999;29595.5;29598.75;29596.5;29594.25;29598.5;29597.166666666668;28;0;29597.5
2026-07-02 23:57:00.000;2026-07-02 23:57:59.999;29596.5;29601.25;29596.875;29592.5;29599;29597.583333333332;20;0;29597.9375
2026-07-02 23:58:00.000;2026-07-02 23:58:59.999;29593;29603.75;29598.125;29592.5;29603.5;29599.916666666668;56;0;29600.8125
2026-07-02 23:59:00.000;2026-07-02 23:59:59.999;29601.5;29603;29600.5;29598;29600.5;29600.5;22;0;29600.5
2026-07-03 00:00:00.000;2026-07-03 00:00:59.999;29598.75;29638.75;29614.75;29590.75;29628.75;29619.416666666668;359;0;29621.75
2026-07-03 00:01:00.000;2026-07-03 00:01:59.999;29625.75;29632.25;29603.5;29574.75;29581.25;29596.083333333332;323;0;29592.375
2026-07-03 00:02:00.000;2026-07-03 00:02:59.999;29581;29586.75;29577.125;29567.5;29575.25;29576.5;158;0;29576.1875
2026-07-03 00:03:00.000;2026-07-03 00:03:59.999;29575.75;29595;29581.25;29567.5;29593.5;29585.333333333332;114;0;29587.375
2026-07-03 00:04:00.000;2026-07-03 00:04:59.999;29593.75;29599;29591.875;29584.75;29591;29591.583333333332;159;0;29591.4375
2026-07-03 00:05:00.000;2026-07-03 00:05:59.999;29589;29595;29584.125;29573.25;29582.75;29583.666666666668;117;0;29583.4375
2026-07-03 00:06:00.000;2026-07-03 00:06:59.999;29578.5;29597.5;29575.875;29554.25;29583;29578.25;290;0;29579.4375
2026-07-03 00:07:00.000;2026-07-03 00:07:59.999;29581;29581;29570.125;29559.25;29572;29570.75;126;0;29571.0625
2026-07-03 00:08:00.000;2026-07-03 00:08:59.999;29569;29574.75;29566.375;29558;29568.5;29567.083333333332;76;0;29567.4375
2026-07-03 00:09:00.000;2026-07-03 00:09:59.999;29570;29570;29561;29552;29552.25;29558.083333333332;62;0;29556.625
2026-07-03 00:10:00.000;2026-07-03 00:10:59.999;29552.25;29559.25;29550.125;29541;29551.25;29550.5;189;0;29550.6875
2026-07-03 00:11:00.000;2026-07-03 00:11:59.999;29552.75;29566;29555;29544;29561;29557;69;0;29558
2026-07-03 00:12:00.000;2026-07-03 00:12:59.999;29558.25;29573.5;29565.875;29558.25;29561.25;29564.333333333332;64;0;29563.5625
2026-07-03 00:13:00.000;2026-07-03 00:13:59.999;29559;29616.25;29587.625;29559;29609.75;29595;352;0;29598.6875
2026-07-03 00:14:00.000;2026-07-03 00:14:59.999;29605;29618;29611.125;29604.25;29617;29613.083333333332;117;0;29614.0625
2026-07-03 00:15:00.000;2026-07-03 00:15:59.999;29615;29621.25;29601.625;29582;29590.75;29598;280;0;29596.1875
2026-07-03 00:16:00.000;2026-07-03 00:16:59.999;29592.5;29602.25;29589.875;29577.5;29595.25;29591.666666666668;150;0;29592.5625
2026-07-03 00:17:00.000;2026-07-03 00:17:59.999;29592.25;29604.75;29590.25;29575.75;29579.5;29586.666666666668;150;0;29584.875
2026-07-03 00:18:00.000;2026-07-03 00:18:59.999;29579.25;29586.75;29578.375;29570;29576.25;29577.666666666668;108;0;29577.3125
2026-07-03 00:19:00.000;2026-07-03 00:19:59.999;29579;29591.25;29584.375;29577.5;29589.25;29586;82;0;29586.8125
2026-07-03 00:20:00.000;2026-07-03 00:20:59.999;29591.75;29599.75;29590.375;29581;29595;29591.916666666668;77;0;29592.6875
2026-07-03 00:21:00.000;2026-07-03 00:21:59.999;29596.75;29610;29599.5;29589;29590;29596.333333333332;80;0;29594.75
2026-07-03 00:22:00.000;2026-07-03 00:22:59.999;29588.5;29591.25;29583.875;29576.5;29581.25;29583;41;0;29582.5625
2026-07-03 00:23:00.000;2026-07-03 00:23:59.999;29581.75;29589;29583.75;29578.5;29582.25;29583.25;30;0;29583
2026-07-03 00:24:00.000;2026-07-03 00:24:59.999;29586;29589;29584.5;29580;29586.25;29585.083333333332;41;0;29585.375
2026-07-03 00:25:00.000;2026-07-03 00:25:59.999;29590.25;29596.5;29584;29571.5;29574.5;29580.833333333332;53;0;29579.25
2026-07-03 00:26:00.000;2026-07-03 00:26:59.999;29573.75;29578.5;29573.125;29567.75;29578.5;29574.916666666668;53;0;29575.8125
2026-07-03 00:27:00.000;2026-07-03 00:27:59.999;29578.5;29585.25;29571.625;29558;29565.25;29569.5;146;0;29568.4375
2026-07-03 00:28:00.000;2026-07-03 00:28:59.999;29567.25;29576;29568.5;29561;29566;29567.666666666668;83;0;29567.25
2026-07-03 00:29:00.000;2026-07-03 00:29:59.999;29563.5;29572;29566;29560;29561.5;29564.5;68;0;29563.75
2026-07-03 00:30:00.000;2026-07-03 00:30:59.999;29561.25;29564;29550;29536;29541.5;29547.166666666668;173;0;29545.75
2026-07-03 00:31:00.000;2026-07-03 00:31:59.999;29539.75;29563.25;29548.625;29534;29563.25;29553.5;176;0;29555.9375
2026-07-03 00:32:00.000;2026-07-03 00:32:59.999;29561.5;29562.25;29554.875;29547.5;29547.5;29552.416666666668;89;0;29551.1875
2026-07-03 00:33:00.000;2026-07-03 00:33:59.999;29549.75;29551.25;29544.125;29537;29541;29543.083333333332;61;0;29542.5625
2026-07-03 00:34:00.000;2026-07-03 00:34:59.999;29546.75;29556.25;29546.625;29537;29541;29544.75;73;0;29543.8125
2026-07-03 00:35:00.000;2026-07-03 00:35:59.999;29536.25;29562;29548.375;29534.75;29558.5;29551.75;77;0;29553.4375
2026-07-03 00:36:00.000;2026-07-03 00:36:59.999;29560.5;29569;29560.375;29551.75;29565.75;29562.166666666668;101;0;29563.0625
2026-07-03 00:37:00.000;2026-07-03 00:37:59.999;29567.25;29577.75;29567.875;29558;29574.5;29570.083333333332;120;0;29571.1875
2026-07-03 00:38:00.000;2026-07-03 00:38:59.999;29574.75;29601.5;29587.375;29573.25;29575.5;29583.416666666668;192;0;29581.4375
2026-07-03 00:39:00.000;2026-07-03 00:39:59.999;29572.75;29577.75;29571.25;29564.75;29571.5;29571.333333333332;55;0;29571.375
2026-07-03 00:40:00.000;2026-07-03 00:40:59.999;29570.5;29576;29568;29560;29566.75;29567.583333333332;57;0;29567.375
2026-07-03 00:41:00.000;2026-07-03 00:41:59.999;29568.75;29575.75;29570.625;29565.5;29568.25;29569.833333333332;39;0;29569.4375
2026-07-03 00:42:00.000;2026-07-03 00:42:59.999;29569.25;29569.25;29556.75;29544.25;29553.75;29555.75;133;0;29555.25
2026-07-03 00:43:00.000;2026-07-03 00:43:59.999;29553.5;29553.5;29547.25;29541;29548;29547.5;58;0;29547.625
2026-07-03 00:44:00.000;2026-07-03 00:44:59.999;29552;29560;29556;29552;29554.5;29555.5;59;0;29555.25
2026-07-03 00:45:00.000;2026-07-03 00:45:59.999;29552.75;29557;29545.875;29534.75;29536.25;29542.666666666668;99;0;29541.0625
2026-07-03 00:46:00.000;2026-07-03 00:46:59.999;29538;29558.5;29545.25;29532;29555.75;29548.75;100;0;29550.5
2026-07-03 00:47:00.000;2026-07-03 00:47:59.999;29558;29565;29557.125;29549.25;29560.75;29558.333333333332;34;0;29558.9375
2026-07-03 00:48:00.000;2026-07-03 00:48:59.999;29559.5;29568.5;29559.375;29550.25;29550.25;29556.333333333332;61;0;29554.8125
2026-07-03 00:49:00.000;2026-07-03 00:49:59.999;29552;29567.25;29558.5;29549.75;29564.5;29560.5;41;0;29561.5
2026-07-03 00:50:00.000;2026-07-03 00:50:59.999;29564.5;29568;29563.75;29559.5;29562;29563.166666666668;40;0;29562.875
2026-07-03 00:51:00.000;2026-07-03 00:51:59.999;29562.25;29562.25;29555.875;29549.5;29558.75;29556.833333333332;91;0;29557.3125
2026-07-03 00:52:00.000;2026-07-03 00:52:59.999;29564;29572.25;29561.125;29550;29552;29558.083333333332;166;0;29556.5625
2026-07-03 00:53:00.000;2026-07-03 00:53:59.999;29556;29556;29544.25;29532.5;29538.75;29542.416666666668;59;0;29541.5
2026-07-03 00:54:00.000;2026-07-03 00:54:59.999;29542.75;29550;29544.625;29539.25;29547.25;29545.5;70;0;29545.9375
2026-07-03 00:55:00.000;2026-07-03 00:55:59.999;29545.25;29551;29544.875;29538.75;29542.25;29544;67;0;29543.5625
2026-07-03 00:56:00.000;2026-07-03 00:56:59.999;29541.75;29546.25;29539.625;29533;29545;29541.416666666668;49;0;29542.3125
2026-07-03 00:57:00.000;2026-07-03 00:57:59.999;29548.75;29548.75;29541.25;29533.75;29534.25;29538.916666666668;36;0;29537.75
2026-07-03 00:58:00.000;2026-07-03 00:58:59.999;29538;29538;29530;29522;29526;29528.666666666668;195;0;29528
2026-07-03 00:59:00.000;2026-07-03 00:59:59.999;29527;29546;29536.5;29527;29536.5;29536.5;112;0;29536.5
2026-07-03 01:00:00.000;2026-07-03 01:00:59.999;29539.5;29552.25;29543.75;29535.25;29550.5;29546;79;0;29547.125
2026-07-03 01:01:00.000;2026-07-03 01:01:59.999;29549.25;29557.25;29548.25;29539.25;29543;29546.5;97;0;29545.625
2026-07-03 01:02:00.000;2026-07-03 01:02:59.999;29546;29576.25;29560.875;29545.5;29574;29565.25;116;0;29567.4375
2026-07-03 01:03:00.000;2026-07-03 01:03:59.999;29576.25;29604.75;29588.375;29572;29603.75;29593.5;193;0;29596.0625
2026-07-03 01:04:00.000;2026-07-03 01:04:59.999;29601.5;29625.75;29613.375;29601;29623.25;29616.666666666668;119;0;29618.3125
2026-07-03 01:05:00.000;2026-07-03 01:05:59.999;29622.5;29671.75;29644.375;29617;29670;29652.916666666668;591;0;29657.1875
2026-07-03 01:06:00.000;2026-07-03 01:06:59.999;29669.75;29684.25;29672.875;29661.5;29672.5;29672.75;363;0;29672.6875
2026-07-03 01:07:00.000;2026-07-03 01:07:59.999;29670.75;29688.25;29676.75;29665.25;29684.5;29679.333333333332;406;0;29680.625
2026-07-03 01:08:00.000;2026-07-03 01:08:59.999;29680.75;29692.25;29684.75;29677.25;29683;29684.166666666668;167;0;29683.875
2026-07-03 01:09:00.000;2026-07-03 01:09:59.999;29680;29697.5;29684.25;29671;29686.75;29685.083333333332;273;0;29685.5
2026-07-03 01:10:00.000;2026-07-03 01:10:59.999;29685.75;29686;29677.75;29669.5;29676.5;29677.333333333332;148;0;29677.125
2026-07-03 01:11:00.000;2026-07-03 01:11:59.999;29669.75;29684.25;29676.75;29669.25;29676.5;29676.666666666668;66;0;29676.625
2026-07-03 01:12:00.000;2026-07-03 01:12:59.999;29676.25;29677.5;29668.5;29659.5;29662;29666.333333333332;113;0;29665.25
2026-07-03 01:13:00.000;2026-07-03 01:13:59.999;29660.5;29667.5;29662.25;29657;29662.75;29662.416666666668;57;0;29662.5
2026-07-03 01:14:00.000;2026-07-03 01:14:59.999;29663.75;29685;29674;29663;29673;29673.666666666668;180;0;29673.5
2026-07-03 01:15:00.000;2026-07-03 01:15:59.999;29673.5;29680;29671.75;29663.5;29665.5;29669.666666666668;107;0;29668.625
2026-07-03 01:16:00.000;2026-07-03 01:16:59.999;29664.75;29666.25;29656.5;29646.75;29651;29654.666666666668;141;0;29653.75
2026-07-03 01:17:00.000;2026-07-03 01:17:59.999;29653.25;29655.25;29650.875;29646.5;29651.75;29651.166666666668;58;0;29651.3125
2026-07-03 01:18:00.000;2026-07-03 01:18:59.999;29655;29666;29656.875;29647.75;29666;29659.916666666668;100;0;29661.4375
2026-07-03 01:19:00.000;2026-07-03 01:19:59.999;29667.5;29677.25;29666.375;29655.5;29660;29664.25;99;0;29663.1875
2026-07-03 01:20:00.000;2026-07-03 01:20:59.999;29662;29674.5;29668.25;29662;29668.75;29668.416666666668;63;0;29668.5
2026-07-03 01:21:00.000;2026-07-03 01:21:59.999;29669.5;29679.25;29674.25;29669.25;29673.5;29674;63;0;29673.875
2026-07-03 01:22:00.000;2026-07-03 01:22:59.999;29673.5;29680.5;29675.25;29670;29678.25;29676.25;63;0;29676.75
2026-07-03 01:23:00.000;2026-07-03 01:23:59.999;29678.25;29679.25;29670.125;29661;29661.5;29667.25;97;0;29665.8125
2026-07-03 01:24:00.000;2026-07-03 01:24:59.999;29663;29673.75;29665.875;29658;29672;29667.916666666668;68;0;29668.9375
2026-07-03 01:25:00.000;2026-07-03 01:25:59.999;29666.25;29671.5;29665.75;29660;29663.75;29665.083333333332;33;0;29664.75
2026-07-03 01:26:00.000;2026-07-03 01:26:59.999;29661.25;29668.75;29662.75;29656.75;29663.75;29663.083333333332;54;0;29663.25
2026-07-03 01:27:00.000;2026-07-03 01:27:59.999;29660.25;29667;29659.625;29652.25;29662.5;29660.583333333332;64;0;29661.0625
2026-07-03 01:28:00.000;2026-07-03 01:28:59.999;29661.25;29672;29666.625;29661.25;29667;29666.75;53;0;29666.8125
2026-07-03 01:29:00.000;2026-07-03 01:29:59.999;29667;29667;29661;29655;29655;29659;45;0;29658
2026-07-03 01:30:00.000;2026-07-03 01:30:59.999;29655;29660.75;29652;29643.25;29660.75;29654.916666666668;104;0;29656.375
2026-07-03 01:31:00.000;2026-07-03 01:31:59.999;29662.25;29669.75;29661;29652.25;29656.75;29659.583333333332;58;0;29658.875
2026-07-03 01:32:00.000;2026-07-03 01:32:59.999;29657.25;29662.75;29657.625;29652.5;29662.75;29659.333333333332;37;0;29660.1875
2026-07-03 01:33:00.000;2026-07-03 01:33:59.999;29661.25;29670.75;29665.375;29660;29662.5;29664.416666666668;76;0;29663.9375
2026-07-03 01:34:00.000;2026-07-03 01:34:59.999;29659;29666.5;29659.875;29653.25;29664.75;29661.5;55;0;29662.3125
2026-07-03 01:35:00.000;2026-07-03 01:35:59.999;29666.25;29673;29665.625;29658.25;29661.75;29664.333333333332;57;0;29663.6875
2026-07-03 01:36:00.000;2026-07-03 01:36:59.999;29662.25;29662.25;29655.5;29648.75;29653.25;29654.75;33;0;29654.375
2026-07-03 01:37:00.000;2026-07-03 01:37:59.999;29653;29656.75;29653;29649.25;29654;29653.333333333332;38;0;29653.5
2026-07-03 01:38:00.000;2026-07-03 01:38:59.999;29655.5;29660.5;29654;29647.5;29649.5;29652.5;53;0;29651.75
2026-07-03 01:39:00.000;2026-07-03 01:39:59.999;29653.75;29666.25;29660;29653.75;29662.5;29660.833333333332;29;0;29661.25
2026-07-03 01:40:00.000;2026-07-03 01:40:59.999;29664;29674.5;29667.75;29661;29674.5;29670;178;0;29671.125
2026-07-03 01:41:00.000;2026-07-03 01:41:59.999;29673.25;29683.25;29677.5;29671.75;29676.25;29677.083333333332;211;0;29676.875
2026-07-03 01:42:00.000;2026-07-03 01:42:59.999;29674.75;29677;29670.125;29663.25;29663.5;29667.916666666668;69;0;29666.8125
2026-07-03 01:43:00.000;2026-07-03 01:43:59.999;29664;29673;29667.375;29661.75;29673;29669.25;69;0;29670.1875
2026-07-03 01:44:00.000;2026-07-03 01:44:59.999;29673;29678.25;29675;29671.75;29675;29675;57;0;29675
2026-07-03 01:45:00.000;2026-07-03 01:45:59.999;29675.75;29676.5;29668.125;29659.75;29666.25;29667.5;89;0;29667.1875
2026-07-03 01:46:00.000;2026-07-03 01:46:59.999;29666.25;29674.75;29670.5;29666.25;29668.5;29669.833333333332;83;0;29669.5
2026-07-03 01:47:00.000;2026-07-03 01:47:59.999;29669.5;29676.5;29671.5;29666.5;29673.75;29672.25;65;0;29672.625
2026-07-03 01:48:00.000;2026-07-03 01:48:59.999;29676.5;29690.5;29682;29673.5;29685.5;29683.166666666668;214;0;29683.75
2026-07-03 01:49:00.000;2026-07-03 01:49:59.999;29685.5;29690.5;29687.25;29684;29684;29686.166666666668;165;0;29685.625
2026-07-03 01:50:00.000;2026-07-03 01:50:59.999;29686;29689;29684.375;29679.75;29688.25;29685.666666666668;113;0;29686.3125
2026-07-03 01:51:00.000;2026-07-03 01:51:59.999;29688.25;29690;29680.25;29670.5;29673.25;29677.916666666668;78;0;29676.75
2026-07-03 01:52:00.000;2026-07-03 01:52:59.999;29669.75;29687.75;29677.25;29666.75;29687.75;29680.75;162;0;29682.5
2026-07-03 01:53:00.000;2026-07-03 01:53:59.999;29690;29695.25;29690.375;29685.5;29691.75;29690.833333333332;138;0;29691.0625
2026-07-03 01:54:00.000;2026-07-03 01:54:59.999;29690.25;29695.25;29691.625;29688;29695.25;29692.833333333332;103;0;29693.4375
2026-07-03 01:55:00.000;2026-07-03 01:55:59.999;29694.25;29699.5;29695.875;29692.25;29695.5;29695.75;108;0;29695.6875
2026-07-03 01:56:00.000;2026-07-03 01:56:59.999;29693.25;29696.75;29692.5;29688.25;29696.75;29693.916666666668;73;0;29694.625
2026-07-03 01:57:00.000;2026-07-03 01:57:59.999;29696.75;29698.5;29694.5;29690.5;29696;29695;72;0;29695.25
2026-07-03 01:58:00.000;2026-07-03 01:58:59.999;29694.5;29696;29689.625;29683.25;29683.25;29687.5;100;0;29686.4375
2026-07-03 01:59:00.000;2026-07-03 01:59:59.999;29683;29688.5;29683.625;29678.75;29682.5;29683.25;77;0;29683.0625
2026-07-03 02:00:00.000;2026-07-03 02:00:59.999;29684.75;29689.25;29685.5;29681.75;29685;29685.333333333332;44;0;29685.25
2026-07-03 02:01:00.000;2026-07-03 02:01:59.999;29685;29692.5;29686.5;29680.5;29692.5;29688.5;66;0;29689.5
2026-07-03 02:02:00.000;2026-07-03 02:02:59.999;29693;29693;29689.625;29686.25;29688.5;29689.25;24;0;29689.0625
2026-07-03 02:03:00.000;2026-07-03 02:03:59.999;29689.75;29691.5;29688.125;29684.75;29691.5;29689.25;35;0;29689.8125
2026-07-03 02:04:00.000;2026-07-03 02:04:59.999;29692;29695.25;29691;29686.75;29691.5;29691.166666666668;77;0;29691.25
2026-07-03 02:05:00.000;2026-07-03 02:05:59.999;29685.25;29703;29694;29685;29695;29694.333333333332;118;0;29694.5
2026-07-03 02:06:00.000;2026-07-03 02:06:59.999;29694;29704.5;29699;29693.5;29698.75;29698.916666666668;87;0;29698.875
2026-07-03 02:07:00.000;2026-07-03 02:07:59.999;29697.75;29705;29701.375;29697.75;29700.5;29701.083333333332;58;0;29700.9375
2026-07-03 02:08:00.000;2026-07-03 02:08:59.999;29701;29712;29705.75;29699.5;29709.5;29707;202;0;29707.625
2026-07-03 02:09:00.000;2026-07-03 02:09:59.999;29709.75;29716.5;29712.5;29708.5;29715;29713.333333333332;116;0;29713.75
2026-07-03 02:10:00.000;2026-07-03 02:10:59.999;29714.25;29715.75;29706.875;29698;29698.75;29704.166666666668;126;0;29702.8125
2026-07-03 02:11:00.000;2026-07-03 02:11:59.999;29696.75;29703.25;29700;29696.75;29699.75;29699.916666666668;82;0;29699.875
2026-07-03 02:12:00.000;2026-07-03 02:12:59.999;29698.75;29699.75;29695;29690.25;29690.5;29693.5;65;0;29692.75
2026-07-03 02:13:00.000;2026-07-03 02:13:59.999;29692.25;29696.25;29692.5;29688.75;29695.5;29693.5;74;0;29694
2026-07-03 02:14:00.000;2026-07-03 02:14:59.999;29694;29696.5;29694.625;29692.75;29695;29694.75;33;0;29694.8125
2026-07-03 02:15:00.000;2026-07-03 02:15:59.999;29695.5;29699;29696.25;29693.5;29695.5;29696;48;0;29695.875
2026-07-03 02:16:00.000;2026-07-03 02:16:59.999;29697.25;29705.75;29700.375;29695;29703.25;29701.333333333332;45;0;29701.8125
2026-07-03 02:17:00.000;2026-07-03 02:17:59.999;29705;29712;29705.125;29698.25;29711;29707.083333333332;51;0;29708.0625
2026-07-03 02:18:00.000;2026-07-03 02:18:59.999;29712.75;29714;29710.125;29706.25;29712.25;29710.833333333332;35;0;29711.1875
2026-07-03 02:19:00.000;2026-07-03 02:19:59.999;29712.5;29712.5;29707.25;29702;29703.75;29706.083333333332;61;0;29705.5
2026-07-03 02:20:00.000;2026-07-03 02:20:59.999;29705.5;29718;29710.5;29703;29717.75;29712.916666666668;110;0;29714.125
2026-07-03 02:21:00.000;2026-07-03 02:21:59.999;29718;29718.25;29715.625;29713;29715.75;29715.666666666668;35;0;29715.6875
2026-07-03 02:22:00.000;2026-07-03 02:22:59.999;29716.5;29717.5;29715.25;29713;29714.5;29715;24;0;29714.875
2026-07-03 02:23:00.000;2026-07-03 02:23:59.999;29716.5;29720;29718.25;29716.5;29718;29718.166666666668;33;0;29718.125
2026-07-03 02:24:00.000;2026-07-03 02:24:59.999;29718.5;29720;29717;29714;29717.75;29717.25;63;0;29717.375
2026-07-03 02:25:00.000;2026-07-03 02:25:59.999;29718.75;29728;29722.875;29717.75;29725.75;29723.833333333332;95;0;29724.3125
2026-07-03 02:26:00.000;2026-07-03 02:26:59.999;29724.75;29727.25;29723.75;29720.25;29723;29723.5;74;0;29723.375
2026-07-03 02:27:00.000;2026-07-03 02:27:59.999;29723.5;29724.75;29721.75;29718.75;29721;29721.5;76;0;29721.375
2026-07-03 02:28:00.000;2026-07-03 02:28:59.999;29724.25;29730;29726.375;29722.75;29726.5;29726.416666666668;82;0;29726.4375
2026-07-03 02:29:00.000;2026-07-03 02:29:59.999;29726.5;29732;29728.875;29725.75;29729.75;29729.166666666668;71;0;29729.3125
2026-07-03 02:30:00.000;2026-07-03 02:30:59.999;29728;29732;29724;29716;29720;29722.666666666668;137;0;29722
2026-07-03 02:31:00.000;2026-07-03 02:31:59.999;29721;29726.5;29723.25;29720;29723.75;29723.416666666668;71;0;29723.5
2026-07-03 02:32:00.000;2026-07-03 02:32:59.999;29726;29726.75;29721.875;29717;29719.75;29721.166666666668;40;0;29720.8125
2026-07-03 02:33:00.000;2026-07-03 02:33:59.999;29720;29729.25;29724.625;29720;29722;29723.75;44;0;29723.3125
2026-07-03 02:34:00.000;2026-07-03 02:34:59.999;29720.75;29725.5;29723.125;29720.75;29721.75;29722.666666666668;18;0;29722.4375
2026-07-03 02:35:00.000;2026-07-03 02:35:59.999;29720;29721.75;29716.875;29712;29714;29715.916666666668;79;0;29715.4375
2026-07-03 02:36:00.000;2026-07-03 02:36:59.999;29713.25;29718.25;29714.75;29711.25;29712.5;29714;44;0;29713.625
2026-07-03 02:37:00.000;2026-07-03 02:37:59.999;29711.75;29712;29709.75;29707.5;29708.5;29709.333333333332;75;0;29709.125
2026-07-03 02:38:00.000;2026-07-03 02:38:59.999;29708.75;29716.75;29712.5;29708.25;29716.75;29713.916666666668;26;0;29714.625
2026-07-03 02:39:00.000;2026-07-03 02:39:59.999;29717.75;29722;29714.625;29707.25;29712.5;29713.916666666668;134;0;29713.5625
2026-07-03 02:40:00.000;2026-07-03 02:40:59.999;29713;29716;29713;29710;29710;29712;31;0;29711.5
2026-07-03 02:41:00.000;2026-07-03 02:41:59.999;29709.5;29714;29711.375;29708.75;29712.75;29711.833333333332;44;0;29712.0625
2026-07-03 02:42:00.000;2026-07-03 02:42:59.999;29712.5;29715;29711.375;29707.75;29710.5;29711.083333333332;53;0;29710.9375
2026-07-03 02:43:00.000;2026-07-03 02:43:59.999;29708;29713;29709.625;29706.25;29709;29709.416666666668;41;0;29709.3125
2026-07-03 02:44:00.000;2026-07-03 02:44:59.999;29710.5;29724.25;29717.375;29710.5;29723.75;29719.5;43;0;29720.5625
2026-07-03 02:45:00.000;2026-07-03 02:45:59.999;29725.5;29734;29729.375;29724.75;29729;29729.25;129;0;29729.1875
2026-07-03 02:46:00.000;2026-07-03 02:46:59.999;29730;29733;29729.5;29726;29728.5;29729.166666666668;37;0;29729
2026-07-03 02:47:00.000;2026-07-03 02:47:59.999;29728.75;29740.75;29734.75;29728.75;29740.75;29736.75;103;0;29737.75
2026-07-03 02:48:00.000;2026-07-03 02:48:59.999;29739.75;29739.75;29735.875;29732;29734.25;29735.333333333332;52;0;29735.0625
2026-07-03 02:49:00.000;2026-07-03 02:49:59.999;29735;29741.75;29738;29734.25;29741.75;29739.25;55;0;29739.875
2026-07-03 02:50:00.000;2026-07-03 02:50:59.999;29740.5;29744;29738.5;29733;29733;29736.666666666668;62;0;29735.75
2026-07-03 02:51:00.000;2026-07-03 02:51:59.999;29733.5;29741;29737.125;29733.25;29741;29738.416666666668;32;0;29739.0625
2026-07-03 02:52:00.000;2026-07-03 02:52:59.999;29741.5;29744.5;29742;29739.5;29742;29742;55;0;29742
2026-07-03 02:53:00.000;2026-07-03 02:53:59.999;29741.25;29747.75;29743.875;29740;29747.75;29745.166666666668;95;0;29745.8125
2026-07-03 02:54:00.000;2026-07-03 02:54:59.999;29746.25;29748.5;29742.75;29737;29742.5;29742.666666666668;123;0;29742.625
2026-07-03 02:55:00.000;2026-07-03 02:55:59.999;29744.25;29746;29743.875;29741.75;29743.5;29743.75;33;0;29743.6875
2026-07-03 02:56:00.000;2026-07-03 02:56:59.999;29745;29745.25;29740.75;29736.25;29745;29742.166666666668;67;0;29742.875
2026-07-03 02:57:00.000;2026-07-03 02:57:59.999;29743.5;29748;29745.625;29743.25;29747;29746.083333333332;28;0;29746.3125
2026-07-03 02:58:00.000;2026-07-03 02:58:59.999;29747.25;29755.75;29751.5;29747.25;29752;29751.666666666668;135;0;29751.75
2026-07-03 02:59:00.000;2026-07-03 02:59:59.999;29750.75;29752.75;29750.75;29748.75;29750.75;29750.75;52;0;29750.75
2026-07-03 03:00:00.000;2026-07-03 03:00:59.999;29749.75;29750.5;29746.25;29742;29742;29744.833333333332;105;0;29744.125
2026-07-03 03:01:00.000;2026-07-03 03:01:59.999;29741;29747.25;29743.5;29739.75;29746;29744.333333333332;67;0;29744.75
2026-07-03 03:02:00.000;2026-07-03 03:02:59.999;29745.75;29750.5;29746.875;29743.25;29747.5;29747.083333333332;66;0;29747.1875
2026-07-03 03:03:00.000;2026-07-03 03:03:59.999;29748.5;29752.25;29749.875;29747.5;29751.25;29750.333333333332;70;0;29750.5625
2026-07-03 03:04:00.000;2026-07-03 03:04:59.999;29750;29750.75;29748.625;29746.5;29747.25;29748.166666666668;27;0;29747.9375
2026-07-03 03:05:00.000;2026-07-03 03:05:59.999;29747;29750.25;29746.375;29742.5;29750.25;29747.666666666668;69;0;29748.3125
2026-07-03 03:06:00.000;2026-07-03 03:06:59.999;29749.25;29755.25;29748.5;29741.75;29743.75;29746.916666666668;117;0;29746.125
2026-07-03 03:07:00.000;2026-07-03 03:07:59.999;29743.5;29743.5;29739.625;29735.75;29737.75;29739;65;0;29738.6875
2026-07-03 03:08:00.000;2026-07-03 03:08:59.999;29740.25;29742.25;29739.25;29736.25;29742;29740.166666666668;47;0;29740.625
2026-07-03 03:09:00.000;2026-07-03 03:09:59.999;29740.75;29744.75;29741.125;29737.5;29742.25;29741.5;72;0;29741.6875
2026-07-03 03:10:00.000;2026-07-03 03:10:59.999;29741.75;29743.5;29738.75;29734;29736;29737.833333333332;34;0;29737.375
2026-07-03 03:11:00.000;2026-07-03 03:11:59.999;29735.75;29740;29737.875;29735.75;29737.5;29737.75;53;0;29737.6875
2026-07-03 03:12:00.000;2026-07-03 03:12:59.999;29735.5;29736.75;29735.75;29734.75;29735.5;29735.666666666668;10;0;29735.625
2026-07-03 03:13:00.000;2026-07-03 03:13:59.999;29735.75;29740.5;29735.625;29730.75;29740.5;29737.25;75;0;29738.0625
2026-07-03 03:14:00.000;2026-07-03 03:14:59.999;29740.25;29746.5;29743.375;29740.25;29746.25;29744.333333333332;43;0;29744.8125
2026-07-03 03:15:00.000;2026-07-03 03:15:59.999;29746.75;29754.25;29749.625;29745;29753;29750.75;66;0;29751.3125
2026-07-03 03:16:00.000;2026-07-03 03:16:59.999;29752.25;29756.25;29754.125;29752;29752;29753.416666666668;46;0;29753.0625
2026-07-03 03:17:00.000;2026-07-03 03:17:59.999;29752.5;29755;29752;29749;29754.5;29752.833333333332;39;0;29753.25
2026-07-03 03:18:00.000;2026-07-03 03:18:59.999;29755;29755;29752.375;29749.75;29751.25;29752;20;0;29751.8125
2026-07-03 03:19:00.000;2026-07-03 03:19:59.999;29751.5;29752.75;29750.25;29747.75;29752;29750.833333333332;36;0;29751.125
2026-07-03 03:20:00.000;2026-07-03 03:20:59.999;29750.5;29758;29754.25;29750.5;29756;29754.833333333332;43;0;29755.125
2026-07-03 03:21:00.000;2026-07-03 03:21:59.999;29756.75;29756.75;29754.375;29752;29753.25;29754;42;0;29753.8125
2026-07-03 03:22:00.000;2026-07-03 03:22:59.999;29752.25;29755.75;29754;29752.25;29755.25;29754.416666666668;8;0;29754.625
2026-07-03 03:23:00.000;2026-07-03 03:23:59.999;29756.25;29757.5;29753;29748.5;29749;29751.666666666668;26;0;29751
2026-07-03 03:24:00.000;2026-07-03 03:24:59.999;29748;29749.5;29747.625;29745.75;29746;29747.083333333332;35;0;29746.8125
2026-07-03 03:25:00.000;2026-07-03 03:25:59.999;29745;29750;29746.875;29743.75;29744.5;29746.083333333332;53;0;29745.6875
2026-07-03 03:26:00.000;2026-07-03 03:26:59.999;29745;29749;29745.5;29742;29749;29746.666666666668;21;0;29747.25
2026-07-03 03:27:00.000;2026-07-03 03:27:59.999;29749;29755;29751.5;29748;29753.5;29752.166666666668;22;0;29752.5
2026-07-03 03:28:00.000;2026-07-03 03:28:59.999;29753.75;29755.25;29753.75;29752.25;29755.25;29754.25;22;0;29754.5
2026-07-03 03:29:00.000;2026-07-03 03:29:59.999;29754.5;29761.75;29757.875;29754;29761;29758.916666666668;95;0;29759.4375
2026-07-03 03:30:00.000;2026-07-03 03:30:59.999;29760.75;29773.5;29767.125;29760.75;29770;29768.083333333332;200;0;29768.5625
2026-07-03 03:31:00.000;2026-07-03 03:31:59.999;29770.75;29775.25;29771;29766.75;29767.25;29769.75;88;0;29769.125
2026-07-03 03:32:00.000;2026-07-03 03:32:59.999;29765.5;29766.5;29762.75;29759;29764.5;29763.333333333332;50;0;29763.625
2026-07-03 03:33:00.000;2026-07-03 03:33:59.999;29763.5;29764.5;29761.5;29758.5;29760.25;29761.083333333332;41;0;29760.875
2026-07-03 03:34:00.000;2026-07-03 03:34:59.999;29758;29761.75;29757.5;29753.25;29755.25;29756.75;54;0;29756.375
2026-07-03 03:35:00.000;2026-07-03 03:35:59.999;29758.5;29759.75;29753.625;29747.5;29747.75;29751.666666666668;66;0;29750.6875
2026-07-03 03:36:00.000;2026-07-03 03:36:59.999;29748.25;29751;29748.125;29745.25;29747;29747.75;60;0;29747.5625
2026-07-03 03:37:00.000;2026-07-03 03:37:59.999;29747.25;29749.5;29742.875;29736.25;29739;29741.583333333332;86;0;29740.9375
2026-07-03 03:38:00.000;2026-07-03 03:38:59.999;29738.5;29744.5;29739.875;29735.25;29743.5;29741.083333333332;73;0;29741.6875
2026-07-03 03:39:00.000;2026-07-03 03:39:59.999;29743.25;29744.5;29740.25;29736;29736;29738.833333333332;26;0;29738.125
2026-07-03 03:40:00.000;2026-07-03 03:40:59.999;29735.75;29739;29735.5;29732;29732;29734.333333333332;77;0;29733.75
2026-07-03 03:41:00.000;2026-07-03 03:41:59.999;29733;29738;29734.5;29731;29732.25;29733.75;39;0;29733.375
2026-07-03 03:42:00.000;2026-07-03 03:42:59.999;29731;29737;29733.5;29730;29733;29733.333333333332;80;0;29733.25
2026-07-03 03:43:00.000;2026-07-03 03:43:59.999;29732;29732;29728;29724;29724.5;29726.833333333332;100;0;29726.25
2026-07-03 03:44:00.000;2026-07-03 03:44:59.999;29725;29728.25;29724.125;29720;29723;29723.75;108;0;29723.5625
2026-07-03 03:45:00.000;2026-07-03 03:45:59.999;29722.5;29727;29722.375;29717.75;29725;29723.25;117;0;29723.6875
2026-07-03 03:46:00.000;2026-07-03 03:46:59.999;29726;29741;29733;29725;29741;29735.666666666668;117;0;29737
2026-07-03 03:47:00.000;2026-07-03 03:47:59.999;29740.5;29744;29741.75;29739.5;29744;29742.5;72;0;29742.875
2026-07-03 03:48:00.000;2026-07-03 03:48:59.999;29744.5;29746;29743.875;29741.75;29743.5;29743.75;40;0;29743.6875
2026-07-03 03:49:00.000;2026-07-03 03:49:59.999;29743.5;29751.5;29744.625;29737.75;29751;29746.75;71;0;29747.8125
2026-07-03 03:50:00.000;2026-07-03 03:50:59.999;29750.75;29752.5;29749.375;29746.25;29746.75;29748.5;67;0;29748.0625
2026-07-03 03:51:00.000;2026-07-03 03:51:59.999;29745.25;29753;29749;29745;29752.75;29750.25;41;0;29750.875
2026-07-03 03:52:00.000;2026-07-03 03:52:59.999;29752;29754.75;29752.625;29750.5;29753.25;29752.833333333332;39;0;29752.9375
2026-07-03 03:53:00.000;2026-07-03 03:53:59.999;29751.25;29751.25;29746.75;29742.25;29744.5;29746;85;0;29745.625
2026-07-03 03:54:00.000;2026-07-03 03:54:59.999;29745.75;29749;29745.375;29741.75;29745.75;29745.5;39;0;29745.5625
2026-07-03 03:55:00.000;2026-07-03 03:55:59.999;29745.5;29752.5;29748.375;29744.25;29752.5;29749.75;24;0;29750.4375
2026-07-03 03:56:00.000;2026-07-03 03:56:59.999;29753;29759.25;29756.125;29753;29758.75;29757;79;0;29757.4375
2026-07-03 03:57:00.000;2026-07-03 03:57:59.999;29759;29766.5;29761.375;29756.25;29765;29762.583333333332;98;0;29763.1875
2026-07-03 03:58:00.000;2026-07-03 03:58:59.999;29765.5;29769.75;29765.375;29761;29768;29766.25;99;0;29766.6875
2026-07-03 03:59:00.000;2026-07-03 03:59:59.999;29766.5;29769.5;29767.125;29764.75;29767.5;29767.25;39;0;29767.3125
2026-07-03 04:00:00.000;2026-07-03 04:00:59.999;29769.25;29772.5;29768.25;29764;29766;29767.5;78;0;29767.125
2026-07-03 04:01:00.000;2026-07-03 04:01:59.999;29767.5;29773;29770;29767;29770.75;29770.25;24;0;29770.375
2026-07-03 04:02:00.000;2026-07-03 04:02:59.999;29768.25;29776.25;29771.875;29767.5;29776;29773.25;58;0;29773.9375
2026-07-03 04:03:00.000;2026-07-03 04:03:59.999;29776.5;29777;29774;29771;29776.75;29774.916666666668;55;0;29775.375
2026-07-03 04:04:00.000;2026-07-03 04:04:59.999;29775.5;29776.75;29773.125;29769.5;29772.5;29772.916666666668;76;0;29772.8125
2026-07-03 04:05:00.000;2026-07-03 04:05:59.999;29773;29775;29773;29771;29774.25;29773.416666666668;43;0;29773.625
2026-07-03 04:06:00.000;2026-07-03 04:06:59.999;29776;29777.5;29774.625;29771.75;29775;29774.75;52;0;29774.8125
2026-07-03 04:07:00.000;2026-07-03 04:07:59.999;29776;29776;29774.625;29773.25;29774.25;29774.5;25;0;29774.4375
2026-07-03 04:08:00.000;2026-07-03 04:08:59.999;29773.25;29775;29772.25;29769.5;29774.25;29772.916666666668;24;0;29773.25
2026-07-03 04:09:00.000;2026-07-03 04:09:59.999;29772.75;29777.25;29774.5;29771.75;29776;29775;59;0;29775.25
2026-07-03 04:10:00.000;2026-07-03 04:10:59.999;29777;29777;29772.25;29767.5;29774.25;29772.916666666668;63;0;29773.25
2026-07-03 04:11:00.000;2026-07-03 04:11:59.999;29772.75;29780.75;29776.375;29772;29778.25;29777;80;0;29777.3125
2026-07-03 04:12:00.000;2026-07-03 04:12:59.999;29779;29780;29778.25;29776.5;29778.75;29778.416666666668;49;0;29778.5
2026-07-03 04:13:00.000;2026-07-03 04:13:59.999;29777;29781;29779;29777;29780.25;29779.416666666668;30;0;29779.625
2026-07-03 04:14:00.000;2026-07-03 04:14:59.999;29781.25;29786.75;29783.75;29780.75;29785.5;29784.333333333332;106;0;29784.625
2026-07-03 04:15:00.000;2026-07-03 04:15:59.999;29785.75;29785.75;29784.125;29782.5;29784.25;29784.166666666668;44;0;29784.1875
2026-07-03 04:16:00.000;2026-07-03 04:16:59.999;29785.25;29787.25;29784.875;29782.5;29786;29785.25;37;0;29785.4375
2026-07-03 04:17:00.000;2026-07-03 04:17:59.999;29784.5;29788;29786.25;29784.5;29787;29786.5;54;0;29786.625
2026-07-03 04:18:00.000;2026-07-03 04:18:59.999;29786;29790.5;29788.25;29786;29787;29787.833333333332;86;0;29787.625
2026-07-03 04:19:00.000;2026-07-03 04:19:59.999;29788.75;29791.5;29789.75;29788;29790.25;29789.916666666668;87;0;29790
2026-07-03 04:20:00.000;2026-07-03 04:20:59.999;29790.25;29792.75;29790.125;29787.5;29790.25;29790.166666666668;100;0;29790.1875
2026-07-03 04:21:00.000;2026-07-03 04:21:59.999;29788.75;29793.5;29790.875;29788.25;29792.25;29791.333333333332;69;0;29791.5625
2026-07-03 04:22:00.000;2026-07-03 04:22:59.999;29792.5;29793.5;29790.75;29788;29791.75;29791.083333333332;44;0;29791.25
2026-07-03 04:23:00.000;2026-07-03 04:23:59.999;29792;29793.75;29792.5;29791.25;29793.75;29792.916666666668;77;0;29793.125
2026-07-03 04:24:00.000;2026-07-03 04:24:59.999;29793.5;29796.5;29794.125;29791.75;29795;29794.416666666668;81;0;29794.5625
2026-07-03 04:25:00.000;2026-07-03 04:25:59.999;29794.5;29795.25;29793.125;29791;29791.25;29792.5;82;0;29792.1875
2026-07-03 04:26:00.000;2026-07-03 04:26:59.999;29792.5;29797.25;29794.125;29791;29797.25;29795.166666666668;61;0;29795.6875
2026-07-03 04:27:00.000;2026-07-03 04:27:59.999;29796.5;29802;29799.25;29796.5;29798;29798.833333333332;215;0;29798.625
2026-07-03 04:28:00.000;2026-07-03 04:28:59.999;29799.25;29803.25;29800.375;29797.5;29800;29800.25;117;0;29800.1875
2026-07-03 04:29:00.000;2026-07-03 04:29:59.999;29799.25;29802;29799.25;29796.5;29802;29800.166666666668;62;0;29800.625
2026-07-03 04:30:00.000;2026-07-03 04:30:59.999;29804;29804.75;29801;29797.25;29797.75;29799.916666666668;73;0;29799.375
2026-07-03 04:31:00.000;2026-07-03 04:31:59.999;29796.75;29807.25;29801.625;29796;29804;29802.416666666668;86;0;29802.8125
2026-07-03 04:32:00.000;2026-07-03 04:32:59.999;29804.5;29805.25;29804.125;29803;29804.75;29804.333333333332;47;0;29804.4375
2026-07-03 04:33:00.000;2026-07-03 04:33:59.999;29804.75;29805.5;29802;29798.5;29799.25;29801.083333333332;53;0;29800.625
2026-07-03 04:34:00.000;2026-07-03 04:34:59.999;29800.25;29802;29796.25;29790.5;29790.5;29794.333333333332;90;0;29793.375
2026-07-03 04:35:00.000;2026-07-03 04:35:59.999;29792;29793.5;29790.125;29786.75;29793;29791.083333333332;101;0;29791.5625
2026-07-03 04:36:00.000;2026-07-03 04:36:59.999;29793;29806;29799.5;29793;29805.5;29801.5;72;0;29802.5
2026-07-03 04:37:00.000;2026-07-03 04:37:59.999;29805.5;29806;29800.5;29795;29795;29798.666666666668;82;0;29797.75
2026-07-03 04:38:00.000;2026-07-03 04:38:59.999;29794.5;29801.25;29797.125;29793;29800.75;29798.333333333332;41;0;29798.9375
2026-07-03 04:39:00.000;2026-07-03 04:39:59.999;29801.25;29807.5;29804.125;29800.75;29805.75;29804.666666666668;43;0;29804.9375
2026-07-03 04:40:00.000;2026-07-03 04:40:59.999;29806.25;29811.25;29807.875;29804.5;29804.5;29806.75;142;0;29806.1875
2026-07-03 04:41:00.000;2026-07-03 04:41:59.999;29805;29807.5;29804.75;29802;29806;29805.166666666668;51;0;29805.375
2026-07-03 04:42:00.000;2026-07-03 04:42:59.999;29806.5;29812;29809.125;29806.25;29812;29810.083333333332;81;0;29810.5625
2026-07-03 04:43:00.000;2026-07-03 04:43:59.999;29810.5;29814.25;29810.75;29807.25;29809.75;29810.416666666668;85;0;29810.25
2026-07-03 04:44:00.000;2026-07-03 04:44:59.999;29807;29808.25;29807.25;29806.25;29806.25;29806.916666666668;16;0;29806.75
2026-07-03 04:45:00.000;2026-07-03 04:45:59.999;29807;29811.5;29809.25;29807;29808;29808.833333333332;29;0;29808.625
2026-07-03 04:46:00.000;2026-07-03 04:46:59.999;29808.5;29810.5;29807.125;29803.75;29807.5;29807.25;51;0;29807.3125
2026-07-03 04:47:00.000;2026-07-03 04:47:59.999;29808.75;29809.25;29804.5;29799.75;29801.25;29803.416666666668;60;0;29802.875
2026-07-03 04:48:00.000;2026-07-03 04:48:59.999;29800.5;29801.75;29800;29798.25;29801;29800.333333333332;45;0;29800.5
2026-07-03 04:49:00.000;2026-07-03 04:49:59.999;29800.75;29805.25;29800.625;29796;29797;29799.416666666668;69;0;29798.8125
2026-07-03 04:50:00.000;2026-07-03 04:50:59.999;29795;29799.5;29795.5;29791.5;29799.25;29796.75;67;0;29797.375
2026-07-03 04:51:00.000;2026-07-03 04:51:59.999;29798.25;29807.5;29802.875;29798.25;29807;29804.25;87;0;29804.9375
2026-07-03 04:52:00.000;2026-07-03 04:52:59.999;29808;29815.5;29811.75;29808;29813;29812.166666666668;84;0;29812.375
2026-07-03 04:53:00.000;2026-07-03 04:53:59.999;29812.5;29820;29812.875;29805.75;29810.5;29812.083333333332;201;0;29811.6875
2026-07-03 04:54:00.000;2026-07-03 04:54:59.999;29809.25;29813.5;29811.375;29809.25;29810.25;29811;47;0;29810.8125
2026-07-03 04:55:00.000;2026-07-03 04:55:59.999;29810.75;29812.25;29807.625;29803;29807;29807.416666666668;76;0;29807.3125
2026-07-03 04:56:00.000;2026-07-03 04:56:59.999;29807.25;29810;29807.875;29805.75;29808;29807.916666666668;51;0;29807.9375
2026-07-03 04:57:00.000;2026-07-03 04:57:59.999;29806;29806.5;29804.75;29803;29806;29805.166666666668;35;0;29805.375
2026-07-03 04:58:00.000;2026-07-03 04:58:59.999;29806;29808.25;29806.875;29805.5;29807;29806.916666666668;18;0;29806.9375
2026-07-03 04:59:00.000;2026-07-03 04:59:59.999;29806.75;29807;29804.625;29802.25;29802.25;29803.833333333332;43;0;29803.4375
2026-07-03 05:00:00.000;2026-07-03 05:00:59.999;29803.75;29811.75;29805.125;29798.5;29811.5;29807.25;120;0;29808.3125
2026-07-03 05:01:00.000;2026-07-03 05:01:59.999;29812.25;29813.5;29806.25;29799;29800.75;29804.416666666668;73;0;29803.5
2026-07-03 05:02:00.000;2026-07-03 05:02:59.999;29800;29803.25;29798.125;29793;29793;29796.416666666668;114;0;29795.5625
2026-07-03 05:03:00.000;2026-07-03 05:03:59.999;29792.5;29830;29809.625;29789.25;29825.5;29814.916666666668;537;0;29817.5625
2026-07-03 05:04:00.000;2026-07-03 05:04:59.999;29825.25;29834.25;29824.875;29815.5;29822.5;29824.083333333332;357;0;29823.6875
2026-07-03 05:05:00.000;2026-07-03 05:05:59.999;29820.25;29820.25;29817.125;29814;29818.25;29817.5;97;0;29817.6875
2026-07-03 05:06:00.000;2026-07-03 05:06:59.999;29819.5;29825.25;29820.875;29816.5;29821.5;29821.083333333332;95;0;29821.1875
2026-07-03 05:07:00.000;2026-07-03 05:07:59.999;29820.75;29822.25;29819.625;29817;29822.25;29820.5;35;0;29820.9375
2026-07-03 05:08:00.000;2026-07-03 05:08:59.999;29823;29823;29819.5;29816;29816;29818.333333333332;37;0;29817.75
2026-07-03 05:09:00.000;2026-07-03 05:09:59.999;29815.5;29817.25;29814.375;29811.5;29814.75;29814.5;38;0;29814.5625
2026-07-03 05:10:00.000;2026-07-03 05:10:59.999;29814.5;29833.75;29824;29814.25;29823.25;29823.75;280;0;29823.625
2026-07-03 05:11:00.000;2026-07-03 05:11:59.999;29822.5;29834;29825.5;29817;29825.25;29825.416666666668;252;0;29825.375
2026-07-03 05:12:00.000;2026-07-03 05:12:59.999;29824.25;29826.75;29822.5;29818.25;29826.75;29823.916666666668;58;0;29824.625
2026-07-03 05:13:00.000;2026-07-03 05:13:59.999;29826.5;29827.25;29822.875;29818.5;29823;29822.916666666668;53;0;29822.9375
2026-07-03 05:14:00.000;2026-07-03 05:14:59.999;29822.75;29826.75;29824;29821.25;29822.25;29823.416666666668;20;0;29823.125
2026-07-03 05:15:00.000;2026-07-03 05:15:59.999;29823;29825.5;29820.5;29815.5;29825.5;29822.166666666668;55;0;29823
2026-07-03 05:16:00.000;2026-07-03 05:16:59.999;29823.75;29826;29822.625;29819.25;29824.75;29823.333333333332;26;0;29823.6875
2026-07-03 05:17:00.000;2026-07-03 05:17:59.999;29826.25;29826.25;29823.875;29821.5;29822;29823.25;29;0;29822.9375
2026-07-03 05:18:00.000;2026-07-03 05:18:59.999;29821;29825.25;29823.125;29821;29821.75;29822.666666666668;27;0;29822.4375
2026-07-03 05:19:00.000;2026-07-03 05:19:59.999;29822.25;29824.75;29822.125;29819.5;29824;29822.75;25;0;29823.0625
2026-07-03 05:20:00.000;2026-07-03 05:20:59.999;29821.75;29822;29816.875;29811.75;29814.75;29816.166666666668;99;0;29815.8125
2026-07-03 05:21:00.000;2026-07-03 05:21:59.999;29813.5;29813.5;29811.25;29809;29810.25;29810.916666666668;61;0;29810.75
2026-07-03 05:22:00.000;2026-07-03 05:22:59.999;29812;29812.5;29805.625;29798.75;29801;29804.083333333332;103;0;29803.3125
2026-07-03 05:23:00.000;2026-07-03 05:23:59.999;29800.25;29806.25;29800.375;29794.5;29800.25;29800.333333333332;158;0;29800.3125
2026-07-03 05:24:00.000;2026-07-03 05:24:59.999;29799;29806.5;29802.625;29798.75;29804.25;29803.166666666668;63;0;29803.4375
2026-07-03 05:25:00.000;2026-07-03 05:25:59.999;29803.75;29809;29805;29801;29804.25;29804.75;65;0;29804.625
2026-07-03 05:26:00.000;2026-07-03 05:26:59.999;29804.25;29826.5;29815.125;29803.75;29821;29817.083333333332;161;0;29818.0625
2026-07-03 05:27:00.000;2026-07-03 05:27:59.999;29822.25;29825.25;29819.125;29813;29815;29817.75;128;0;29817.0625
2026-07-03 05:28:00.000;2026-07-03 05:28:59.999;29812.25;29816;29811.375;29806.75;29811;29811.25;67;0;29811.1875
2026-07-03 05:29:00.000;2026-07-03 05:29:59.999;29812.5;29812.75;29809.875;29807;29809.75;29809.833333333332;22;0;29809.8125
2026-07-03 05:30:00.000;2026-07-03 05:30:59.999;29808.75;29820;29812.375;29804.75;29818.25;29814.333333333332;121;0;29815.3125
2026-07-03 05:31:00.000;2026-07-03 05:31:59.999;29820.25;29830;29824.5;29819;29824.25;29824.416666666668;100;0;29824.375
2026-07-03 05:32:00.000;2026-07-03 05:32:59.999;29825.75;29828;29824.25;29820.5;29826;29824.833333333332;48;0;29825.125
2026-07-03 05:33:00.000;2026-07-03 05:33:59.999;29827;29833.25;29828.5;29823.75;29824.25;29827.083333333332;165;0;29826.375
2026-07-03 05:34:00.000;2026-07-03 05:34:59.999;29825.75;29828.5;29826.25;29824;29827.5;29826.666666666668;56;0;29826.875
2026-07-03 05:35:00.000;2026-07-03 05:35:59.999;29829;29833.5;29829.75;29826;29826.75;29828.75;25;0;29828.25
2026-07-03 05:36:00.000;2026-07-03 05:36:59.999;29828;29829;29827.375;29825.75;29827.5;29827.416666666668;78;0;29827.4375
2026-07-03 05:37:00.000;2026-07-03 05:37:59.999;29824.5;29841.5;29831.25;29821;29839;29833.833333333332;254;0;29835.125
2026-07-03 05:38:00.000;2026-07-03 05:38:59.999;29837.75;29839.25;29834.625;29830;29832;29833.75;52;0;29833.3125
2026-07-03 05:39:00.000;2026-07-03 05:39:59.999;29831.5;29833;29830;29827;29831;29830.333333333332;48;0;29830.5
2026-07-03 05:40:00.000;2026-07-03 05:40:59.999;29833.25;29834;29832;29830;29832;29832;28;0;29832
2026-07-03 05:41:00.000;2026-07-03 05:41:59.999;29831;29833;29829.75;29826.5;29828.75;29829.416666666668;31;0;29829.25
2026-07-03 05:42:00.000;2026-07-03 05:42:59.999;29828.75;29829.25;29823.625;29818;29827.5;29824.916666666668;120;0;29825.5625
2026-07-03 05:43:00.000;2026-07-03 05:43:59.999;29827.75;29827.75;29823.75;29819.75;29821.5;29823;32;0;29822.625
2026-07-03 05:44:00.000;2026-07-03 05:44:59.999;29820.25;29822.25;29820.125;29818;29819.75;29820;29;0;29819.9375
2026-07-03 05:45:00.000;2026-07-03 05:45:59.999;29820.75;29826.25;29822.625;29819;29819;29821.416666666668;25;0;29820.8125
2026-07-03 05:46:00.000;2026-07-03 05:46:59.999;29818.5;29820.25;29817.875;29815.5;29818.75;29818.166666666668;74;0;29818.3125
2026-07-03 05:47:00.000;2026-07-03 05:47:59.999;29815;29815.5;29812.875;29810.25;29811;29812.25;70;0;29811.9375
2026-07-03 05:48:00.000;2026-07-03 05:48:59.999;29810.25;29818.25;29813.375;29808.5;29811.75;29812.833333333332;109;0;29812.5625
2026-07-03 05:49:00.000;2026-07-03 05:49:59.999;29813;29813.75;29811.5;29809.25;29813.75;29812.25;61;0;29812.625
2026-07-03 05:50:00.000;2026-07-03 05:50:59.999;29814.75;29823.75;29818.625;29813.5;29815;29817.416666666668;91;0;29816.8125
2026-07-03 05:51:00.000;2026-07-03 05:51:59.999;29813.75;29814;29811.125;29808.25;29813.5;29811.916666666668;60;0;29812.3125
2026-07-03 05:52:00.000;2026-07-03 05:52:59.999;29814.5;29816;29813.25;29810.5;29814;29813.5;27;0;29813.625
2026-07-03 05:53:00.000;2026-07-03 05:53:59.999;29813.75;29818.5;29815;29811.5;29811.5;29813.833333333332;49;0;29813.25
2026-07-03 05:54:00.000;2026-07-03 05:54:59.999;29814.5;29815;29812.75;29810.5;29815;29813.5;39;0;29813.875
2026-07-03 05:55:00.000;2026-07-03 05:55:59.999;29811.5;29815.5;29811.5;29807.5;29815;29812.666666666668;49;0;29813.25
2026-07-03 05:56:00.000;2026-07-03 05:56:59.999;29815;29825.25;29819.875;29814.5;29822.5;29820.75;92;0;29821.1875
2026-07-03 05:57:00.000;2026-07-03 05:57:59.999;29822.25;29824.75;29822.25;29819.75;29822;29822.166666666668;75;0;29822.125
2026-07-03 05:58:00.000;2026-07-03 05:58:59.999;29822;29828.25;29824.25;29820.25;29825;29824.5;63;0;29824.625
2026-07-03 05:59:00.000;2026-07-03 05:59:59.999;29825.75;29826;29825;29824;29825.25;29825.083333333332;19;0;29825.125
2026-07-03 06:00:00.000;2026-07-03 06:00:59.999;29826.25;29841;29831;29821;29835.25;29832.416666666668;397;0;29833.125
2026-07-03 06:01:00.000;2026-07-03 06:01:59.999;29836;29837.25;29832.5;29827.75;29835;29833.333333333332;120;0;29833.75
2026-07-03 06:02:00.000;2026-07-03 06:02:59.999;29834.25;29844.75;29839.125;29833.5;29843.5;29840.583333333332;132;0;29841.3125
2026-07-03 06:03:00.000;2026-07-03 06:03:59.999;29841.75;29859.5;29850.5;29841.5;29857.75;29852.916666666668;592;0;29854.125
2026-07-03 06:04:00.000;2026-07-03 06:04:59.999;29857.5;29864.25;29860.625;29857;29858.25;29859.833333333332;272;0;29859.4375
2026-07-03 06:05:00.000;2026-07-03 06:05:59.999;29859.5;29876.25;29867.875;29859.5;29874;29869.916666666668;336;0;29870.9375
2026-07-03 06:06:00.000;2026-07-03 06:06:59.999;29873.25;29888;29880.625;29873.25;29883;29881.416666666668;350;0;29881.8125
2026-07-03 06:07:00.000;2026-07-03 06:07:59.999;29882.75;29884;29881;29878;29881;29881;283;0;29881
2026-07-03 06:08:00.000;2026-07-03 06:08:59.999;29881.75;29886.5;29883.5;29880.5;29883.75;29883.583333333332;281;0;29883.625
2026-07-03 06:09:00.000;2026-07-03 06:09:59.999;29883.75;29887.5;29884.375;29881.25;29882.75;29883.833333333332;203;0;29883.5625
2026-07-03 06:10:00.000;2026-07-03 06:10:59.999;29883;29884.25;29880.75;29877.25;29881.5;29881;244;0;29881.125
2026-07-03 06:11:00.000;2026-07-03 06:11:59.999;29881.75;29885;29882.875;29880.75;29883.25;29883;204;0;29883.0625
2026-07-03 06:12:00.000;2026-07-03 06:12:59.999;29882.25;29883.75;29879.75;29875.75;29876.5;29878.666666666668;143;0;29878.125
2026-07-03 06:13:00.000;2026-07-03 06:13:59.999;29875.75;29877.5;29874.375;29871.25;29876.5;29875.083333333332;134;0;29875.4375
2026-07-03 06:14:00.000;2026-07-03 06:14:59.999;29876;29876.75;29873.5;29870.25;29872;29873;101;0;29872.75
2026-07-03 06:15:00.000;2026-07-03 06:15:59.999;29871;29878;29874;29870;29876;29874.666666666668;94;0;29875
2026-07-03 06:16:00.000;2026-07-03 06:16:59.999;29873.75;29876;29871.25;29866.5;29869.75;29870.75;90;0;29870.5
2026-07-03 06:17:00.000;2026-07-03 06:17:59.999;29868.75;29871;29868.625;29866.25;29869.75;29869;101;0;29869.1875
2026-07-03 06:18:00.000;2026-07-03 06:18:59.999;29868.75;29869.75;29867.125;29864.5;29866;29866.75;59;0;29866.5625
2026-07-03 06:19:00.000;2026-07-03 06:19:59.999;29867;29872.25;29869.625;29867;29872.25;29870.5;65;0;29870.9375
2026-07-03 06:20:00.000;2026-07-03 06:20:59.999;29871.5;29872.75;29867.625;29862.5;29863.5;29866.25;89;0;29865.5625
2026-07-03 06:21:00.000;2026-07-03 06:21:59.999;29862;29865.5;29862.75;29860;29861.5;29862.333333333332;62;0;29862.125
2026-07-03 06:22:00.000;2026-07-03 06:22:59.999;29861.5;29863;29859;29855;29857;29858.333333333332;93;0;29858
2026-07-03 06:23:00.000;2026-07-03 06:23:59.999;29855.25;29856.25;29849.75;29843.25;29855.25;29851.583333333332;185;0;29852.5
2026-07-03 06:24:00.000;2026-07-03 06:24:59.999;29856;29856.5;29851.25;29846;29846;29849.5;94;0;29848.625
2026-07-03 06:25:00.000;2026-07-03 06:25:59.999;29847.25;29855.5;29851.375;29847.25;29854.75;29852.5;45;0;29853.0625
2026-07-03 06:26:00.000;2026-07-03 06:26:59.999;29855.25;29857;29853.75;29850.5;29857;29854.833333333332;49;0;29855.375
2026-07-03 06:27:00.000;2026-07-03 06:27:59.999;29857.25;29860.25;29856.5;29852.75;29856;29856.333333333332;85;0;29856.25
2026-07-03 06:28:00.000;2026-07-03 06:28:59.999;29857;29861.5;29859;29856.5;29859.75;29859.25;82;0;29859.375
2026-07-03 06:29:00.000;2026-07-03 06:29:59.999;29860.75;29869;29862;29855;29868.5;29864.166666666668;63;0;29865.25
2026-07-03 06:30:00.000;2026-07-03 06:30:59.999;29867.75;29873.75;29867.75;29861.75;29865;29866.833333333332;260;0;29866.375
2026-07-03 06:31:00.000;2026-07-03 06:31:59.999;29864.75;29868.25;29865.375;29862.5;29864.5;29865.083333333332;56;0;29864.9375
2026-07-03 06:32:00.000;2026-07-03 06:32:59.999;29863;29868;29865.5;29863;29867.5;29866.166666666668;63;0;29866.5
2026-07-03 06:33:00.000;2026-07-03 06:33:59.999;29867.75;29869.5;29865.375;29861.25;29866;29865.583333333332;55;0;29865.6875
2026-07-03 06:34:00.000;2026-07-03 06:34:59.999;29866;29868.75;29863.75;29858.75;29863;29863.5;120;0;29863.375
2026-07-03 06:35:00.000;2026-07-03 06:35:59.999;29865.25;29870.5;29864.625;29858.75;29863;29864.083333333332;138;0;29863.8125
2026-07-03 06:36:00.000;2026-07-03 06:36:59.999;29865;29869;29866.75;29864.5;29867.25;29866.916666666668;61;0;29867
2026-07-03 06:37:00.000;2026-07-03 06:37:59.999;29868;29868.5;29866.5;29864.5;29868.5;29867.166666666668;41;0;29867.5
2026-07-03 06:38:00.000;2026-07-03 06:38:59.999;29867.25;29871;29868.875;29866.75;29867.75;29868.5;66;0;29868.3125
2026-07-03 06:39:00.000;2026-07-03 06:39:59.999;29865.5;29865.5;29862.125;29858.75;29860;29861.416666666668;60;0;29861.0625
2026-07-03 06:40:00.000;2026-07-03 06:40:59.999;29861.25;29861.25;29856.25;29851.25;29858;29856.833333333332;95;0;29857.125
2026-07-03 06:41:00.000;2026-07-03 06:41:59.999;29859.25;29862.75;29859.75;29856.75;29861;29860.166666666668;90;0;29860.375
2026-07-03 06:42:00.000;2026-07-03 06:42:59.999;29861;29871.5;29866.25;29861;29866.25;29866.25;164;0;29866.25
2026-07-03 06:43:00.000;2026-07-03 06:43:59.999;29867;29867.5;29863.125;29858.75;29858.75;29861.666666666668;91;0;29860.9375
2026-07-03 06:44:00.000;2026-07-03 06:44:59.999;29859.25;29863;29859;29855;29856.25;29858.083333333332;111;0;29857.625
2026-07-03 06:45:00.000;2026-07-03 06:45:59.999;29855.5;29857;29855;29853;29853.25;29854.416666666668;39;0;29854.125
2026-07-03 06:46:00.000;2026-07-03 06:46:59.999;29855.5;29859.25;29855.125;29851;29857.75;29856;98;0;29856.4375
2026-07-03 06:47:00.000;2026-07-03 06:47:59.999;29857.75;29859.25;29853.875;29848.5;29852.25;29853.333333333332;90;0;29853.0625
2026-07-03 06:48:00.000;2026-07-03 06:48:59.999;29852;29852.75;29847.125;29841.5;29843.25;29845.833333333332;93;0;29845.1875
2026-07-03 06:49:00.000;2026-07-03 06:49:59.999;29846.25;29848;29846.375;29844.75;29846.5;29846.416666666668;40;0;29846.4375
2026-07-03 06:50:00.000;2026-07-03 06:50:59.999;29847;29848;29845.875;29843.75;29847;29846.25;57;0;29846.4375
2026-07-03 06:51:00.000;2026-07-03 06:51:59.999;29846.75;29846.75;29840.125;29833.5;29835.25;29838.5;199;0;29837.6875
2026-07-03 06:52:00.000;2026-07-03 06:52:59.999;29837;29839.5;29837.75;29836;29837.5;29837.666666666668;30;0;29837.625
2026-07-03 06:53:00.000;2026-07-03 06:53:59.999;29837.25;29839.5;29836.5;29833.5;29836.75;29836.583333333332;60;0;29836.625
2026-07-03 06:54:00.000;2026-07-03 06:54:59.999;29837;29842.75;29839.75;29836.75;29841.75;29840.416666666668;36;0;29840.75
2026-07-03 06:55:00.000;2026-07-03 06:55:59.999;29840.25;29842.5;29840;29837.5;29842.5;29840.833333333332;52;0;29841.25
2026-07-03 06:56:00.000;2026-07-03 06:56:59.999;29843;29844;29841.625;29839.25;29842;29841.75;28;0;29841.8125
2026-07-03 06:57:00.000;2026-07-03 06:57:59.999;29840.5;29845;29842.625;29840.25;29841.5;29842.25;47;0;29842.0625
2026-07-03 06:58:00.000;2026-07-03 06:58:59.999;29842;29847;29844.125;29841.25;29846;29844.75;60;0;29845.0625
2026-07-03 06:59:00.000;2026-07-03 06:59:59.999;29846.25;29846.25;29843.375;29840.5;29840.75;29842.5;27;0;29842.0625
2026-07-03 07:00:00.000;2026-07-03 07:00:59.999;29842;29850;29843.625;29837.25;29847.25;29844.833333333332;64;0;29845.4375
2026-07-03 07:01:00.000;2026-07-03 07:01:59.999;29845.75;29852.75;29847.875;29843;29848.5;29848.083333333332;92;0;29848.1875
2026-07-03 07:02:00.000;2026-07-03 07:02:59.999;29848.25;29848.25;29844.625;29841;29841.75;29843.666666666668;52;0;29843.1875
2026-07-03 07:03:00.000;2026-07-03 07:03:59.999;29841.75;29844.5;29842.75;29841;29842;29842.5;16;0;29842.375
2026-07-03 07:04:00.000;2026-07-03 07:04:59.999;29845.25;29851;29846.25;29841.5;29844.75;29845.75;96;0;29845.5
2026-07-03 07:05:00.000;2026-07-03 07:05:59.999;29844;29844.75;29838.875;29833;29833.25;29837;128;0;29836.0625
2026-07-03 07:06:00.000;2026-07-03 07:06:59.999;29833.25;29837.75;29833.5;29829.25;29831.5;29832.833333333332;93;0;29832.5
2026-07-03 07:07:00.000;2026-07-03 07:07:59.999;29833.75;29843.75;29837.625;29831.5;29843.75;29839.666666666668;94;0;29840.6875
2026-07-03 07:08:00.000;2026-07-03 07:08:59.999;29844;29849.75;29846.75;29843.75;29849.75;29847.75;64;0;29848.25
2026-07-03 07:09:00.000;2026-07-03 07:09:59.999;29848.75;29854.25;29850.125;29846;29848.5;29849.583333333332;103;0;29849.3125
2026-07-03 07:10:00.000;2026-07-03 07:10:59.999;29850;29853.25;29844.625;29836;29837;29842.083333333332;105;0;29840.8125
2026-07-03 07:11:00.000;2026-07-03 07:11:59.999;29835.75;29836;29833.5;29831;29834.5;29833.833333333332;97;0;29834
2026-07-03 07:12:00.000;2026-07-03 07:12:59.999;29834.25;29835;29831.375;29827.75;29828.5;29830.416666666668;65;0;29829.9375
2026-07-03 07:13:00.000;2026-07-03 07:13:59.999;29827.5;29831;29828.375;29825.75;29831;29829.25;61;0;29829.6875
2026-07-03 07:14:00.000;2026-07-03 07:14:59.999;29832;29839;29835.5;29832;29836.75;29835.916666666668;39;0;29836.125
2026-07-03 07:15:00.000;2026-07-03 07:15:59.999;29835.75;29841;29837.625;29834.25;29840.5;29838.583333333332;69;0;29839.0625
2026-07-03 07:16:00.000;2026-07-03 07:16:59.999;29838.75;29842;29839.125;29836.25;29839.5;29839.25;53;0;29839.3125
2026-07-03 07:17:00.000;2026-07-03 07:17:59.999;29841.5;29848;29842;29836;29838.75;29840.916666666668;75;0;29840.375
2026-07-03 07:18:00.000;2026-07-03 07:18:59.999;29839.5;29843;29840.875;29838.75;29840;29840.583333333332;22;0;29840.4375
2026-07-03 07:19:00.000;2026-07-03 07:19:59.999;29839.25;29844.75;29841.25;29837.75;29844.75;29842.416666666668;43;0;29843
2026-07-03 07:20:00.000;2026-07-03 07:20:59.999;29845;29856.25;29850.625;29845;29851.5;29850.916666666668;141;0;29851.0625
2026-07-03 07:21:00.000;2026-07-03 07:21:59.999;29852.25;29852.5;29849.75;29847;29848.5;29849.333333333332;62;0;29849.125
2026-07-03 07:22:00.000;2026-07-03 07:22:59.999;29847;29848.75;29846.125;29843.5;29845.75;29846;67;0;29845.9375
2026-07-03 07:23:00.000;2026-07-03 07:23:59.999;29844.25;29854.25;29847.875;29841.5;29854.25;29850;69;0;29851.0625
2026-07-03 07:24:00.000;2026-07-03 07:24:59.999;29854.25;29860;29856.5;29853;29857.75;29856.916666666668;88;0;29857.125
2026-07-03 07:25:00.000;2026-07-03 07:25:59.999;29857;29863.5;29860.125;29856.75;29863.5;29861.25;89;0;29861.8125
2026-07-03 07:26:00.000;2026-07-03 07:26:59.999;29863.25;29865.25;29863.25;29861.25;29865.25;29863.916666666668;57;0;29864.25
2026-07-03 07:27:00.000;2026-07-03 07:27:59.999;29865.5;29867.5;29863.75;29860;29861.5;29863;66;0;29862.625
2026-07-03 07:28:00.000;2026-07-03 07:28:59.999;29861.5;29862.5;29859.25;29856;29856;29858.166666666668;108;0;29857.625
2026-07-03 07:29:00.000;2026-07-03 07:29:59.999;29856.25;29860.5;29858;29855.5;29860;29858.666666666668;49;0;29859
2026-07-03 07:30:00.000;2026-07-03 07:30:59.999;29860.25;29865.5;29862.75;29860;29862.25;29862.583333333332;79;0;29862.5
2026-07-03 07:31:00.000;2026-07-03 07:31:59.999;29862;29862;29856;29850;29850.25;29854.083333333332;64;0;29853.125
2026-07-03 07:32:00.000;2026-07-03 07:32:59.999;29850;29853.75;29848.875;29844;29851.5;29849.75;82;0;29850.1875
2026-07-03 07:33:00.000;2026-07-03 07:33:59.999;29853;29856.25;29853.5;29850.75;29854.75;29853.916666666668;73;0;29854.125
2026-07-03 07:34:00.000;2026-07-03 07:34:59.999;29856;29856.75;29854.375;29852;29852;29853.583333333332;42;0;29853.1875
2026-07-03 07:35:00.000;2026-07-03 07:35:59.999;29850.5;29869;29858.5;29848;29863.75;29860.25;131;0;29861.125
2026-07-03 07:36:00.000;2026-07-03 07:36:59.999;29863.75;29863.75;29862.25;29860.75;29863.75;29862.75;37;0;29863
2026-07-03 07:37:00.000;2026-07-03 07:37:59.999;29862;29865;29862.875;29860.75;29865;29863.583333333332;16;0;29863.9375
2026-07-03 07:38:00.000;2026-07-03 07:38:59.999;29864.75;29866;29863.375;29860.75;29863;29863.25;49;0;29863.1875
2026-07-03 07:39:00.000;2026-07-03 07:39:59.999;29863;29863;29858.125;29853.25;29853.25;29856.5;30;0;29855.6875
2026-07-03 07:40:00.000;2026-07-03 07:40:59.999;29852.75;29854.5;29850.875;29847.25;29850;29850.583333333332;54;0;29850.4375
2026-07-03 07:41:00.000;2026-07-03 07:41:59.999;29849.25;29849.25;29847;29844.75;29845.25;29846.416666666668;55;0;29846.125
2026-07-03 07:42:00.000;2026-07-03 07:42:59.999;29844;29847.25;29844.125;29841;29841.5;29843.25;37;0;29842.8125
2026-07-03 07:43:00.000;2026-07-03 07:43:59.999;29841;29847.75;29843.25;29838.75;29843.75;29843.416666666668;99;0;29843.5
2026-07-03 07:44:00.000;2026-07-03 07:44:59.999;29843.25;29845.25;29841;29836.75;29837.5;29839.833333333332;79;0;29839.25
2026-07-03 07:45:00.000;2026-07-03 07:45:59.999;29837.75;29840.5;29838;29835.5;29838.25;29838.083333333332;35;0;29838.125
2026-07-03 07:46:00.000;2026-07-03 07:46:59.999;29839.25;29848;29843.5;29839;29848;29845;36;0;29845.75
2026-07-03 07:47:00.000;2026-07-03 07:47:59.999;29847.75;29854.5;29850.125;29845.75;29851.25;29850.5;96;0;29850.6875
2026-07-03 07:48:00.000;2026-07-03 07:48:59.999;29853;29855.25;29853.5;29851.75;29853;29853.333333333332;52;0;29853.25
2026-07-03 07:49:00.000;2026-07-03 07:49:59.999;29854;29854.75;29853.875;29853;29853.25;29853.666666666668;14;0;29853.5625
2026-07-03 07:50:00.000;2026-07-03 07:50:59.999;29855;29855.25;29852.75;29850.25;29855.25;29853.583333333332;46;0;29854
2026-07-03 07:51:00.000;2026-07-03 07:51:59.999;29855.25;29856.25;29854.625;29853;29855;29854.75;25;0;29854.8125
2026-07-03 07:52:00.000;2026-07-03 07:52:59.999;29854.5;29855.75;29852.25;29848.75;29848.75;29851.083333333332;41;0;29850.5
2026-07-03 07:53:00.000;2026-07-03 07:53:59.999;29850.25;29853.5;29851.875;29850.25;29852.25;29852;29;0;29852.0625
2026-07-03 07:54:00.000;2026-07-03 07:54:59.999;29853.25;29854.5;29853;29851.5;29852.75;29852.916666666668;13;0;29852.875
2026-07-03 07:55:00.000;2026-07-03 07:55:59.999;29853.75;29854.5;29852.75;29851;29853;29852.833333333332;12;0;29852.875
2026-07-03 07:56:00.000;2026-07-03 07:56:59.999;29853.25;29853.25;29851.375;29849.5;29850.25;29851;11;0;29850.8125
2026-07-03 07:57:00.000;2026-07-03 07:57:59.999;29850;29858.75;29854.375;29850;29855;29854.583333333332;35;0;29854.6875
2026-07-03 07:58:00.000;2026-07-03 07:58:59.999;29854.75;29855.25;29850.875;29846.5;29847.5;29849.75;34;0;29849.1875
2026-07-03 07:59:00.000;2026-07-03 07:59:59.999;29848;29848;29845.875;29843.75;29846;29845.916666666668;22;0;29845.9375
2026-07-03 08:00:00.000;2026-07-03 08:00:59.999;29845.25;29845.75;29840.875;29836;29837;29839.583333333332;91;0;29838.9375
2026-07-03 08:01:00.000;2026-07-03 08:01:59.999;29839.75;29841.25;29837.875;29834.5;29838.5;29838.083333333332;54;0;29838.1875
2026-07-03 08:02:00.000;2026-07-03 08:02:59.999;29841.25;29843;29838.125;29833.25;29833.25;29836.5;53;0;29835.6875
2026-07-03 08:03:00.000;2026-07-03 08:03:59.999;29833;29844;29838.375;29832.75;29839.75;29838.833333333332;90;0;29839.0625
2026-07-03 08:04:00.000;2026-07-03 08:04:59.999;29841.75;29844;29840.625;29837.25;29844;29841.75;42;0;29842.3125
2026-07-03 08:05:00.000;2026-07-03 08:05:59.999;29846.25;29854.5;29850.375;29846.25;29852.25;29851;48;0;29851.3125
2026-07-03 08:06:00.000;2026-07-03 08:06:59.999;29851;29861;29855.5;29850;29853.5;29854.833333333332;91;0;29854.5
2026-07-03 08:07:00.000;2026-07-03 08:07:59.999;29852.5;29852.5;29848.25;29844;29849.25;29848.583333333332;45;0;29848.75
2026-07-03 08:08:00.000;2026-07-03 08:08:59.999;29842.25;29843.25;29838;29832.75;29835.5;29837.166666666668;35;0;29836.75
2026-07-03 08:09:00.000;2026-07-03 08:09:59.999;29836.75;29839.5;29837.25;29835;29838.5;29837.666666666668;40;0;29837.875
2026-07-03 08:10:00.000;2026-07-03 08:10:59.999;29838;29842;29840;29838;29840;29840;11;0;29840
2026-07-03 08:11:00.000;2026-07-03 08:11:59.999;29838.25;29843.25;29839.875;29836.5;29840.5;29840.083333333332;27;0;29840.1875
2026-07-03 08:12:00.000;2026-07-03 08:12:59.999;29843;29845;29842.625;29840.25;29844;29843.083333333332;19;0;29843.3125
2026-07-03 08:13:00.000;2026-07-03 08:13:59.999;29842.5;29845;29839.375;29833.75;29837;29838.583333333332;75;0;29838.1875
2026-07-03 08:14:00.000;2026-07-03 08:14:59.999;29838.25;29843.75;29841;29838.25;29840.75;29840.916666666668;21;0;29840.875
2026-07-03 08:15:00.000;2026-07-03 08:15:59.999;29838.5;29840.75;29838.75;29836.75;29837.5;29838.333333333332;32;0;29838.125
2026-07-03 08:16:00.000;2026-07-03 08:16:59.999;29838;29843;29840.5;29838;29842.5;29841.166666666668;19;0;29841.5
2026-07-03 08:17:00.000;2026-07-03 08:17:59.999;29842.25;29844.5;29843.125;29841.75;29844.5;29843.583333333332;11;0;29843.8125
2026-07-03 08:18:00.000;2026-07-03 08:18:59.999;29843.25;29846.25;29844.625;29843;29844.5;29844.583333333332;32;0;29844.5625
2026-07-03 08:19:00.000;2026-07-03 08:19:59.999;29843.75;29852.75;29846.75;29840.75;29852;29848.5;71;0;29849.375
2026-07-03 08:20:00.000;2026-07-03 08:20:59.999;29849.5;29851.5;29848.625;29845.75;29847.5;29848.25;20;0;29848.0625
2026-07-03 08:21:00.000;2026-07-03 08:21:59.999;29848;29850;29848.625;29847.25;29848;29848.416666666668;21;0;29848.3125
2026-07-03 08:22:00.000;2026-07-03 08:22:59.999;29849;29854.25;29848.125;29842;29842;29846.083333333332;46;0;29845.0625
2026-07-03 08:23:00.000;2026-07-03 08:23:59.999;29840.5;29841;29838.75;29836.5;29840.25;29839.25;58;0;29839.5
2026-07-03 08:24:00.000;2026-07-03 08:24:59.999;29840.25;29847.75;29844;29840.25;29845.5;29844.5;48;0;29844.75
2026-07-03 08:25:00.000;2026-07-03 08:25:59.999;29845.75;29849.5;29847.5;29845.5;29846.75;29847.25;28;0;29847.125
2026-07-03 08:26:00.000;2026-07-03 08:26:59.999;29848.25;29853.25;29850.375;29847.5;29847.5;29849.416666666668;88;0;29848.9375
2026-07-03 08:27:00.000;2026-07-03 08:27:59.999;29847.25;29848;29843.25;29838.5;29839.75;29842.083333333332;82;0;29841.5
2026-07-03 08:28:00.000;2026-07-03 08:28:59.999;29839.75;29845.75;29841.625;29837.5;29842.75;29842;44;0;29842.1875
2026-07-03 08:29:00.000;2026-07-03 08:29:59.999;29845;29849.25;29846.75;29844.25;29846;29846.5;47;0;29846.375
2026-07-03 08:30:00.000;2026-07-03 08:30:59.999;29844;29845.5;29841;29836.5;29838.75;29840.25;53;0;29839.875
2026-07-03 08:31:00.000;2026-07-03 08:31:59.999;29838;29845.25;29839.75;29834.25;29843.5;29841;104;0;29841.625
2026-07-03 08:32:00.000;2026-07-03 08:32:59.999;29843;29848.25;29844.75;29841.25;29847.5;29845.666666666668;61;0;29846.125
2026-07-03 08:33:00.000;2026-07-03 08:33:59.999;29849;29849.25;29845.125;29841;29844.75;29845;36;0;29844.9375
2026-07-03 08:34:00.000;2026-07-03 08:34:59.999;29845.5;29845.5;29843.25;29841;29843.25;29843.25;14;0;29843.25
2026-07-03 08:35:00.000;2026-07-03 08:35:59.999;29844;29853.5;29848.75;29844;29853.5;29850.333333333332;53;0;29851.125
2026-07-03 08:36:00.000;2026-07-03 08:36:59.999;29854.5;29858;29855.875;29853.75;29856;29855.916666666668;45;0;29855.9375
2026-07-03 08:37:00.000;2026-07-03 08:37:59.999;29856.5;29860;29856.875;29853.75;29859.25;29857.666666666668;98;0;29858.0625
2026-07-03 08:38:00.000;2026-07-03 08:38:59.999;29859.25;29862.5;29859.875;29857.25;29861.25;29860.333333333332;36;0;29860.5625
2026-07-03 08:39:00.000;2026-07-03 08:39:59.999;29862;29866;29860.875;29855.75;29865.5;29862.416666666668;86;0;29863.1875
2026-07-03 08:40:00.000;2026-07-03 08:40:59.999;29865.25;29865.25;29862;29858.75;29862.75;29862.25;38;0;29862.375
2026-07-03 08:41:00.000;2026-07-03 08:41:59.999;29862.5;29869.25;29865.75;29862.25;29868.5;29866.666666666668;54;0;29867.125
2026-07-03 08:42:00.000;2026-07-03 08:42:59.999;29867.25;29873.25;29868.5;29863.75;29868.25;29868.416666666668;93;0;29868.375
2026-07-03 08:43:00.000;2026-07-03 08:43:59.999;29867.25;29870.25;29868.125;29866;29867;29867.75;38;0;29867.5625
2026-07-03 08:44:00.000;2026-07-03 08:44:59.999;29866.5;29870;29866.875;29863.75;29870;29867.916666666668;27;0;29868.4375
2026-07-03 08:45:00.000;2026-07-03 08:45:59.999;29870.5;29870.5;29868.375;29866.25;29866.25;29867.666666666668;27;0;29867.3125
2026-07-03 08:46:00.000;2026-07-03 08:46:59.999;29865;29865.25;29857.875;29850.5;29850.5;29855.416666666668;167;0;29854.1875
2026-07-03 08:47:00.000;2026-07-03 08:47:59.999;29850.25;29854.75;29850.875;29847;29851.5;29851.083333333332;151;0;29851.1875
2026-07-03 08:48:00.000;2026-07-03 08:48:59.999;29852.5;29854.5;29848.625;29842.75;29847.75;29848.333333333332;109;0;29848.1875
2026-07-03 08:49:00.000;2026-07-03 08:49:59.999;29848.5;29848.75;29840.375;29832;29832;29837.583333333332;78;0;29836.1875
2026-07-03 08:50:00.000;2026-07-03 08:50:59.999;29833;29845;29838.125;29831.25;29844.75;29840.333333333332;114;0;29841.4375
2026-07-03 08:51:00.000;2026-07-03 08:51:59.999;29846;29846.5;29842.375;29838.25;29843.75;29842.833333333332;64;0;29843.0625
2026-07-03 08:52:00.000;2026-07-03 08:52:59.999;29842.5;29843.25;29840.125;29837;29842.75;29841;27;0;29841.4375
2026-07-03 08:53:00.000;2026-07-03 08:53:59.999;29843;29846.5;29844.25;29842;29843.25;29843.916666666668;23;0;29843.75
2026-07-03 08:54:00.000;2026-07-03 08:54:59.999;29842;29848.25;29844.625;29841;29846;29845.083333333332;16;0;29845.3125
2026-07-03 08:55:00.000;2026-07-03 08:55:59.999;29847;29848.5;29845.75;29843;29847.5;29846.333333333332;23;0;29846.625
2026-07-03 08:56:00.000;2026-07-03 08:56:59.999;29849.25;29854;29851.125;29848.25;29852.5;29851.583333333332;45;0;29851.8125
2026-07-03 08:57:00.000;2026-07-03 08:57:59.999;29852.75;29852.75;29850.5;29848.25;29848.25;29849.75;7;0;29849.375
2026-07-03 08:58:00.000;2026-07-03 08:58:59.999;29854;29856;29851.125;29846.25;29847.25;29849.833333333332;25;0;29849.1875
2026-07-03 08:59:00.000;2026-07-03 08:59:59.999;29848.75;29848.75;29847;29845.25;29848.5;29847.5;33;0;29847.75
2026-07-03 09:00:00.000;2026-07-03 09:00:59.999;29848.75;29849.25;29845.375;29841.5;29841.5;29844.083333333332;26;0;29843.4375
2026-07-03 09:01:00.000;2026-07-03 09:01:59.999;29840.75;29842.25;29837.75;29833.25;29834;29836.5;67;0;29835.875
2026-07-03 09:02:00.000;2026-07-03 09:02:59.999;29834;29840.25;29835.625;29831;29838.5;29836.583333333332;104;0;29837.0625
2026-07-03 09:03:00.000;2026-07-03 09:03:59.999;29839.5;29841.25;29837.625;29834;29840.5;29838.583333333332;20;0;29839.0625
2026-07-03 09:04:00.000;2026-07-03 09:04:59.999;29839.75;29844;29840.125;29836.25;29837.25;29839.166666666668;24;0;29838.6875
2026-07-03 09:05:00.000;2026-07-03 09:05:59.999;29835.25;29841;29838.125;29835.25;29835.75;29837.333333333332;17;0;29836.9375
2026-07-03 09:06:00.000;2026-07-03 09:06:59.999;29837.75;29840;29834.5;29829;29829.25;29832.75;122;0;29831.875
2026-07-03 09:07:00.000;2026-07-03 09:07:59.999;29829.25;29839.5;29833.625;29827.75;29838.5;29835.25;99;0;29836.0625
2026-07-03 09:08:00.000;2026-07-03 09:08:59.999;29840.5;29842.5;29840.625;29838.75;29842.5;29841.25;8;0;29841.5625
2026-07-03 09:09:00.000;2026-07-03 09:09:59.999;29842.75;29842.75;29839.875;29837;29840.25;29840;9;0;29840.0625
2026-07-03 09:10:00.000;2026-07-03 09:10:59.999;29838.75;29842.25;29840.5;29838.75;29841;29840.666666666668;13;0;29840.75
2026-07-03 09:11:00.000;2026-07-03 09:11:59.999;29844;29853.75;29848.875;29844;29852;29849.916666666668;68;0;29850.4375
2026-07-03 09:12:00.000;2026-07-03 09:12:59.999;29853;29861.25;29856.25;29851.25;29859.5;29857.333333333332;44;0;29857.875
2026-07-03 09:13:00.000;2026-07-03 09:13:59.999;29859.5;29873.75;29866.625;29859.5;29870.25;29867.833333333332;125;0;29868.4375
2026-07-03 09:14:00.000;2026-07-03 09:14:59.999;29871.75;29878;29873.5;29869;29877.25;29874.75;97;0;29875.375
2026-07-03 09:15:00.000;2026-07-03 09:15:59.999;29878;29884.25;29880.125;29876;29879.25;29879.833333333332;208;0;29879.6875
2026-07-03 09:16:00.000;2026-07-03 09:16:59.999;29878;29878;29872.25;29866.5;29867.75;29870.75;147;0;29870
2026-07-03 09:17:00.000;2026-07-03 09:17:59.999;29867;29883.5;29875.25;29867;29882.75;29877.75;179;0;29879
2026-07-03 09:18:00.000;2026-07-03 09:18:59.999;29882;29885;29882.625;29880.25;29884.25;29883.166666666668;52;0;29883.4375
2026-07-03 09:19:00.000;2026-07-03 09:19:59.999;29885;29885.5;29881.75;29878;29879.75;29881.083333333332;78;0;29880.75
2026-07-03 09:20:00.000;2026-07-03 09:20:59.999;29879.25;29885;29882.125;29879.25;29885;29883.083333333332;44;0;29883.5625
2026-07-03 09:21:00.000;2026-07-03 09:21:59.999;29885;29887.75;29884.875;29882;29884;29884.583333333332;90;0;29884.4375
2026-07-03 09:22:00.000;2026-07-03 09:22:59.999;29886.25;29886.25;29881.5;29876.75;29878.25;29880.416666666668;47;0;29879.875
2026-07-03 09:23:00.000;2026-07-03 09:23:59.999;29881.5;29885;29882.625;29880.25;29884.75;29883.333333333332;39;0;29883.6875
2026-07-03 09:24:00.000;2026-07-03 09:24:59.999;29885.75;29892.75;29888.875;29885;29889;29888.916666666668;116;0;29888.9375
2026-07-03 09:25:00.000;2026-07-03 09:25:59.999;29887.25;29889.75;29887;29884.25;29889.25;29887.75;55;0;29888.125
2026-07-03 09:26:00.000;2026-07-03 09:26:59.999;29889.75;29893;29887.625;29882.25;29885;29886.75;80;0;29886.3125
2026-07-03 09:27:00.000;2026-07-03 09:27:59.999;29884;29884;29879.625;29875.25;29882.75;29880.666666666668;109;0;29881.1875
2026-07-03 09:28:00.000;2026-07-03 09:28:59.999;29882.75;29891;29886.875;29882.75;29890;29887.916666666668;46;0;29888.4375
2026-07-03 09:29:00.000;2026-07-03 09:29:59.999;29889.5;29889.75;29886.5;29883.25;29887.25;29886.75;38;0;29886.875
2026-07-03 09:30:00.000;2026-07-03 09:30:59.999;29887.25;29888.5;29886.25;29884;29887.5;29886.666666666668;38;0;29886.875
2026-07-03 09:31:00.000;2026-07-03 09:31:59.999;29887.5;29892.5;29889;29885.5;29892.5;29890.166666666668;54;0;29890.75
2026-07-03 09:32:00.000;2026-07-03 09:32:59.999;29892.5;29897.25;29894.25;29891.25;29892.5;29893.666666666668;149;0;29893.375
2026-07-03 09:33:00.000;2026-07-03 09:33:59.999;29893;29893;29887.625;29882.25;29884.75;29886.666666666668;78;0;29886.1875
2026-07-03 09:34:00.000;2026-07-03 09:34:59.999;29882;29882;29879.125;29876.25;29877.75;29878.666666666668;69;0;29878.4375
2026-07-03 09:35:00.000;2026-07-03 09:35:59.999;29877.5;29879.75;29876.75;29873.75;29877.25;29876.916666666668;30;0;29877
2026-07-03 09:36:00.000;2026-07-03 09:36:59.999;29877;29883;29879.875;29876.75;29882.5;29880.75;30;0;29881.1875
2026-07-03 09:37:00.000;2026-07-03 09:37:59.999;29883.75;29883.75;29880.875;29878;29880;29880.583333333332;29;0;29880.4375
2026-07-03 09:38:00.000;2026-07-03 09:38:59.999;29879;29879;29875;29871;29873.75;29874.583333333332;63;0;29874.375
2026-07-03 09:39:00.000;2026-07-03 09:39:59.999;29872.25;29876.25;29873.5;29870.75;29873.75;29873.583333333332;47;0;29873.625
2026-07-03 09:40:00.000;2026-07-03 09:40:59.999;29874.75;29877.5;29873.75;29870;29876.5;29874.666666666668;70;0;29875.125
2026-07-03 09:41:00.000;2026-07-03 09:41:59.999;29874.75;29877;29875.5;29874;29876;29875.666666666668;16;0;29875.75
2026-07-03 09:42:00.000;2026-07-03 09:42:59.999;29877.25;29877.25;29875.5;29873.75;29873.75;29874.916666666668;5;0;29874.625
2026-07-03 09:43:00.000;2026-07-03 09:43:59.999;29874.25;29889;29881.625;29874.25;29889;29884.083333333332;73;0;29885.3125
2026-07-03 09:44:00.000;2026-07-03 09:44:59.999;29887.75;29900.25;29894;29887.75;29895.75;29894.583333333332;97;0;29894.875
2026-07-03 09:45:00.000;2026-07-03 09:45:59.999;29895.75;29897;29894.125;29891.25;29895;29894.416666666668;46;0;29894.5625
2026-07-03 09:46:00.000;2026-07-03 09:46:59.999;29896;29898.5;29896.5;29894.5;29896.25;29896.416666666668;20;0;29896.375
2026-07-03 09:47:00.000;2026-07-03 09:47:59.999;29897.5;29899;29895.625;29892.25;29893.25;29894.833333333332;45;0;29894.4375
2026-07-03 09:48:00.000;2026-07-03 09:48:59.999;29894.75;29895;29889.75;29884.5;29884.5;29888;136;0;29887.125
2026-07-03 09:49:00.000;2026-07-03 09:49:59.999;29884;29884;29879.5;29875;29879.5;29879.5;133;0;29879.5
2026-07-03 09:50:00.000;2026-07-03 09:50:59.999;29880;29883.25;29879.625;29876;29877.25;29878.833333333332;60;0;29878.4375
2026-07-03 09:51:00.000;2026-07-03 09:51:59.999;29877.25;29879;29876;29873;29873;29875;31;0;29874.5
2026-07-03 09:52:00.000;2026-07-03 09:52:59.999;29875;29876.75;29874.625;29872.5;29876;29875.083333333332;23;0;29875.3125
2026-07-03 09:53:00.000;2026-07-03 09:53:59.999;29875.25;29875.25;29872.5;29869.75;29870.5;29871.833333333332;70;0;29871.5
2026-07-03 09:54:00.000;2026-07-03 09:54:59.999;29873.25;29874.25;29873.75;29873.25;29874.25;29873.916666666668;8;0;29874
2026-07-03 09:55:00.000;2026-07-03 09:55:59.999;29874.25;29875.25;29873.625;29872;29872;29873.083333333332;20;0;29872.8125
2026-07-03 09:56:00.000;2026-07-03 09:56:59.999;29872.5;29878.5;29873.125;29867.75;29869.5;29871.916666666668;65;0;29871.3125
2026-07-03 09:57:00.000;2026-07-03 09:57:59.999;29869;29874.25;29871.625;29869;29870.5;29871.25;23;0;29871.0625
2026-07-03 09:58:00.000;2026-07-03 09:58:59.999;29870.75;29872.5;29870.375;29868.25;29871;29870.583333333332;17;0;29870.6875
2026-07-03 09:59:00.000;2026-07-03 09:59:59.999;29870;29875;29872.5;29870;29870.5;29871.833333333332;14;0;29871.5
2026-07-03 10:00:00.000;2026-07-03 10:00:59.999;29869.75;29870;29866.5;29863;29866;29866.333333333332;56;0;29866.25
2026-07-03 10:01:00.000;2026-07-03 10:01:59.999;29864.5;29867.75;29865.75;29863.75;29867.75;29866.416666666668;31;0;29866.75
2026-07-03 10:02:00.000;2026-07-03 10:02:59.999;29866.25;29866.25;29861.125;29856;29861.5;29861.25;57;0;29861.3125
2026-07-03 10:03:00.000;2026-07-03 10:03:59.999;29861.75;29865.75;29863.5;29861.25;29865.25;29864.083333333332;17;0;29864.375
2026-07-03 10:04:00.000;2026-07-03 10:04:59.999;29867.75;29870.25;29869;29867.75;29870;29869.333333333332;22;0;29869.5
2026-07-03 10:05:00.000;2026-07-03 10:05:59.999;29871.75;29874.25;29872.125;29870;29874.25;29872.833333333332;40;0;29873.1875
2026-07-03 10:06:00.000;2026-07-03 10:06:59.999;29874;29874.5;29873.125;29871.75;29872.5;29872.916666666668;21;0;29872.8125
2026-07-03 10:07:00.000;2026-07-03 10:07:59.999;29871.75;29872.75;29871.375;29870;29871.75;29871.5;19;0;29871.5625
2026-07-03 10:08:00.000;2026-07-03 10:08:59.999;29872.5;29877.75;29875;29872.25;29876.5;29875.5;30;0;29875.75
2026-07-03 10:09:00.000;2026-07-03 10:09:59.999;29873.25;29875.5;29872.375;29869.25;29875;29873.25;45;0;29873.6875
2026-07-03 10:10:00.000;2026-07-03 10:10:59.999;29873.5;29880.75;29875.875;29871;29879;29876.916666666668;45;0;29877.4375
2026-07-03 10:11:00.000;2026-07-03 10:11:59.999;29880.75;29880.75;29879.375;29878;29880;29879.583333333332;15;0;29879.6875
2026-07-03 10:12:00.000;2026-07-03 10:12:59.999;29880.25;29882.5;29880;29877.5;29881;29880.333333333332;26;0;29880.5
2026-07-03 10:13:00.000;2026-07-03 10:13:59.999;29882.25;29883.25;29882;29880.75;29881.5;29881.833333333332;22;0;29881.75
2026-07-03 10:14:00.000;2026-07-03 10:14:59.999;29880.75;29880.75;29878.625;29876.5;29879;29878.75;29;0;29878.8125
2026-07-03 10:15:00.000;2026-07-03 10:15:59.999;29879.25;29879.25;29877.375;29875.5;29876.5;29877.083333333332;21;0;29876.9375
2026-07-03 10:16:00.000;2026-07-03 10:16:59.999;29875.5;29878.25;29875.5;29872.75;29872.75;29874.583333333332;15;0;29874.125
2026-07-03 10:17:00.000;2026-07-03 10:17:59.999;29872;29872.5;29870.75;29869;29871.5;29871;15;0;29871.125
2026-07-03 10:18:00.000;2026-07-03 10:18:59.999;29871.5;29872.75;29872.125;29871.5;29872.75;29872.333333333332;17;0;29872.4375
2026-07-03 10:19:00.000;2026-07-03 10:19:59.999;29871.75;29874.5;29872.375;29870.25;29874.5;29873.083333333332;9;0;29873.4375
2026-07-03 10:20:00.000;2026-07-03 10:20:59.999;29872.75;29873;29871.25;29869.5;29869.5;29870.666666666668;11;0;29870.375
2026-07-03 10:21:00.000;2026-07-03 10:21:59.999;29872.25;29878.75;29875.5;29872.25;29878.75;29876.583333333332;12;0;29877.125
2026-07-03 10:22:00.000;2026-07-03 10:22:59.999;29878.5;29878.5;29877.25;29876;29878.5;29877.666666666668;24;0;29877.875
2026-07-03 10:23:00.000;2026-07-03 10:23:59.999;29876.75;29879.5;29877.625;29875.75;29876.75;29877.333333333332;14;0;29877.1875
2026-07-03 10:24:00.000;2026-07-03 10:24:59.999;29875.25;29875.25;29869.875;29864.5;29872.5;29870.75;76;0;29871.1875
2026-07-03 10:25:00.000;2026-07-03 10:25:59.999;29872;29872;29870.75;29869.5;29869.5;29870.333333333332;4;0;29870.125
2026-07-03 10:26:00.000;2026-07-03 10:26:59.999;29871.25;29872.25;29871.75;29871.25;29872.25;29871.916666666668;2;0;29872
2026-07-03 10:27:00.000;2026-07-03 10:27:59.999;29872.75;29880.5;29876.625;29872.75;29878.25;29877.166666666668;28;0;29877.4375
2026-07-03 10:29:00.000;2026-07-03 10:29:59.999;29876.5;29876.5;29876.5;29876.5;29876.5;29876.5;1;0;29876.5
2026-07-03 10:30:00.000;2026-07-03 10:30:59.999;29878.75;29878.75;29877.5;29876.25;29876.5;29877.166666666668;13;0;29877
2026-07-03 10:31:00.000;2026-07-03 10:31:59.999;29878.5;29878.75;29878.25;29877.75;29878.25;29878.25;11;0;29878.25
2026-07-03 10:32:00.000;2026-07-03 10:32:59.999;29878.25;29879;29877.5;29876;29879;29878;17;0;29878.25
2026-07-03 10:33:00.000;2026-07-03 10:33:59.999;29877.25;29884;29879.25;29874.5;29883.5;29880.666666666668;44;0;29881.375
2026-07-03 10:34:00.000;2026-07-03 10:34:59.999;29882.25;29882.25;29880.625;29879;29880.25;29880.5;12;0;29880.4375
2026-07-03 10:35:00.000;2026-07-03 10:35:59.999;29880.25;29883;29879.375;29875.75;29881.5;29880.083333333332;69;0;29880.4375
2026-07-03 10:36:00.000;2026-07-03 10:36:59.999;29881.75;29881.75;29876.5;29871.25;29871.5;29874.833333333332;85;0;29874
2026-07-03 10:37:00.000;2026-07-03 10:37:59.999;29872.5;29873.25;29870.25;29867.25;29872.75;29871.083333333332;69;0;29871.5
2026-07-03 10:38:00.000;2026-07-03 10:38:59.999;29872;29872;29868.5;29865;29869;29868.666666666668;93;0;29868.75
2026-07-03 10:39:00.000;2026-07-03 10:39:59.999;29869.75;29870.25;29868.125;29866;29867.25;29867.833333333332;39;0;29867.6875
2026-07-03 10:40:00.000;2026-07-03 10:40:59.999;29866.75;29879;29872.875;29866.75;29870.75;29872.166666666668;159;0;29871.8125
2026-07-03 10:41:00.000;2026-07-03 10:41:59.999;29868.5;29871;29869.125;29867.25;29871;29869.75;39;0;29870.0625
2026-07-03 10:42:00.000;2026-07-03 10:42:59.999;29870.5;29874.25;29870.625;29867;29874;29871.75;57;0;29872.3125
2026-07-03 10:43:00.000;2026-07-03 10:43:59.999;29874.75;29882.5;29878.5;29874.5;29881.5;29879.5;35;0;29880
2026-07-03 10:44:00.000;2026-07-03 10:44:59.999;29882;29892.5;29887;29881.5;29892.5;29888.833333333332;362;0;29889.75
2026-07-03 10:45:00.000;2026-07-03 10:45:59.999;29893.25;29894.5;29892.75;29891;29891.75;29892.416666666668;35;0;29892.25
2026-07-03 10:46:00.000;2026-07-03 10:46:59.999;29892;29892;29890.125;29888.25;29888.75;29889.666666666668;25;0;29889.4375
2026-07-03 10:47:00.000;2026-07-03 10:47:59.999;29888.25;29888.25;29883.625;29879;29880.25;29882.5;49;0;29881.9375
2026-07-03 10:48:00.000;2026-07-03 10:48:59.999;29881.5;29883.25;29882.125;29881;29883.25;29882.5;8;0;29882.6875
2026-07-03 10:49:00.000;2026-07-03 10:49:59.999;29883;29885.5;29883.25;29881;29885.5;29884;34;0;29884.375
2026-07-03 10:50:00.000;2026-07-03 10:50:59.999;29885;29887;29885.25;29883.5;29883.5;29884.666666666668;14;0;29884.375
2026-07-03 10:51:00.000;2026-07-03 10:51:59.999;29883.5;29887.25;29885.375;29883.5;29887;29885.916666666668;13;0;29886.1875
2026-07-03 10:52:00.000;2026-07-03 10:52:59.999;29888;29888;29886;29884;29885.75;29885.916666666668;24;0;29885.875
2026-07-03 10:53:00.000;2026-07-03 10:53:59.999;29886.5;29888.5;29886.25;29884;29885.5;29886;19;0;29885.875
2026-07-03 10:54:00.000;2026-07-03 10:54:59.999;29886.5;29888.25;29886.875;29885.5;29885.5;29886.416666666668;16;0;29886.1875
2026-07-03 10:55:00.000;2026-07-03 10:55:59.999;29886.5;29886.75;29885.375;29884;29886.75;29885.833333333332;28;0;29886.0625
2026-07-03 10:56:00.000;2026-07-03 10:56:59.999;29886;29888.5;29887.25;29886;29888;29887.5;10;0;29887.625
2026-07-03 10:57:00.000;2026-07-03 10:57:59.999;29888.25;29889.25;29887.875;29886.5;29887.75;29887.833333333332;17;0;29887.8125
2026-07-03 10:58:00.000;2026-07-03 10:58:59.999;29885.25;29886.25;29883;29879.75;29880.75;29882.25;35;0;29881.875
2026-07-03 10:59:00.000;2026-07-03 10:59:59.999;29883;29883.25;29881.375;29879.5;29879.5;29880.75;37;0;29880.4375
2026-07-03 11:00:00.000;2026-07-03 11:00:59.999;29880.75;29882.75;29875.375;29868;29869.5;29873.416666666668;131;0;29872.4375
2026-07-03 11:01:00.000;2026-07-03 11:01:59.999;29870.5;29874;29871.5;29869;29873.25;29872.083333333332;40;0;29872.375
2026-07-03 11:02:00.000;2026-07-03 11:02:59.999;29872;29875;29873.5;29872;29875;29874;21;0;29874.25
2026-07-03 11:03:00.000;2026-07-03 11:03:59.999;29873.75;29877;29874.875;29872.75;29876.75;29875.5;34;0;29875.8125
2026-07-03 11:04:00.000;2026-07-03 11:04:59.999;29875.25;29879;29877.125;29875.25;29878;29877.416666666668;8;0;29877.5625
2026-07-03 11:05:00.000;2026-07-03 11:05:59.999;29878;29878;29874.375;29870.75;29871.75;29873.5;23;0;29873.0625
2026-07-03 11:06:00.000;2026-07-03 11:06:59.999;29872.25;29878;29875.125;29872.25;29874.75;29875;38;0;29874.9375
2026-07-03 11:07:00.000;2026-07-03 11:07:59.999;29873.25;29874.5;29873.875;29873.25;29874;29873.916666666668;12;0;29873.9375
2026-07-03 11:08:00.000;2026-07-03 11:08:59.999;29871.75;29876;29873.625;29871.25;29873.25;29873.5;8;0;29873.4375
2026-07-03 11:09:00.000;2026-07-03 11:09:59.999;29874.25;29876.25;29874.375;29872.5;29876.25;29875;8;0;29875.3125
2026-07-03 11:10:00.000;2026-07-03 11:10:59.999;29877.25;29877.25;29876;29874.75;29875;29875.666666666668;4;0;29875.5
2026-07-03 11:11:00.000;2026-07-03 11:11:59.999;29873.25;29880.25;29876.5;29872.75;29877;29876.666666666668;56;0;29876.75
2026-07-03 11:12:00.000;2026-07-03 11:12:59.999;29877.75;29883;29880;29877;29883;29881;35;0;29881.5
2026-07-03 11:13:00.000;2026-07-03 11:13:59.999;29882.5;29889;29885.75;29882.5;29889;29886.833333333332;25;0;29887.375
2026-07-03 11:14:00.000;2026-07-03 11:14:59.999;29888.75;29890.75;29887.75;29884.75;29886;29887.166666666668;35;0;29886.875
2026-07-03 11:15:00.000;2026-07-03 11:15:59.999;29888;29889;29885.375;29881.75;29884;29884.916666666668;34;0;29884.6875
2026-07-03 11:16:00.000;2026-07-03 11:16:59.999;29884;29888;29885.875;29883.75;29885.75;29885.833333333332;41;0;29885.8125
2026-07-03 11:17:00.000;2026-07-03 11:17:59.999;29886.25;29889.5;29887.875;29886.25;29889.5;29888.416666666668;9;0;29888.6875
2026-07-03 11:18:00.000;2026-07-03 11:18:59.999;29888.5;29888.5;29885;29881.5;29883.5;29884.5;28;0;29884.25
2026-07-03 11:19:00.000;2026-07-03 11:19:59.999;29882.75;29885;29882.25;29879.5;29880;29881.5;11;0;29881.125
2026-07-03 11:20:00.000;2026-07-03 11:20:59.999;29881.75;29884.25;29882.5;29880.75;29880.75;29881.916666666668;8;0;29881.625
2026-07-03 11:21:00.000;2026-07-03 11:21:59.999;29881;29883.75;29882.25;29880.75;29882.25;29882.25;12;0;29882.25
2026-07-03 11:22:00.000;2026-07-03 11:22:59.999;29882;29882;29881.5;29881;29881;29881.333333333332;4;0;29881.25
2026-07-03 11:23:00.000;2026-07-03 11:23:59.999;29882.25;29884;29882.625;29881.25;29881.75;29882.333333333332;11;0;29882.1875
2026-07-03 11:24:00.000;2026-07-03 11:24:59.999;29882.75;29885;29883.5;29882;29882.5;29883.166666666668;10;0;29883
2026-07-03 11:25:00.000;2026-07-03 11:25:59.999;29881.5;29883.5;29880.625;29877.75;29883.5;29881.583333333332;25;0;29882.0625
2026-07-03 11:26:00.000;2026-07-03 11:26:59.999;29878.75;29879.25;29878.125;29877;29878.25;29878.166666666668;21;0;29878.1875
2026-07-03 11:27:00.000;2026-07-03 11:27:59.999;29876.5;29877;29873.5;29870;29873.75;29873.583333333332;65;0;29873.625
2026-07-03 11:28:00.000;2026-07-03 11:28:59.999;29873;29875.25;29871.625;29868;29869.5;29870.916666666668;49;0;29870.5625
2026-07-03 11:29:00.000;2026-07-03 11:29:59.999;29868;29874.5;29870.625;29866.75;29873.25;29871.5;73;0;29871.9375
2026-07-03 11:30:00.000;2026-07-03 11:30:59.999;29873.5;29876.75;29874.375;29872;29873.75;29874.166666666668;71;0;29874.0625
2026-07-03 11:31:00.000;2026-07-03 11:31:59.999;29872.75;29876.5;29874.25;29872;29873.25;29873.916666666668;37;0;29873.75
2026-07-03 11:32:00.000;2026-07-03 11:32:59.999;29873.75;29882.25;29877.875;29873.5;29882;29879.25;43;0;29879.9375
2026-07-03 11:33:00.000;2026-07-03 11:33:59.999;29883.25;29889.25;29886.25;29883.25;29887.5;29886.666666666668;96;0;29886.875
2026-07-03 11:34:00.000;2026-07-03 11:34:59.999;29888;29890;29887.75;29885.5;29887.25;29887.583333333332;40;0;29887.5
2026-07-03 11:35:00.000;2026-07-03 11:35:59.999;29887.5;29888.75;29885.875;29883;29884.25;29885.333333333332;33;0;29885.0625
2026-07-03 11:36:00.000;2026-07-03 11:36:59.999;29888;29889.5;29887.25;29885;29888.25;29887.583333333332;31;0;29887.75
2026-07-03 11:37:00.000;2026-07-03 11:37:59.999;29887.25;29887.25;29885.875;29884.5;29884.5;29885.416666666668;13;0;29885.1875
2026-07-03 11:38:00.000;2026-07-03 11:38:59.999;29884.75;29885;29883.875;29882.75;29883;29883.583333333332;19;0;29883.4375
2026-07-03 11:39:00.000;2026-07-03 11:39:59.999;29882;29884.25;29881.875;29879.5;29879.5;29881.083333333332;12;0;29880.6875
2026-07-03 11:40:00.000;2026-07-03 11:40:59.999;29880.5;29881.75;29880.5;29879.25;29881.5;29880.833333333332;15;0;29881
2026-07-03 11:41:00.000;2026-07-03 11:41:59.999;29883.5;29886.5;29884.625;29882.75;29884.75;29884.666666666668;26;0;29884.6875
2026-07-03 11:42:00.000;2026-07-03 11:42:59.999;29883;29883;29879.375;29875.75;29877.25;29878.666666666668;66;0;29878.3125
2026-07-03 11:43:00.000;2026-07-03 11:43:59.999;29877.75;29878.25;29877.125;29876;29877.25;29877.166666666668;20;0;29877.1875
2026-07-03 11:44:00.000;2026-07-03 11:44:59.999;29877.5;29879.5;29874.75;29870;29875.5;29875;82;0;29875.125
2026-07-03 11:45:00.000;2026-07-03 11:45:59.999;29874.75;29878.75;29876.75;29874.75;29875.5;29876.333333333332;64;0;29876.125
2026-07-03 11:46:00.000;2026-07-03 11:46:59.999;29875.25;29878;29876.625;29875.25;29877.5;29876.916666666668;31;0;29877.0625
2026-07-03 11:47:00.000;2026-07-03 11:47:59.999;29878.75;29884;29881.375;29878.75;29880;29880.916666666668;58;0;29880.6875
2026-07-03 11:48:00.000;2026-07-03 11:48:59.999;29880.75;29881;29878.5;29876;29876;29877.666666666668;15;0;29877.25
2026-07-03 11:49:00.000;2026-07-03 11:49:59.999;29877;29880.25;29878.125;29876;29878.75;29878.333333333332;18;0;29878.4375
2026-07-03 11:50:00.000;2026-07-03 11:50:59.999;29877.75;29883.25;29879.875;29876.5;29883.25;29881;18;0;29881.5625
2026-07-03 11:51:00.000;2026-07-03 11:51:59.999;29883;29885;29883.75;29882.5;29883;29883.5;24;0;29883.375
2026-07-03 11:52:00.000;2026-07-03 11:52:59.999;29883.25;29885.5;29883.875;29882.25;29884.5;29884.083333333332;21;0;29884.1875
2026-07-03 11:53:00.000;2026-07-03 11:53:59.999;29884;29886;29885;29884;29884.25;29884.75;8;0;29884.625
2026-07-03 11:54:00.000;2026-07-03 11:54:59.999;29886.25;29895;29890.625;29886.25;29894;29891.75;122;0;29892.3125
2026-07-03 11:55:00.000;2026-07-03 11:55:59.999;29895;29904.25;29898.5;29892.75;29903;29900;166;0;29900.75
2026-07-03 11:56:00.000;2026-07-03 11:56:59.999;29903.5;29908;29904.875;29901.75;29902;29903.916666666668;104;0;29903.4375
2026-07-03 11:57:00.000;2026-07-03 11:57:59.999;29903.25;29903.75;29899.75;29895.75;29897.25;29898.916666666668;61;0;29898.5
2026-07-03 11:58:00.000;2026-07-03 11:58:59.999;29897.25;29898.5;29895;29891.5;29891.5;29893.833333333332;74;0;29893.25
2026-07-03 11:59:00.000;2026-07-03 11:59:59.999;29893.75;29903.25;29898.375;29893.5;29903.25;29900;61;0;29900.8125
2026-07-03 12:00:00.000;2026-07-03 12:00:59.999;29902.75;29920;29911.375;29902.75;29914.75;29912.5;308;0;29913.0625
2026-07-03 12:01:00.000;2026-07-03 12:01:59.999;29915.5;29918;29916.25;29914.5;29917;29916.5;50;0;29916.625
2026-07-03 12:02:00.000;2026-07-03 12:02:59.999;29918.25;29918.25;29915.25;29912.25;29914.75;29915.083333333332;42;0;29915
2026-07-03 12:03:00.000;2026-07-03 12:03:59.999;29916.5;29917.75;29913.375;29909;29912.25;29913;66;0;29912.8125
2026-07-03 12:04:00.000;2026-07-03 12:04:59.999;29914.25;29916.5;29912.625;29908.75;29910.5;29911.916666666668;139;0;29911.5625
2026-07-03 12:05:00.000;2026-07-03 12:05:59.999;29910.75;29915.5;29911.875;29908.25;29909.25;29911;42;0;29910.5625
2026-07-03 12:06:00.000;2026-07-03 12:06:59.999;29910;29919.75;29914;29908.25;29919.25;29915.75;160;0;29916.625
2026-07-03 12:07:00.000;2026-07-03 12:07:59.999;29919.5;29924.25;29918.375;29912.5;29914;29916.916666666668;132;0;29916.1875
2026-07-03 12:08:00.000;2026-07-03 12:08:59.999;29913.5;29915.75;29913.75;29911.75;29915.25;29914.25;48;0;29914.5
2026-07-03 12:09:00.000;2026-07-03 12:09:59.999;29914.5;29917;29911.75;29906.5;29910;29911.166666666668;84;0;29910.875
2026-07-03 12:10:00.000;2026-07-03 12:10:59.999;29910.5;29910.5;29908.5;29906.5;29909;29908.666666666668;59;0;29908.75
2026-07-03 12:11:00.000;2026-07-03 12:11:59.999;29906.75;29907.25;29903.5;29899.75;29899.75;29902.25;104;0;29901.625
2026-07-03 12:12:00.000;2026-07-03 12:12:59.999;29899.5;29902.25;29892;29881.75;29881.75;29888.583333333332;272;0;29886.875
2026-07-03 12:13:00.000;2026-07-03 12:13:59.999;29881.75;29897;29889;29881;29891.25;29889.75;182;0;29890.125
2026-07-03 12:14:00.000;2026-07-03 12:14:59.999;29891.5;29892.5;29889.125;29885.75;29887.25;29888.5;85;0;29888.1875
2026-07-03 12:15:00.000;2026-07-03 12:15:59.999;29885;29890.25;29886.25;29882.25;29886.25;29886.25;84;0;29886.25
2026-07-03 12:16:00.000;2026-07-03 12:16:59.999;29887.75;29893;29890.375;29887.75;29892.5;29891.083333333332;54;0;29891.4375
2026-07-03 12:17:00.000;2026-07-03 12:17:59.999;29893;29895.5;29893.125;29890.75;29895.5;29893.916666666668;34;0;29894.3125
2026-07-03 12:18:00.000;2026-07-03 12:18:59.999;29895.75;29896;29890.5;29885;29885.5;29888.833333333332;24;0;29888
2026-07-03 12:19:00.000;2026-07-03 12:19:59.999;29886.5;29886.5;29881;29875.5;29878.25;29880.083333333332;54;0;29879.625
2026-07-03 12:20:00.000;2026-07-03 12:20:59.999;29877.5;29883.25;29879.875;29876.5;29879.25;29879.666666666668;46;0;29879.5625
2026-07-03 12:21:00.000;2026-07-03 12:21:59.999;29877.75;29881.5;29879.625;29877.75;29880.5;29879.916666666668;21;0;29880.0625
2026-07-03 12:22:00.000;2026-07-03 12:22:59.999;29881.75;29882.25;29881;29879.75;29881;29881;10;0;29881
2026-07-03 12:23:00.000;2026-07-03 12:23:59.999;29881.75;29885.75;29883.375;29881;29883.75;29883.5;22;0;29883.5625
2026-07-03 12:24:00.000;2026-07-03 12:24:59.999;29882.25;29884.5;29882.875;29881.25;29882.25;29882.666666666668;21;0;29882.5625
2026-07-03 12:25:00.000;2026-07-03 12:25:59.999;29883.5;29886.5;29883.875;29881.25;29883.75;29883.833333333332;20;0;29883.8125
2026-07-03 12:26:00.000;2026-07-03 12:26:59.999;29883.75;29885;29882.875;29880.75;29881.25;29882.333333333332;24;0;29882.0625
2026-07-03 12:27:00.000;2026-07-03 12:27:59.999;29883;29883.75;29880.75;29877.75;29883.75;29881.75;22;0;29882.25
2026-07-03 12:28:00.000;2026-07-03 12:28:59.999;29884.5;29885.75;29884.625;29883.5;29884.25;29884.5;13;0;29884.4375
2026-07-03 12:29:00.000;2026-07-03 12:29:59.999;29883.25;29885.5;29884.125;29882.75;29885.5;29884.583333333332;5;0;29884.8125
2026-07-03 12:30:00.000;2026-07-03 12:30:59.999;29885.25;29888;29886.25;29884.5;29884.5;29885.666666666668;15;0;29885.375
2026-07-03 12:31:00.000;2026-07-03 12:31:59.999;29886;29888.5;29885.625;29882.75;29883.75;29885;58;0;29884.6875
2026-07-03 12:32:00.000;2026-07-03 12:32:59.999;29885.5;29890;29886.875;29883.75;29885.25;29886.333333333332;31;0;29886.0625
2026-07-03 12:33:00.000;2026-07-03 12:33:59.999;29883.75;29890;29885;29880;29890;29886.666666666668;55;0;29887.5
2026-07-03 12:34:00.000;2026-07-03 12:34:59.999;29890;29890;29888.125;29886.25;29886.75;29887.666666666668;13;0;29887.4375
2026-07-03 12:35:00.000;2026-07-03 12:35:59.999;29885;29885.5;29881.625;29877.75;29883.25;29882.166666666668;59;0;29882.4375
2026-07-03 12:36:00.000;2026-07-03 12:36:59.999;29884.5;29891.25;29887.875;29884.5;29888.75;29888.166666666668;41;0;29888.3125
2026-07-03 12:37:00.000;2026-07-03 12:37:59.999;29888;29893.5;29890.625;29887.75;29893.5;29891.583333333332;27;0;29892.0625
2026-07-03 12:38:00.000;2026-07-03 12:38:59.999;29894;29894;29891.125;29888.25;29888.5;29890.25;34;0;29889.8125
2026-07-03 12:39:00.000;2026-07-03 12:39:59.999;29888.75;29892.5;29889.5;29886.5;29892.5;29890.5;32;0;29891
2026-07-03 12:40:00.000;2026-07-03 12:40:59.999;29891.25;29894.5;29891.875;29889.25;29889.25;29891;19;0;29890.5625
2026-07-03 12:41:00.000;2026-07-03 12:41:59.999;29890.5;29890.5;29887.75;29885;29890.5;29888.666666666668;28;0;29889.125
2026-07-03 12:42:00.000;2026-07-03 12:42:59.999;29891.5;29893.5;29892.375;29891.25;29892;29892.25;8;0;29892.1875
2026-07-03 12:43:00.000;2026-07-03 12:43:59.999;29887.75;29887.75;29884.375;29881;29883.25;29884;27;0;29883.8125
2026-07-03 12:44:00.000;2026-07-03 12:44:59.999;29882.75;29884.5;29883.625;29882.75;29884.25;29883.833333333332;4;0;29883.9375
2026-07-03 12:45:00.000;2026-07-03 12:45:59.999;29885;29891;29887.75;29884.5;29890.5;29888.666666666668;23;0;29889.125
2026-07-03 12:46:00.000;2026-07-03 12:46:59.999;29889.25;29890.25;29889.75;29889.25;29890.25;29889.916666666668;3;0;29890
2026-07-03 12:47:00.000;2026-07-03 12:47:59.999;29889.5;29893.5;29891.5;29889.5;29893;29892;15;0;29892.25
2026-07-03 12:48:00.000;2026-07-03 12:48:59.999;29891.75;29896;29893.5;29891;29894.5;29893.833333333332;43;0;29894
2026-07-03 12:49:00.000;2026-07-03 12:49:59.999;29893.5;29897;29894.625;29892.25;29894.75;29894.666666666668;30;0;29894.6875
2026-07-03 12:50:00.000;2026-07-03 12:50:59.999;29894.75;29904.5;29899.5;29894.5;29902.75;29900.583333333332;155;0;29901.125
2026-07-03 12:51:00.000;2026-07-03 12:51:59.999;29903.5;29903.5;29896.875;29890.25;29892.75;29895.5;107;0;29894.8125
2026-07-03 12:52:00.000;2026-07-03 12:52:59.999;29892.5;29893.75;29891.875;29890;29892.5;29892.083333333332;22;0;29892.1875
2026-07-03 12:53:00.000;2026-07-03 12:53:59.999;29894.75;29894.75;29893.125;29891.5;29892.25;29892.833333333332;16;0;29892.6875
2026-07-03 12:54:00.000;2026-07-03 12:54:59.999;29892.75;29897.5;29894.875;29892.25;29897.5;29895.75;36;0;29896.1875
2026-07-03 12:55:00.000;2026-07-03 12:55:59.999;29898.25;29903;29900;29897;29900.75;29900.25;57;0;29900.375
2026-07-03 12:56:00.000;2026-07-03 12:56:59.999;29901.5;29902.25;29901.125;29900;29901;29901.083333333332;26;0;29901.0625
2026-07-03 12:57:00.000;2026-07-03 12:57:59.999;29898.5;29904;29899.75;29895.5;29902.25;29900.583333333332;60;0;29901
2026-07-03 12:58:00.000;2026-07-03 12:58:59.999;29901;29902;29899.875;29897.75;29901;29900.25;35;0;29900.4375
2026-07-03 12:59:00.000;2026-07-03 12:59:59.999;29900.5;29903;29901.5;29900;29903;29902;32;0;29902.25
2026-07-03 13:00:00.000;2026-07-03 13:00:59.999;29902.5;29918;29910;29902;29911.5;29910.5;223;0;29910.75
2026-07-03 13:01:00.000;2026-07-03 13:01:59.999;29911;29918.5;29914.5;29910.5;29913.25;29914.083333333332;123;0;29913.875
2026-07-03 13:02:00.000;2026-07-03 13:02:59.999;29914;29916.75;29914.125;29911.5;29912;29913.416666666668;65;0;29913.0625
2026-07-03 13:03:00.000;2026-07-03 13:03:59.999;29910;29912.5;29908.25;29904;29911.25;29909.25;164;0;29909.75
2026-07-03 13:04:00.000;2026-07-03 13:04:59.999;29912;29917.25;29912.375;29907.5;29909.75;29911.5;117;0;29911.0625
2026-07-03 13:05:00.000;2026-07-03 13:05:59.999;29909.25;29912.5;29901.375;29890.25;29892.5;29898.416666666668;204;0;29896.9375
2026-07-03 13:06:00.000;2026-07-03 13:06:59.999;29891.75;29898.5;29894.5;29890.5;29898.25;29895.75;83;0;29896.375
2026-07-03 13:07:00.000;2026-07-03 13:07:59.999;29898.5;29903;29899.5;29896;29902;29900.333333333332;69;0;29900.75
2026-07-03 13:08:00.000;2026-07-03 13:08:59.999;29901.25;29904.25;29902.375;29900.5;29902;29902.25;24;0;29902.1875
2026-07-03 13:09:00.000;2026-07-03 13:09:59.999;29901.75;29902.75;29900.375;29898;29900;29900.25;32;0;29900.1875
2026-07-03 13:10:00.000;2026-07-03 13:10:59.999;29901.5;29907.75;29904.625;29901.5;29903.25;29904.166666666668;30;0;29903.9375
2026-07-03 13:11:00.000;2026-07-03 13:11:59.999;29903.25;29903.25;29897.625;29892;29894.5;29896.583333333332;55;0;29896.0625
2026-07-03 13:12:00.000;2026-07-03 13:12:59.999;29893;29894.25;29892.125;29890;29893;29892.416666666668;59;0;29892.5625
2026-07-03 13:13:00.000;2026-07-03 13:13:59.999;29892.75;29892.75;29890.125;29887.5;29892;29890.75;81;0;29891.0625
2026-07-03 13:14:00.000;2026-07-03 13:14:59.999;29890.25;29892.5;29889.625;29886.75;29889.25;29889.5;36;0;29889.4375
2026-07-03 13:15:00.000;2026-07-03 13:15:59.999;29890.25;29895;29892.625;29890.25;29892.5;29892.583333333332;51;0;29892.5625
2026-07-03 13:16:00.000;2026-07-03 13:16:59.999;29893;29898.75;29895.625;29892.5;29896;29895.75;60;0;29895.8125
2026-07-03 13:17:00.000;2026-07-03 13:17:59.999;29896.25;29904.5;29899.625;29894.75;29894.75;29898;132;0;29897.1875
2026-07-03 13:18:00.000;2026-07-03 13:18:59.999;29895.5;29898.75;29894.125;29889.5;29891.25;29893.166666666668;114;0;29892.6875
2026-07-03 13:19:00.000;2026-07-03 13:19:59.999;29889.75;29904.75;29896.625;29888.5;29903.25;29898.833333333332;114;0;29899.9375
2026-07-03 13:20:00.000;2026-07-03 13:20:59.999;29904;29924.25;29914;29903.75;29913.5;29913.833333333332;361;0;29913.75
2026-07-03 13:21:00.000;2026-07-03 13:21:59.999;29913.5;29914.75;29910.75;29906.75;29909.75;29910.416666666668;124;0;29910.25
2026-07-03 13:22:00.000;2026-07-03 13:22:59.999;29910.25;29912.75;29910.75;29908.75;29908.75;29910.083333333332;20;0;29909.75
2026-07-03 13:23:00.000;2026-07-03 13:23:59.999;29907.75;29912.25;29907.25;29902.25;29910.25;29908.25;102;0;29908.75
2026-07-03 13:24:00.000;2026-07-03 13:24:59.999;29910.25;29911;29908.625;29906.25;29910.25;29909.166666666668;40;0;29909.4375
2026-07-03 13:25:00.000;2026-07-03 13:25:59.999;29910.75;29911.5;29907.375;29903.25;29906;29906.916666666668;87;0;29906.6875
2026-07-03 13:26:00.000;2026-07-03 13:26:59.999;29906.5;29911.25;29908.375;29905.5;29911;29909.25;50;0;29909.6875
2026-07-03 13:27:00.000;2026-07-03 13:27:59.999;29912.25;29917.75;29915;29912.25;29917.75;29915.916666666668;96;0;29916.375
2026-07-03 13:28:00.000;2026-07-03 13:28:59.999;29916.5;29919.75;29916.875;29914;29917;29916.916666666668;58;0;29916.9375
2026-07-03 13:29:00.000;2026-07-03 13:29:59.999;29915.5;29920.5;29918;29915.5;29920;29918.666666666668;109;0;29919
2026-07-03 13:30:00.000;2026-07-03 13:30:59.999;29921;29948.75;29934.875;29921;29940.75;29936.833333333332;806;0;29937.8125
2026-07-03 13:31:00.000;2026-07-03 13:31:59.999;29941.25;29954.25;29944.375;29934.5;29948.25;29945.666666666668;563;0;29946.3125
2026-07-03 13:32:00.000;2026-07-03 13:32:59.999;29947.25;29952.5;29948.75;29945;29947;29948.166666666668;344;0;29947.875
2026-07-03 13:33:00.000;2026-07-03 13:33:59.999;29948;29955.25;29946.875;29938.5;29950.5;29948.083333333332;500;0;29948.6875
2026-07-03 13:34:00.000;2026-07-03 13:34:59.999;29951.5;29952.5;29939.375;29926.25;29930;29936.25;574;0;29934.6875
2026-07-03 13:35:00.000;2026-07-03 13:35:59.999;29930.25;29938.75;29934.5;29930.25;29935.75;29934.916666666668;255;0;29935.125
2026-07-03 13:36:00.000;2026-07-03 13:36:59.999;29934.75;29935.75;29931.25;29926.75;29929;29930.5;133;0;29930.125
2026-07-03 13:37:00.000;2026-07-03 13:37:59.999;29928;29929.75;29925.875;29922;29922.75;29924.833333333332;256;0;29924.3125
2026-07-03 13:38:00.000;2026-07-03 13:38:59.999;29923.25;29923.5;29915.75;29908;29909.5;29913.666666666668;363;0;29912.625
2026-07-03 13:39:00.000;2026-07-03 13:39:59.999;29909.25;29914.5;29909;29903.5;29913.5;29910.5;345;0;29911.25
2026-07-03 13:40:00.000;2026-07-03 13:40:59.999;29913.25;29925;29918.75;29912.5;29922.25;29919.916666666668;286;0;29920.5
2026-07-03 13:41:00.000;2026-07-03 13:41:59.999;29923.25;29924.75;29920.875;29917;29917.25;29919.666666666668;134;0;29919.0625
2026-07-03 13:42:00.000;2026-07-03 13:42:59.999;29917.75;29940.75;29926.5;29912.25;29932.5;29928.5;397;0;29929.5
2026-07-03 13:43:00.000;2026-07-03 13:43:59.999;29932.25;29938.5;29934;29929.5;29934.25;29934.083333333332;146;0;29934.125
2026-07-03 13:44:00.000;2026-07-03 13:44:59.999;29934;29935.75;29931.125;29926.5;29929;29930.416666666668;139;0;29930.0625
2026-07-03 13:45:00.000;2026-07-03 13:45:59.999;29930.5;29944;29937;29930;29938;29937.333333333332;313;0;29937.5
2026-07-03 13:46:00.000;2026-07-03 13:46:59.999;29939;29942;29939.875;29937.75;29938.5;29939.416666666668;150;0;29939.1875
2026-07-03 13:47:00.000;2026-07-03 13:47:59.999;29937.5;29939;29932.125;29925.25;29929;29931.083333333332;165;0;29930.5625
2026-07-03 13:48:00.000;2026-07-03 13:48:59.999;29928.5;29933;29923.875;29914.75;29920;29922.583333333332;245;0;29921.9375
2026-07-03 13:49:00.000;2026-07-03 13:49:59.999;29920;29921.25;29917.5;29913.75;29919.25;29918.083333333332;191;0;29918.375
2026-07-03 13:50:00.000;2026-07-03 13:50:59.999;29919.75;29925;29920.75;29916.5;29919.75;29920.416666666668;106;0;29920.25
2026-07-03 13:51:00.000;2026-07-03 13:51:59.999;29919.25;29934.75;29927;29919.25;29931;29928.333333333332;226;0;29929
2026-07-03 13:52:00.000;2026-07-03 13:52:59.999;29934.25;29934.25;29928.625;29923;29924.5;29927.25;87;0;29926.5625
2026-07-03 13:53:00.000;2026-07-03 13:53:59.999;29923.5;29928.5;29925.75;29923;29927.75;29926.416666666668;58;0;29926.75
2026-07-03 13:54:00.000;2026-07-03 13:54:59.999;29928.5;29929;29921.375;29913.75;29920;29920.916666666668;139;0;29920.6875
2026-07-03 13:55:00.000;2026-07-03 13:55:59.999;29920;29923.5;29920;29916.5;29919.75;29919.916666666668;95;0;29919.875
2026-07-03 13:56:00.000;2026-07-03 13:56:59.999;29920.75;29932;29926.375;29920.75;29928;29926.916666666668;155;0;29927.1875
2026-07-03 13:57:00.000;2026-07-03 13:57:59.999;29927.25;29936;29931.5;29927;29933;29932;106;0;29932.25
2026-07-03 13:58:00.000;2026-07-03 13:58:59.999;29933.5;29934.5;29931.125;29927.75;29932.75;29931.666666666668;107;0;29931.9375
2026-07-03 13:59:00.000;2026-07-03 13:59:59.999;29934;29940;29936;29932;29940;29937.333333333332;148;0;29938
2026-07-03 14:00:00.000;2026-07-03 14:00:59.999;29940;29945;29940.5;29936;29942;29941;174;0;29941.25
2026-07-03 14:01:00.000;2026-07-03 14:01:59.999;29942;29946.25;29940.25;29934.25;29937.5;29939.333333333332;260;0;29938.875
2026-07-03 14:02:00.000;2026-07-03 14:02:59.999;29938.5;29940;29936.75;29933.5;29935.25;29936.25;90;0;29936
2026-07-03 14:03:00.000;2026-07-03 14:03:59.999;29935;29935.5;29930.625;29925.75;29928.25;29929.833333333332;148;0;29929.4375
2026-07-03 14:04:00.000;2026-07-03 14:04:59.999;29928;29933;29929.125;29925.25;29930.5;29929.583333333332;52;0;29929.8125
2026-07-03 14:05:00.000;2026-07-03 14:05:59.999;29932;29935.75;29931.375;29927;29933.75;29932.166666666668;161;0;29932.5625
2026-07-03 14:06:00.000;2026-07-03 14:06:59.999;29932.75;29932.75;29927.375;29922;29923.5;29926.083333333332;100;0;29925.4375
2026-07-03 14:07:00.000;2026-07-03 14:07:59.999;29923.5;29924.25;29920.5;29916.75;29917.5;29919.5;137;0;29919
2026-07-03 14:08:00.000;2026-07-03 14:08:59.999;29918.25;29921.25;29917.125;29913;29915.75;29916.666666666668;198;0;29916.4375
2026-07-03 14:09:00.000;2026-07-03 14:09:59.999;29916.75;29919;29915;29911;29917;29915.666666666668;138;0;29916
2026-07-03 14:10:00.000;2026-07-03 14:10:59.999;29917.75;29917.75;29914.125;29910.5;29911.5;29913.25;102;0;29912.8125
2026-07-03 14:11:00.000;2026-07-03 14:11:59.999;29910.75;29911.25;29908.5;29905.75;29908.5;29908.5;182;0;29908.5
2026-07-03 14:12:00.000;2026-07-03 14:12:59.999;29907.25;29913;29906.875;29900.75;29903;29905.583333333332;229;0;29904.9375
2026-07-03 14:13:00.000;2026-07-03 14:13:59.999;29903.75;29906;29903.125;29900.25;29903.25;29903.166666666668;114;0;29903.1875
2026-07-03 14:14:00.000;2026-07-03 14:14:59.999;29902.75;29905.75;29902.125;29898.5;29901;29901.75;192;0;29901.5625
2026-07-03 14:15:00.000;2026-07-03 14:15:59.999;29901.25;29907;29901.125;29895.25;29900;29900.75;186;0;29900.5625
2026-07-03 14:16:00.000;2026-07-03 14:16:59.999;29901.5;29916.25;29908;29899.75;29914.5;29910.166666666668;233;0;29911.25
2026-07-03 14:17:00.000;2026-07-03 14:17:59.999;29913.5;29924.25;29918.75;29913.25;29921.25;29919.583333333332;235;0;29920
2026-07-03 14:18:00.000;2026-07-03 14:18:59.999;29921.25;29922.5;29916.25;29910;29911;29914.5;148;0;29913.625
2026-07-03 14:19:00.000;2026-07-03 14:19:59.999;29910.25;29910.25;29905.75;29901.25;29905;29905.5;193;0;29905.375
2026-07-03 14:20:00.000;2026-07-03 14:20:59.999;29905.75;29910;29904.5;29899;29901.25;29903.416666666668;140;0;29902.875
2026-07-03 14:21:00.000;2026-07-03 14:21:59.999;29902;29904.75;29896.625;29888.5;29895.5;29896.25;343;0;29896.0625
2026-07-03 14:22:00.000;2026-07-03 14:22:59.999;29895.25;29916;29904.875;29893.75;29914;29907.916666666668;346;0;29909.4375
2026-07-03 14:23:00.000;2026-07-03 14:23:59.999;29915;29920.5;29914.875;29909.25;29909.75;29913.166666666668;150;0;29912.3125
2026-07-03 14:24:00.000;2026-07-03 14:24:59.999;29911;29920;29914.625;29909.25;29914;29914.416666666668;109;0;29914.3125
2026-07-03 14:25:00.000;2026-07-03 14:25:59.999;29914.5;29920.75;29917.625;29914.5;29920.75;29918.666666666668;56;0;29919.1875
2026-07-03 14:26:00.000;2026-07-03 14:26:59.999;29920.75;29922.75;29919.875;29917;29917.25;29919;65;0;29918.5625
2026-07-03 14:27:00.000;2026-07-03 14:27:59.999;29917.5;29920.25;29915.25;29910.25;29911.75;29914.083333333332;113;0;29913.5
2026-07-03 14:28:00.000;2026-07-03 14:28:59.999;29912.75;29913;29910.5;29908;29910.5;29910.5;94;0;29910.5
2026-07-03 14:29:00.000;2026-07-03 14:29:59.999;29910.75;29913.5;29910;29906.5;29907.5;29909.166666666668;139;0;29908.75
2026-07-03 14:30:00.000;2026-07-03 14:30:59.999;29907.75;29911.75;29905.625;29899.5;29906.5;29905.916666666668;323;0;29906.0625
2026-07-03 14:31:00.000;2026-07-03 14:31:59.999;29908.25;29913;29909.625;29906.25;29908.75;29909.333333333332;66;0;29909.1875
2026-07-03 14:32:00.000;2026-07-03 14:32:59.999;29910;29910.25;29907.625;29905;29908;29907.75;57;0;29907.8125
2026-07-03 14:33:00.000;2026-07-03 14:33:59.999;29908.5;29912.25;29908.625;29905;29911;29909.416666666668;142;0;29909.8125
2026-07-03 14:34:00.000;2026-07-03 14:34:59.999;29910.5;29914.25;29909.875;29905.5;29907.5;29909.083333333332;62;0;29908.6875
2026-07-03 14:35:00.000;2026-07-03 14:35:59.999;29905.75;29909.5;29905.375;29901.25;29907;29905.916666666668;87;0;29906.1875
2026-07-03 14:36:00.000;2026-07-03 14:36:59.999;29908;29910;29908.75;29907.5;29907.5;29908.333333333332;38;0;29908.125
2026-07-03 14:37:00.000;2026-07-03 14:37:59.999;29909.75;29909.75;29905.625;29901.5;29902;29904.416666666668;62;0;29903.8125
2026-07-03 14:38:00.000;2026-07-03 14:38:59.999;29902.5;29905.25;29902.5;29899.75;29903.25;29902.75;64;0;29902.875
2026-07-03 14:39:00.000;2026-07-03 14:39:59.999;29904;29906.5;29903.75;29901;29906;29904.5;34;0;29904.875
2026-07-03 14:40:00.000;2026-07-03 14:40:59.999;29906.25;29913;29909.375;29905.75;29912.25;29910.333333333332;93;0;29910.8125
2026-07-03 14:41:00.000;2026-07-03 14:41:59.999;29913;29913.5;29910.75;29908;29912.25;29911.25;90;0;29911.5
2026-07-03 14:42:00.000;2026-07-03 14:42:59.999;29911;29928;29918.75;29909.5;29922.5;29920;350;0;29920.625
2026-07-03 14:43:00.000;2026-07-03 14:43:59.999;29922.25;29923.75;29916;29908.25;29908.25;29913.416666666668;170;0;29912.125
2026-07-03 14:44:00.000;2026-07-03 14:44:59.999;29906.25;29909.25;29905.375;29901.5;29905.25;29905.333333333332;105;0;29905.3125
2026-07-03 14:45:00.000;2026-07-03 14:45:59.999;29905.5;29909.25;29904.75;29900.25;29908.5;29906;108;0;29906.625
2026-07-03 14:46:00.000;2026-07-03 14:46:59.999;29907.75;29911.75;29909.625;29907.5;29911.5;29910.25;88;0;29910.5625
2026-07-03 14:47:00.000;2026-07-03 14:47:59.999;29908;29920;29913.125;29906.25;29917.5;29914.583333333332;92;0;29915.3125
2026-07-03 14:48:00.000;2026-07-03 14:48:59.999;29917.5;29919.5;29914;29908.5;29912;29913.333333333332;60;0;29913
2026-07-03 14:49:00.000;2026-07-03 14:49:59.999;29911.5;29913;29911.25;29909.5;29912.75;29911.75;32;0;29912
2026-07-03 14:50:00.000;2026-07-03 14:50:59.999;29911;29918.25;29912.875;29907.5;29916.25;29914;89;0;29914.5625
2026-07-03 14:51:00.000;2026-07-03 14:51:59.999;29917.25;29921;29915.875;29910.75;29913.75;29915.166666666668;138;0;29914.8125
2026-07-03 14:52:00.000;2026-07-03 14:52:59.999;29912.5;29923.5;29917.5;29911.5;29922.5;29919.166666666668;83;0;29920
2026-07-03 14:53:00.000;2026-07-03 14:53:59.999;29922.5;29922.5;29919.625;29916.75;29918;29919.083333333332;60;0;29918.8125
2026-07-03 14:54:00.000;2026-07-03 14:54:59.999;29919.5;29926.25;29921.625;29917;29924.25;29922.5;76;0;29922.9375
2026-07-03 14:55:00.000;2026-07-03 14:55:59.999;29924.5;29929;29923.875;29918.75;29919.75;29922.5;103;0;29921.8125
2026-07-03 14:56:00.000;2026-07-03 14:56:59.999;29919.25;29919.25;29916.625;29914;29918;29917.083333333332;69;0;29917.3125
2026-07-03 14:57:00.000;2026-07-03 14:57:59.999;29918.75;29921.25;29919.5;29917.75;29921;29920;30;0;29920.25
2026-07-03 14:58:00.000;2026-07-03 14:58:59.999;29920.75;29921.75;29920.375;29919;29919.5;29920.083333333332;62;0;29919.9375
2026-07-03 14:59:00.000;2026-07-03 14:59:59.999;29919;29924.25;29921.125;29918;29918.5;29920.25;109;0;29919.8125
2026-07-03 15:00:00.000;2026-07-03 15:00:59.999;29919;29922.5;29916.375;29910.25;29914;29915.583333333332;221;0;29915.1875
2026-07-03 15:01:00.000;2026-07-03 15:01:59.999;29914.25;29915;29913.125;29911.25;29914;29913.416666666668;60;0;29913.5625
2026-07-03 15:02:00.000;2026-07-03 15:02:59.999;29914.25;29915.75;29913.25;29910.75;29914.75;29913.75;67;0;29914
2026-07-03 15:03:00.000;2026-07-03 15:03:59.999;29914.25;29916;29909;29902;29909;29909;215;0;29909
2026-07-03 15:04:00.000;2026-07-03 15:04:59.999;29909;29913.25;29910;29906.75;29908;29909.333333333332;91;0;29909
2026-07-03 15:05:00.000;2026-07-03 15:05:59.999;29908;29911;29908.5;29906;29909.5;29908.833333333332;148;0;29909
2026-07-03 15:06:00.000;2026-07-03 15:06:59.999;29908.25;29910.25;29907.75;29905.25;29908;29907.833333333332;36;0;29907.875
2026-07-03 15:07:00.000;2026-07-03 15:07:59.999;29908.75;29913.25;29910.5;29907.75;29913;29911.333333333332;50;0;29911.75
2026-07-03 15:08:00.000;2026-07-03 15:08:59.999;29912.5;29913;29911.625;29910.25;29911;29911.416666666668;19;0;29911.3125
2026-07-03 15:09:00.000;2026-07-03 15:09:59.999;29910.25;29910.25;29907.5;29904.75;29908;29907.666666666668;101;0;29907.75
2026-07-03 15:10:00.000;2026-07-03 15:10:59.999;29908;29917.5;29912.5;29907.5;29916.25;29913.75;90;0;29914.375
2026-07-03 15:11:00.000;2026-07-03 15:11:59.999;29917;29918.5;29915.625;29912.75;29917.75;29916.333333333332;117;0;29916.6875
2026-07-03 15:12:00.000;2026-07-03 15:12:59.999;29916;29917;29914;29911;29914.25;29914.083333333332;71;0;29914.125
2026-07-03 15:13:00.000;2026-07-03 15:13:59.999;29914.75;29914.75;29911.5;29908.25;29909;29910.666666666668;61;0;29910.25
2026-07-03 15:14:00.000;2026-07-03 15:14:59.999;29909.5;29912.25;29910.75;29909.25;29911.25;29910.916666666668;32;0;29911
2026-07-03 15:15:00.000;2026-07-03 15:15:59.999;29911;29915;29912.625;29910.25;29912;29912.416666666668;37;0;29912.3125
2026-07-03 15:16:00.000;2026-07-03 15:16:59.999;29912.75;29921.5;29917.125;29912.75;29921.5;29918.583333333332;100;0;29919.3125
2026-07-03 15:17:00.000;2026-07-03 15:17:59.999;29920.75;29925;29921.75;29918.5;29919;29920.833333333332;92;0;29920.375
2026-07-03 15:18:00.000;2026-07-03 15:18:59.999;29919.25;29921.5;29918.75;29916;29917.5;29918.333333333332;96;0;29918.125
2026-07-03 15:19:00.000;2026-07-03 15:19:59.999;29917.25;29921;29919.125;29917.25;29921;29919.75;22;0;29920.0625
2026-07-03 15:20:00.000;2026-07-03 15:20:59.999;29921.5;29922.75;29918.375;29914;29915;29917.25;40;0;29916.6875
2026-07-03 15:21:00.000;2026-07-03 15:21:59.999;29914.75;29917.75;29915.625;29913.5;29915.5;29915.583333333332;56;0;29915.5625
2026-07-03 15:22:00.000;2026-07-03 15:22:59.999;29916;29919.75;29915.5;29911.25;29913.5;29914.833333333332;66;0;29914.5
2026-07-03 15:23:00.000;2026-07-03 15:23:59.999;29913.25;29915;29912.875;29910.75;29911.25;29912.333333333332;50;0;29912.0625
2026-07-03 15:24:00.000;2026-07-03 15:24:59.999;29910.25;29910.75;29908.375;29906;29909.75;29908.833333333332;92;0;29909.0625
2026-07-03 15:25:00.000;2026-07-03 15:25:59.999;29910.25;29912;29909;29906;29911.5;29909.833333333332;72;0;29910.25
2026-07-03 15:26:00.000;2026-07-03 15:26:59.999;29912;29912;29907.125;29902.25;29902.25;29905.5;91;0;29904.6875
2026-07-03 15:27:00.000;2026-07-03 15:27:59.999;29902;29903.5;29900.625;29897.75;29901.5;29900.916666666668;122;0;29901.0625
2026-07-03 15:28:00.000;2026-07-03 15:28:59.999;29901;29903.75;29901;29898.25;29901.5;29901.166666666668;64;0;29901.25
2026-07-03 15:29:00.000;2026-07-03 15:29:59.999;29902.5;29904.25;29901.125;29898;29899.25;29900.5;60;0;29900.1875
2026-07-03 15:30:00.000;2026-07-03 15:30:59.999;29900;29901;29893;29885;29890;29892;310;0;29891.5
2026-07-03 15:31:00.000;2026-07-03 15:31:59.999;29892;29896;29891.625;29887.25;29894.75;29892.666666666668;106;0;29893.1875
2026-07-03 15:32:00.000;2026-07-03 15:32:59.999;29896.75;29899.25;29897.125;29895;29895.75;29896.666666666668;87;0;29896.4375
2026-07-03 15:33:00.000;2026-07-03 15:33:59.999;29896;29900.25;29898.125;29896;29897;29897.75;55;0;29897.5625
2026-07-03 15:34:00.000;2026-07-03 15:34:59.999;29897;29897;29894.25;29891.5;29894.25;29894.25;104;0;29894.25
2026-07-03 15:35:00.000;2026-07-03 15:35:59.999;29894.75;29898.75;29894.625;29890.5;29898.25;29895.833333333332;58;0;29896.4375
2026-07-03 15:36:00.000;2026-07-03 15:36:59.999;29898.25;29902.75;29900.5;29898.25;29900.5;29900.5;98;0;29900.5
2026-07-03 15:37:00.000;2026-07-03 15:37:59.999;29901.25;29904.75;29902.125;29899.5;29900;29901.416666666668;85;0;29901.0625
2026-07-03 15:38:00.000;2026-07-03 15:38:59.999;29899;29902;29899.875;29897.75;29900.25;29900;48;0;29900.0625
2026-07-03 15:39:00.000;2026-07-03 15:39:59.999;29899.75;29899.75;29897.25;29894.75;29895.75;29896.75;55;0;29896.5
2026-07-03 15:40:00.000;2026-07-03 15:40:59.999;29893.75;29895;29892.875;29890.75;29894.25;29893.333333333332;79;0;29893.5625
2026-07-03 15:41:00.000;2026-07-03 15:41:59.999;29895;29898.5;29895.75;29893;29893;29894.833333333332;44;0;29894.375
2026-07-03 15:42:00.000;2026-07-03 15:42:59.999;29892.75;29893.25;29890.75;29888.25;29891;29890.833333333332;78;0;29890.875
2026-07-03 15:43:00.000;2026-07-03 15:43:59.999;29890.75;29896.25;29890.375;29884.5;29895.5;29892.083333333332;183;0;29892.9375
2026-07-03 15:44:00.000;2026-07-03 15:44:59.999;29896.25;29897.25;29895;29892.75;29895;29895;49;0;29895
2026-07-03 15:45:00.000;2026-07-03 15:45:59.999;29895.75;29898.5;29895.25;29892;29895.5;29895.333333333332;69;0;29895.375
2026-07-03 15:46:00.000;2026-07-03 15:46:59.999;29893.75;29897.25;29895.5;29893.75;29895.25;29895.416666666668;56;0;29895.375
2026-07-03 15:47:00.000;2026-07-03 15:47:59.999;29896;29907.75;29901.875;29896;29906.75;29903.5;196;0;29904.3125
2026-07-03 15:48:00.000;2026-07-03 15:48:59.999;29907.5;29912;29909;29906;29908.5;29908.833333333332;136;0;29908.75
2026-07-03 15:49:00.000;2026-07-03 15:49:59.999;29908.75;29911.75;29910;29908.25;29908.25;29909.416666666668;33;0;29909.125
2026-07-03 15:50:00.000;2026-07-03 15:50:59.999;29908.25;29908.75;29907;29905.25;29908.25;29907.416666666668;65;0;29907.625
2026-07-03 15:51:00.000;2026-07-03 15:51:59.999;29909;29911.75;29909.25;29906.75;29911.75;29910.083333333332;39;0;29910.5
2026-07-03 15:52:00.000;2026-07-03 15:52:59.999;29910.5;29913;29910.875;29908.75;29908.75;29910.166666666668;33;0;29909.8125
2026-07-03 15:53:00.000;2026-07-03 15:53:59.999;29909;29909.75;29906.875;29904;29908.25;29907.333333333332;56;0;29907.5625
2026-07-03 15:54:00.000;2026-07-03 15:54:59.999;29907.5;29912.25;29909.875;29907.5;29910.5;29910.083333333332;36;0;29910.1875
2026-07-03 15:55:00.000;2026-07-03 15:55:59.999;29910.5;29911.25;29910;29908.75;29910.5;29910.166666666668;29;0;29910.25
2026-07-03 15:56:00.000;2026-07-03 15:56:59.999;29910.5;29911.25;29910.375;29909.5;29911.25;29910.666666666668;20;0;29910.8125
2026-07-03 15:57:00.000;2026-07-03 15:57:59.999;29910.5;29911.25;29908.5;29905.75;29906;29907.666666666668;38;0;29907.25
2026-07-03 15:58:00.000;2026-07-03 15:58:59.999;29905.25;29907.5;29906;29904.5;29905.75;29905.916666666668;33;0;29905.875
2026-07-03 15:59:00.000;2026-07-03 15:59:59.999;29906.5;29907.25;29905.625;29904;29906;29905.75;54;0;29905.8125
2026-07-03 16:00:00.000;2026-07-03 16:00:59.999;29907.25;29907.75;29903.5;29899.25;29901.5;29902.833333333332;108;0;29902.5
2026-07-03 16:01:00.000;2026-07-03 16:01:59.999;29903.25;29906;29903.625;29901.25;29906;29904.416666666668;39;0;29904.8125
2026-07-03 16:02:00.000;2026-07-03 16:02:59.999;29906.25;29906.25;29904;29901.75;29901.75;29903.25;20;0;29902.875
2026-07-03 16:03:00.000;2026-07-03 16:03:59.999;29901.75;29903.75;29902.25;29900.75;29903;29902.5;31;0;29902.625
2026-07-03 16:04:00.000;2026-07-03 16:04:59.999;29902.5;29903;29901.75;29900.5;29900.5;29901.333333333332;28;0;29901.125
2026-07-03 16:05:00.000;2026-07-03 16:05:59.999;29900;29902.75;29900.875;29899;29901.75;29901.166666666668;70;0;29901.3125
2026-07-03 16:06:00.000;2026-07-03 16:06:59.999;29902;29904;29903;29902;29903.5;29903.166666666668;22;0;29903.25
2026-07-03 16:07:00.000;2026-07-03 16:07:59.999;29904;29905;29902.5;29900;29900;29901.666666666668;34;0;29901.25
2026-07-03 16:08:00.000;2026-07-03 16:08:59.999;29900.75;29903.5;29901;29898.5;29900;29900.666666666668;29;0;29900.5
2026-07-03 16:09:00.000;2026-07-03 16:09:59.999;29899.5;29905.5;29902.5;29899.5;29905.25;29903.416666666668;27;0;29903.875
2026-07-03 16:10:00.000;2026-07-03 16:10:59.999;29905;29907.5;29905;29902.5;29902.5;29904.166666666668;46;0;29903.75
2026-07-03 16:11:00.000;2026-07-03 16:11:59.999;29902.5;29902.5;29901;29899.5;29899.5;29900.5;22;0;29900.25
2026-07-03 16:12:00.000;2026-07-03 16:12:59.999;29900.5;29903;29899.5;29896;29902.75;29900.583333333332;70;0;29901.125
2026-07-03 16:13:00.000;2026-07-03 16:13:59.999;29902.25;29903.25;29901.375;29899.5;29900.25;29901;23;0;29900.8125
2026-07-03 16:14:00.000;2026-07-03 16:14:59.999;29898.5;29899;29896.75;29894.5;29894.5;29896;37;0;29895.625
2026-07-03 16:15:00.000;2026-07-03 16:15:59.999;29896.25;29900;29897.875;29895.75;29900;29898.583333333332;44;0;29898.9375
2026-07-03 16:16:00.000;2026-07-03 16:16:59.999;29899.5;29908;29903.375;29898.75;29908;29904.916666666668;56;0;29905.6875
2026-07-03 16:17:00.000;2026-07-03 16:17:59.999;29907;29910.75;29908.625;29906.5;29907;29908.083333333332;73;0;29907.8125
2026-07-03 16:18:00.000;2026-07-03 16:18:59.999;29908.5;29910.5;29908.875;29907.25;29907.25;29908.333333333332;40;0;29908.0625
2026-07-03 16:19:00.000;2026-07-03 16:19:59.999;29906.75;29907.25;29905.25;29903.25;29903.75;29904.75;30;0;29904.5
2026-07-03 16:20:00.000;2026-07-03 16:20:59.999;29904.25;29905;29902.875;29900.75;29905;29903.583333333332;84;0;29903.9375
2026-07-03 16:21:00.000;2026-07-03 16:21:59.999;29907;29915.5;29910.875;29906.25;29906.5;29909.416666666668;108;0;29908.6875
2026-07-03 16:22:00.000;2026-07-03 16:22:59.999;29906;29906;29900.625;29895.25;29897.5;29899.583333333332;138;0;29899.0625
2026-07-03 16:23:00.000;2026-07-03 16:23:59.999;29897.75;29900.5;29898.625;29896.75;29900.5;29899.25;41;0;29899.5625
2026-07-03 16:24:00.000;2026-07-03 16:24:59.999;29900.25;29902.25;29900.75;29899.25;29901;29900.833333333332;40;0;29900.875
2026-07-03 16:25:00.000;2026-07-03 16:25:59.999;29900;29907.25;29903.625;29900;29905.25;29904.166666666668;41;0;29904.4375
2026-07-03 16:26:00.000;2026-07-03 16:26:59.999;29904.75;29904.75;29903.625;29902.5;29903.75;29903.666666666668;11;0;29903.6875
2026-07-03 16:27:00.000;2026-07-03 16:27:59.999;29902.75;29904;29902;29900;29902.5;29902.166666666668;71;0;29902.25
2026-07-03 16:28:00.000;2026-07-03 16:28:59.999;29902.5;29902.5;29901.25;29900;29902;29901.5;36;0;29901.625
2026-07-03 16:29:00.000;2026-07-03 16:29:59.999;29902;29903.25;29901.625;29900;29900.5;29901.25;25;0;29901.0625
2026-07-03 16:30:00.000;2026-07-03 16:30:59.999;29901.5;29903;29900.75;29898.5;29902;29901.166666666668;81;0;29901.375
2026-07-03 16:31:00.000;2026-07-03 16:31:59.999;29902.25;29902.75;29900.625;29898.5;29900;29900.416666666668;65;0;29900.3125
2026-07-03 16:32:00.000;2026-07-03 16:32:59.999;29900;29900;29895.375;29890.75;29896.75;29895.833333333332;156;0;29896.0625
2026-07-03 16:33:00.000;2026-07-03 16:33:59.999;29896.25;29900.75;29898.125;29895.5;29899.75;29898.666666666668;44;0;29898.9375
2026-07-03 16:34:00.000;2026-07-03 16:34:59.999;29898;29904.5;29901.25;29898;29904.5;29902.333333333332;34;0;29902.875
2026-07-03 16:35:00.000;2026-07-03 16:35:59.999;29904;29906.75;29904.625;29902.5;29906.25;29905.166666666668;52;0;29905.4375
2026-07-03 16:36:00.000;2026-07-03 16:36:59.999;29906;29907;29904.125;29901.25;29907;29905.083333333332;44;0;29905.5625
2026-07-03 16:37:00.000;2026-07-03 16:37:59.999;29907.25;29908;29905.75;29903.5;29903.5;29905;22;0;29904.625
2026-07-03 16:38:00.000;2026-07-03 16:38:59.999;29904.25;29908.25;29906.125;29904;29908.25;29906.833333333332;20;0;29907.1875
2026-07-03 16:39:00.000;2026-07-03 16:39:59.999;29907.75;29918;29912.5;29907;29916.75;29913.916666666668;150;0;29914.625
2026-07-03 16:40:00.000;2026-07-03 16:40:59.999;29917.25;29917.25;29914.5;29911.75;29915.5;29914.833333333332;39;0;29915
2026-07-03 16:41:00.000;2026-07-03 16:41:59.999;29916.25;29920.25;29918;29915.75;29918;29918;45;0;29918
2026-07-03 16:42:00.000;2026-07-03 16:42:59.999;29917.75;29918.5;29916.25;29914;29917;29916.5;29;0;29916.625
2026-07-03 16:43:00.000;2026-07-03 16:43:59.999;29917.5;29920.5;29918.25;29916;29919;29918.5;70;0;29918.625
2026-07-03 16:44:00.000;2026-07-03 16:44:59.999;29919.5;29925;29921.25;29917.5;29922;29921.5;86;0;29921.625
2026-07-03 16:45:00.000;2026-07-03 16:45:59.999;29921.5;29923.5;29918.625;29913.75;29919.25;29918.833333333332;130;0;29918.9375
2026-07-03 16:46:00.000;2026-07-03 16:46:59.999;29919.25;29921;29919.125;29917.25;29920;29919.416666666668;40;0;29919.5625
2026-07-03 16:47:00.000;2026-07-03 16:47:59.999;29918.25;29918.75;29913.5;29908.25;29911.75;29912.916666666668;140;0;29912.625
2026-07-03 16:48:00.000;2026-07-03 16:48:59.999;29911.75;29911.75;29907.375;29903;29903;29905.916666666668;94;0;29905.1875
2026-07-03 16:49:00.000;2026-07-03 16:49:59.999;29903.5;29904.25;29902;29899.75;29903.75;29902.583333333332;82;0;29902.875
2026-07-03 16:50:00.000;2026-07-03 16:50:59.999;29901.75;29905.75;29902.75;29899.75;29905.25;29903.583333333332;47;0;29904
2026-07-03 16:51:00.000;2026-07-03 16:51:59.999;29905;29905.75;29901.75;29897.75;29900;29901.166666666668;78;0;29900.875
2026-07-03 16:52:00.000;2026-07-03 16:52:59.999;29899;29902.75;29900.875;29899;29902.5;29901.416666666668;69;0;29901.6875
2026-07-03 16:53:00.000;2026-07-03 16:53:59.999;29902;29905.75;29901.25;29896.75;29903.5;29902;203;0;29902.375
2026-07-03 16:54:00.000;2026-07-03 16:54:59.999;29903.25;29905.25;29904.125;29903;29905;29904.416666666668;29;0;29904.5625
2026-07-03 16:55:00.000;2026-07-03 16:55:59.999;29904.25;29906.75;29902.25;29897.75;29906.75;29903.75;102;0;29904.5
2026-07-03 16:56:00.000;2026-07-03 16:56:59.999;29906.75;29908.75;29906.625;29904.5;29908.75;29907.333333333332;32;0;29907.6875
2026-07-03 16:57:00.000;2026-07-03 16:57:59.999;29908.75;29908.75;29906.125;29903.5;29906.5;29906.25;27;0;29906.3125
2026-07-03 16:58:00.000;2026-07-03 16:58:59.999;29905.5;29906;29904.375;29902.75;29904;29904.25;29;0;29904.1875
2026-07-03 16:59:00.000;2026-07-03 16:59:59.999;29904.75;29912.5;29906.75;29901;29901.75;29905.083333333332;202;0;29904.25
2026-07-05 22:00:00.000;2026-07-05 22:00:59.999;29930.25;29979.5;29942.375;29905.25;29912.5;29932.416666666668;697;0;29927.4375
2026-07-05 22:01:00.000;2026-07-05 22:01:59.999;29913.5;29925.25;29918.125;29911;29919.25;29918.5;234;0;29918.6875
2026-07-05 22:02:00.000;2026-07-05 22:02:59.999;29917;29936.25;29925.625;29915;29932.75;29928;218;0;29929.1875
2026-07-05 22:03:00.000;2026-07-05 22:03:59.999;29930.25;29938.5;29929.375;29920.25;29920.25;29926.333333333332;198;0;29924.8125
2026-07-05 22:04:00.000;2026-07-05 22:04:59.999;29923;29924.25;29900.875;29877.5;29889;29896.916666666668;372;0;29894.9375
2026-07-05 22:05:00.000;2026-07-05 22:05:59.999;29889;29893.5;29877.125;29860.75;29889;29881.083333333332;544;0;29883.0625
2026-07-05 22:06:00.000;2026-07-05 22:06:59.999;29890.75;29897.75;29889.125;29880.5;29886;29888.083333333332;182;0;29887.5625
2026-07-05 22:07:00.000;2026-07-05 22:07:59.999;29884.25;29897;29889.625;29882.25;29896.25;29891.833333333332;97;0;29892.9375
2026-07-05 22:08:00.000;2026-07-05 22:08:59.999;29894.25;29894.25;29878.125;29862;29878;29878.083333333332;270;0;29878.0625
2026-07-05 22:09:00.000;2026-07-05 22:09:59.999;29878;29887;29880.875;29874.75;29879.5;29880.416666666668;104;0;29880.1875
2026-07-05 22:10:00.000;2026-07-05 22:10:59.999;29881.75;29885;29879.75;29874.5;29882.5;29880.666666666668;77;0;29881.125
2026-07-05 22:11:00.000;2026-07-05 22:11:59.999;29882.75;29890.5;29885;29879.5;29888.5;29886.166666666668;110;0;29886.75
2026-07-05 22:12:00.000;2026-07-05 22:12:59.999;29889;29899.5;29891;29882.5;29888;29890;134;0;29889.5
2026-07-05 22:13:00.000;2026-07-05 22:13:59.999;29889.5;29896.75;29891.75;29886.75;29895.5;29893;82;0;29893.625
2026-07-05 22:14:00.000;2026-07-05 22:14:59.999;29895.25;29902;29897.125;29892.25;29901.5;29898.583333333332;87;0;29899.3125
2026-07-05 22:15:00.000;2026-07-05 22:15:59.999;29899.5;29899.5;29897;29894.5;29899.25;29897.75;40;0;29898.125
2026-07-05 22:16:00.000;2026-07-05 22:16:59.999;29897.25;29921;29905.5;29890;29916.5;29909.166666666668;241;0;29911
2026-07-05 22:17:00.000;2026-07-05 22:17:59.999;29914;29918;29912.625;29907.25;29911.5;29912.25;132;0;29912.0625
2026-07-05 22:18:00.000;2026-07-05 22:18:59.999;29909.25;29913;29903;29893;29896;29900.666666666668;190;0;29899.5
2026-07-05 22:19:00.000;2026-07-05 22:19:59.999;29894.25;29909.25;29899.625;29890;29903.25;29900.833333333332;167;0;29901.4375
2026-07-05 22:20:00.000;2026-07-05 22:20:59.999;29905.25;29939;29920.625;29902.25;29929.5;29923.583333333332;330;0;29925.0625
2026-07-05 22:21:00.000;2026-07-05 22:21:59.999;29931;29933.75;29928.125;29922.5;29927.25;29927.833333333332;76;0;29927.6875
2026-07-05 22:22:00.000;2026-07-05 22:22:59.999;29928;29948.75;29938.375;29928;29942;29939.583333333332;243;0;29940.1875
2026-07-05 22:23:00.000;2026-07-05 22:23:59.999;29941.5;29947.25;29936.625;29926;29931.5;29934.916666666668;232;0;29934.0625
2026-07-05 22:24:00.000;2026-07-05 22:24:59.999;29931.5;29943.75;29934.875;29926;29937;29935.583333333332;65;0;29935.9375
2026-07-05 22:25:00.000;2026-07-05 22:25:59.999;29937;29937;29932.125;29927.25;29930.25;29931.5;40;0;29931.1875
2026-07-05 22:26:00.000;2026-07-05 22:26:59.999;29930.25;29932.25;29927.875;29923.5;29924.5;29926.75;45;0;29926.1875
2026-07-05 22:27:00.000;2026-07-05 22:27:59.999;29923;29931;29926.75;29922.5;29924.25;29925.916666666668;60;0;29925.5
2026-07-05 22:28:00.000;2026-07-05 22:28:59.999;29927.5;29943.5;29935.25;29927;29942.25;29937.583333333332;94;0;29938.75
2026-07-05 22:29:00.000;2026-07-05 22:29:59.999;29941.5;29944.25;29939.75;29935.25;29936;29938.5;67;0;29937.875
2026-07-05 22:30:00.000;2026-07-05 22:30:59.999;29936.75;29943.25;29938.625;29934;29938.25;29938.5;42;0;29938.4375
2026-07-05 22:31:00.000;2026-07-05 22:31:59.999;29938.75;29948.75;29943.75;29938.75;29945.25;29944.25;131;0;29944.5
2026-07-05 22:32:00.000;2026-07-05 22:32:59.999;29945;29957.25;29950.125;29943;29956.25;29952.166666666668;191;0;29953.1875
2026-07-05 22:33:00.000;2026-07-05 22:33:59.999;29957.25;29959.25;29954.75;29950.25;29951.5;29953.666666666668;107;0;29953.125
2026-07-05 22:34:00.000;2026-07-05 22:34:59.999;29950;29957;29952.375;29947.75;29952.25;29952.333333333332;59;0;29952.3125
2026-07-05 22:35:00.000;2026-07-05 22:35:59.999;29953.25;29953.25;29949.375;29945.5;29946.5;29948.416666666668;84;0;29947.9375
2026-07-05 22:36:00.000;2026-07-05 22:36:59.999;29946;29971.75;29955.875;29940;29958.25;29956.666666666668;420;0;29957.0625
2026-07-05 22:37:00.000;2026-07-05 22:37:59.999;29959.75;29966.5;29962.625;29958.75;29962.5;29962.583333333332;118;0;29962.5625
2026-07-05 22:38:00.000;2026-07-05 22:38:59.999;29961.75;29967;29963.125;29959.25;29965.25;29963.833333333332;60;0;29964.1875
2026-07-05 22:39:00.000;2026-07-05 22:39:59.999;29964.5;29966;29963.125;29960.25;29963.25;29963.166666666668;92;0;29963.1875
2026-07-05 22:40:00.000;2026-07-05 22:40:59.999;29960.75;29968.5;29963.125;29957.75;29963;29963.083333333332;164;0;29963.0625
2026-07-05 22:41:00.000;2026-07-05 22:41:59.999;29965.5;29968.25;29963.875;29959.5;29965;29964.25;101;0;29964.4375
2026-07-05 22:42:00.000;2026-07-05 22:42:59.999;29966.25;29971;29967.875;29964.75;29966.25;29967.333333333332;96;0;29967.0625
2026-07-05 22:43:00.000;2026-07-05 22:43:59.999;29967.75;29969.5;29963.75;29958;29969.5;29965.666666666668;89;0;29966.625
2026-07-05 22:44:00.000;2026-07-05 22:44:59.999;29968.75;29973.25;29969.375;29965.5;29971;29969.916666666668;76;0;29970.1875
2026-07-05 22:45:00.000;2026-07-05 22:45:59.999;29969.75;29976.25;29972.625;29969;29972.75;29972.666666666668;124;0;29972.6875
2026-07-05 22:46:00.000;2026-07-05 22:46:59.999;29973;29978.5;29975.375;29972.25;29975;29975.25;95;0;29975.1875
2026-07-05 22:47:00.000;2026-07-05 22:47:59.999;29975.5;29979;29976.125;29973.25;29975;29975.75;72;0;29975.5625
2026-07-05 22:48:00.000;2026-07-05 22:48:59.999;29976;29976;29973.125;29970.25;29972.5;29972.916666666668;55;0;29972.8125
2026-07-05 22:49:00.000;2026-07-05 22:49:59.999;29970.75;29975;29968.625;29962.25;29968.5;29968.583333333332;139;0;29968.5625
2026-07-05 22:50:00.000;2026-07-05 22:50:59.999;29968.25;29968.25;29964.25;29960.25;29964.75;29964.416666666668;69;0;29964.5
2026-07-05 22:51:00.000;2026-07-05 22:51:59.999;29963;29967.5;29964.5;29961.5;29963.5;29964.166666666668;38;0;29964
2026-07-05 22:52:00.000;2026-07-05 22:52:59.999;29962;29964.5;29959.25;29954;29957.75;29958.75;198;0;29958.5
2026-07-05 22:53:00.000;2026-07-05 22:53:59.999;29958;29961.5;29958;29954.5;29956.75;29957.583333333332;88;0;29957.375
2026-07-05 22:54:00.000;2026-07-05 22:54:59.999;29957.25;29960.25;29957;29953.75;29958.75;29957.583333333332;94;0;29957.875
2026-07-05 22:55:00.000;2026-07-05 22:55:59.999;29958.75;29962.5;29954.625;29946.75;29952;29953.75;157;0;29953.3125
2026-07-05 22:56:00.000;2026-07-05 22:56:59.999;29951;29953.25;29949.625;29946;29948.5;29949.25;76;0;29949.0625
2026-07-05 22:57:00.000;2026-07-05 22:57:59.999;29949.25;29950.5;29947.375;29944.25;29945;29946.583333333332;78;0;29946.1875
2026-07-05 22:58:00.000;2026-07-05 22:58:59.999;29946;29948.25;29944.875;29941.5;29946;29945.25;59;0;29945.4375
2026-07-05 22:59:00.000;2026-07-05 22:59:59.999;29946;29947.75;29945.625;29943.5;29946;29945.75;46;0;29945.8125
2026-07-05 23:00:00.000;2026-07-05 23:00:59.999;29946.5;29949.25;29941.375;29933.5;29949.25;29944;170;0;29945.3125
2026-07-05 23:01:00.000;2026-07-05 23:01:59.999;29948.25;29955.5;29951.375;29947.25;29953.5;29952.083333333332;159;0;29952.4375
2026-07-05 23:02:00.000;2026-07-05 23:02:59.999;29953.25;29961.25;29956.875;29952.5;29956.75;29956.833333333332;154;0;29956.8125
2026-07-05 23:03:00.000;2026-07-05 23:03:59.999;29957.75;29959.75;29954.5;29949.25;29952;29953.666666666668;95;0;29953.25
2026-07-05 23:04:00.000;2026-07-05 23:04:59.999;29951.25;29952.25;29947.75;29943.25;29951.5;29949;79;0;29949.625
2026-07-05 23:05:00.000;2026-07-05 23:05:59.999;29952.25;29960.25;29955.375;29950.5;29954.25;29955;69;0;29954.8125
2026-07-05 23:06:00.000;2026-07-05 23:06:59.999;29951.25;29951.5;29948.25;29945;29949.25;29948.583333333332;30;0;29948.75
2026-07-05 23:07:00.000;2026-07-05 23:07:59.999;29949.5;29950.25;29948.75;29947.25;29949.75;29949.083333333332;14;0;29949.25
2026-07-05 23:08:00.000;2026-07-05 23:08:59.999;29948.75;29951.25;29949.375;29947.5;29951.25;29950;25;0;29950.3125
2026-07-05 23:09:00.000;2026-07-05 23:09:59.999;29950.25;29954.25;29949.5;29944.75;29946.75;29948.583333333332;84;0;29948.125
2026-07-05 23:10:00.000;2026-07-05 23:10:59.999;29945.75;29945.75;29936.125;29926.5;29931.75;29934.666666666668;244;0;29933.9375
2026-07-05 23:11:00.000;2026-07-05 23:11:59.999;29930.25;29936.5;29933;29929.5;29935;29933.666666666668;64;0;29934
2026-07-05 23:12:00.000;2026-07-05 23:12:59.999;29936.25;29994.5;29965.375;29936.25;29992;29974.25;545;0;29978.6875
2026-07-05 23:13:00.000;2026-07-05 23:13:59.999;29992;30008.25;29995.5;29982.75;29982.75;29991.25;718;0;29989.125
2026-07-05 23:14:00.000;2026-07-05 23:14:59.999;29981;29993.75;29980.875;29968;29990.25;29984;185;0;29985.5625
2026-07-05 23:15:00.000;2026-07-05 23:15:59.999;29988;30002.5;29995;29987.5;29995.75;29995.25;230;0;29995.375
2026-07-05 23:16:00.000;2026-07-05 23:16:59.999;29996;30001;29997.875;29994.75;29994.75;29996.833333333332;67;0;29996.3125
2026-07-05 23:17:00.000;2026-07-05 23:17:59.999;29997.25;30003.75;29998;29992.25;29994.5;29996.833333333332;86;0;29996.25
2026-07-05 23:18:00.000;2026-07-05 23:18:59.999;29994.75;29996.25;29992.125;29988;29989.25;29991.166666666668;86;0;29990.6875
2026-07-05 23:19:00.000;2026-07-05 23:19:59.999;29990.75;29995;29989.875;29984.75;29989.75;29989.833333333332;66;0;29989.8125
2026-07-05 23:20:00.000;2026-07-05 23:20:59.999;29991.75;29991.75;29988.375;29985;29986.25;29987.666666666668;44;0;29987.3125
2026-07-05 23:21:00.000;2026-07-05 23:21:59.999;29987.75;29992;29986.875;29981.75;29988.5;29987.416666666668;55;0;29987.6875
2026-07-05 23:22:00.000;2026-07-05 23:22:59.999;29990.5;29992;29988;29984;29985.25;29987.083333333332;28;0;29986.625
2026-07-05 23:23:00.000;2026-07-05 23:23:59.999;29985.75;29988.5;29985.625;29982.75;29982.75;29984.666666666668;23;0;29984.1875
2026-07-05 23:24:00.000;2026-07-05 23:24:59.999;29984.25;29986;29982.625;29979.25;29980.75;29982;66;0;29981.6875
2026-07-05 23:25:00.000;2026-07-05 23:25:59.999;29981;29983.75;29979.75;29975.75;29977.75;29979.083333333332;48;0;29978.75
2026-07-05 23:26:00.000;2026-07-05 23:26:59.999;29980;29984.5;29981;29977.5;29984.25;29982.083333333332;42;0;29982.625
2026-07-05 23:27:00.000;2026-07-05 23:27:59.999;29984.5;29990;29987.25;29984.5;29988.25;29987.583333333332;55;0;29987.75
2026-07-05 23:28:00.000;2026-07-05 23:28:59.999;29988.5;29995.5;29991.875;29988.25;29993.5;29992.416666666668;109;0;29992.6875
2026-07-05 23:29:00.000;2026-07-05 23:29:59.999;29993.25;29995;29989.375;29983.75;29985.25;29988;83;0;29987.3125
2026-07-05 23:30:00.000;2026-07-05 23:30:59.999;29983.5;29998;29986;29974;29995.5;29989.166666666668;218;0;29990.75
2026-07-05 23:31:00.000;2026-07-05 23:31:59.999;29995.25;30011.25;30002.75;29994.25;30004;30003.166666666668;205;0;30003.375
2026-07-05 23:32:00.000;2026-07-05 23:32:59.999;30004.25;30007.75;30004.875;30002;30005.75;30005.166666666668;73;0;30005.3125
2026-07-05 23:33:00.000;2026-07-05 23:33:59.999;30007.25;30007.25;30004.25;30001.25;30001.5;30003.333333333332;75;0;30002.875
2026-07-05 23:34:00.000;2026-07-05 23:34:59.999;30001.75;30003.75;30001.25;29998.75;30002.75;30001.75;61;0;30002
2026-07-05 23:35:00.000;2026-07-05 23:35:59.999;30002.75;30004;30001.75;29999.5;30001.5;30001.666666666668;27;0;30001.625
2026-07-05 23:36:00.000;2026-07-05 23:36:59.999;30001;30001;29990.5;29980;29985.75;29988.916666666668;227;0;29988.125
2026-07-05 23:37:00.000;2026-07-05 23:37:59.999;29987.25;29988;29985.625;29983.25;29986;29985.75;31;0;29985.8125
2026-07-05 23:38:00.000;2026-07-05 23:38:59.999;29986.75;29988;29986.25;29984.5;29986.25;29986.25;29;0;29986.25
2026-07-05 23:39:00.000;2026-07-05 23:39:59.999;29988.25;29988.5;29983.75;29979;29982.5;29983.333333333332;55;0;29983.125
2026-07-05 23:40:00.000;2026-07-05 23:40:59.999;29984.25;29985;29981.375;29977.75;29981.75;29981.5;39;0;29981.5625
2026-07-05 23:41:00.000;2026-07-05 23:41:59.999;29983.75;29988.25;29983.625;29979;29984.5;29983.916666666668;61;0;29984.0625
2026-07-05 23:42:00.000;2026-07-05 23:42:59.999;29984.5;29984.75;29980.75;29976.75;29979;29980.166666666668;52;0;29979.875
2026-07-05 23:43:00.000;2026-07-05 23:43:59.999;29978.5;29979;29977.125;29975.25;29976.75;29977;43;0;29976.9375
2026-07-05 23:44:00.000;2026-07-05 23:44:59.999;29977.5;29978.25;29974.5;29970.75;29976;29975;162;0;29975.25
2026-07-05 23:45:00.000;2026-07-05 23:45:59.999;29974.5;29975;29969.375;29963.75;29975;29971.25;136;0;29972.1875
2026-07-05 23:46:00.000;2026-07-05 23:46:59.999;29972;29997.25;29984.625;29972;29988.25;29985.833333333332;208;0;29986.4375
2026-07-05 23:47:00.000;2026-07-05 23:47:59.999;29989.25;29992;29986.5;29981;29982.5;29985.166666666668;66;0;29984.5
2026-07-05 23:48:00.000;2026-07-05 23:48:59.999;29983.75;29994.25;29989;29983.75;29992.75;29990.25;107;0;29990.875
2026-07-05 23:49:00.000;2026-07-05 23:49:59.999;29991.25;29995;29991.375;29987.75;29991.5;29991.416666666668;53;0;29991.4375
2026-07-05 23:50:00.000;2026-07-05 23:50:59.999;29988.75;30005.5;29996.125;29986.75;29999.25;29997.166666666668;199;0;29997.6875
2026-07-05 23:51:00.000;2026-07-05 23:51:59.999;29998.5;30005.75;29999.75;29993.75;30001.75;30000.416666666668;106;0;30000.75
2026-07-05 23:52:00.000;2026-07-05 23:52:59.999;30000.5;30000.5;29996.625;29992.75;29995.25;29996.166666666668;61;0;29995.9375
2026-07-05 23:53:00.000;2026-07-05 23:53:59.999;29996.5;29998.5;29994.75;29991;29997.75;29995.75;62;0;29996.25
2026-07-05 23:54:00.000;2026-07-05 23:54:59.999;29998;30001.25;29996.5;29991.75;29991.75;29994.916666666668;57;0;29994.125
2026-07-05 23:55:00.000;2026-07-05 23:55:59.999;29991.75;29992.5;29987.25;29982;29984.75;29986.416666666668;112;0;29986
2026-07-05 23:56:00.000;2026-07-05 23:56:59.999;29989;29989;29976.875;29964.75;29985;29979.583333333332;247;0;29980.9375
2026-07-05 23:57:00.000;2026-07-05 23:57:59.999;29983.25;29991.75;29987;29982.25;29988.75;29987.583333333332;87;0;29987.875
2026-07-05 23:58:00.000;2026-07-05 23:58:59.999;29990.25;29990.75;29987.5;29984.25;29989.5;29988.166666666668;60;0;29988.5
2026-07-05 23:59:00.000;2026-07-05 23:59:59.999;29990;29990;29986.625;29983.25;29983.75;29985.666666666668;60;0;29985.1875
2026-07-06 00:00:00.000;2026-07-06 00:00:59.999;29987.75;29988.75;29967.5;29946.25;29947.75;29960.916666666668;443;0;29957.625
2026-07-06 00:01:00.000;2026-07-06 00:01:59.999;29948.25;29948.5;29931.875;29915.25;29916.75;29926.833333333332;494;0;29924.3125
2026-07-06 00:02:00.000;2026-07-06 00:02:59.999;29915;29934.5;29917.25;29900;29931.25;29921.916666666668;495;0;29924.25
2026-07-06 00:03:00.000;2026-07-06 00:03:59.999;29932;29945;29937.75;29930.5;29938.5;29938;276;0;29938.125
2026-07-06 00:04:00.000;2026-07-06 00:04:59.999;29940;29953.25;29941.5;29929.75;29948.5;29943.833333333332;229;0;29945
2026-07-06 00:05:00.000;2026-07-06 00:05:59.999;29950.25;29954;29943.625;29933.25;29937.25;29941.5;175;0;29940.4375
2026-07-06 00:06:00.000;2026-07-06 00:06:59.999;29940;29948;29938.25;29928.5;29931.5;29936;170;0;29934.875
2026-07-06 00:07:00.000;2026-07-06 00:07:59.999;29934;29950;29939.5;29929;29943.75;29940.916666666668;122;0;29941.625
2026-07-06 00:08:00.000;2026-07-06 00:08:59.999;29946;29962.75;29953.25;29943.75;29955.75;29954.083333333332;202;0;29954.5
2026-07-06 00:09:00.000;2026-07-06 00:09:59.999;29958.75;29971.5;29963.375;29955.25;29967;29964.583333333332;207;0;29965.1875
2026-07-06 00:10:00.000;2026-07-06 00:10:59.999;29964.25;29964.5;29955.25;29946;29955;29955.166666666668;188;0;29955.125
2026-07-06 00:11:00.000;2026-07-06 00:11:59.999;29955;29961;29955.25;29949.5;29954;29954.833333333332;98;0;29954.625
2026-07-06 00:12:00.000;2026-07-06 00:12:59.999;29953.75;29964.5;29956.25;29948;29963.5;29958.666666666668;119;0;29959.875
2026-07-06 00:13:00.000;2026-07-06 00:13:59.999;29962.5;29975.75;29968.75;29961.75;29973.75;29970.416666666668;113;0;29971.25
2026-07-06 00:14:00.000;2026-07-06 00:14:59.999;29973.25;29982.75;29975;29967.25;29982.75;29977.583333333332;162;0;29978.875
2026-07-06 00:15:00.000;2026-07-06 00:15:59.999;29982.5;30004.75;29991.5;29978.25;30001.5;29994.833333333332;354;0;29996.5
2026-07-06 00:16:00.000;2026-07-06 00:16:59.999;30001.25;30004;29999.125;29994.25;29997.5;29998.583333333332;205;0;29998.3125
2026-07-06 00:17:00.000;2026-07-06 00:17:59.999;29996.75;30000;29995.25;29990.5;29995;29995.166666666668;81;0;29995.125
2026-07-06 00:18:00.000;2026-07-06 00:18:59.999;29992.75;30001;29991.625;29982.25;29988.5;29990.583333333332;144;0;29990.0625
2026-07-06 00:19:00.000;2026-07-06 00:19:59.999;29987.75;29992.25;29984.375;29976.5;29979.5;29982.75;100;0;29981.9375
2026-07-06 00:20:00.000;2026-07-06 00:20:59.999;29980.5;29985.75;29978.875;29972;29980.75;29979.5;120;0;29979.8125
2026-07-06 00:21:00.000;2026-07-06 00:21:59.999;29979;29982.5;29977.625;29972.75;29981;29978.75;97;0;29979.3125
2026-07-06 00:22:00.000;2026-07-06 00:22:59.999;29977.75;29979.5;29969.75;29960;29962.25;29967.25;180;0;29966
2026-07-06 00:23:00.000;2026-07-06 00:23:59.999;29963.5;29966;29960;29954;29960.25;29960.083333333332;146;0;29960.125
2026-07-06 00:24:00.000;2026-07-06 00:24:59.999;29960.5;29963.25;29956.625;29950;29957.25;29956.833333333332;110;0;29956.9375
2026-07-06 00:25:00.000;2026-07-06 00:25:59.999;29961.5;29964.5;29953.25;29942;29943;29949.833333333332;110;0;29948.125
2026-07-06 00:26:00.000;2026-07-06 00:26:59.999;29943.5;29944;29936.25;29928.5;29928.5;29933.666666666668;223;0;29932.375
2026-07-06 00:27:00.000;2026-07-06 00:27:59.999;29927.25;29935.5;29927.5;29919.5;29919.75;29924.916666666668;257;0;29923.625
2026-07-06 00:28:00.000;2026-07-06 00:28:59.999;29922.25;29927.5;29918.125;29908.75;29921.25;29919.166666666668;183;0;29919.6875
2026-07-06 00:29:00.000;2026-07-06 00:29:59.999;29925.75;29925.75;29902.75;29879.75;29882.75;29896.083333333332;456;0;29892.75
2026-07-06 00:30:00.000;2026-07-06 00:30:59.999;29882.25;29897.25;29871.125;29845;29888.5;29876.916666666668;680;0;29879.8125
2026-07-06 00:31:00.000;2026-07-06 00:31:59.999;29890.5;29900;29887.625;29875.25;29892;29889.083333333332;404;0;29889.8125
2026-07-06 00:32:00.000;2026-07-06 00:32:59.999;29894;29909;29896.5;29884;29885.75;29892.916666666668;274;0;29891.125
2026-07-06 00:33:00.000;2026-07-06 00:33:59.999;29885.5;29901;29888.125;29875.25;29878;29884.75;217;0;29883.0625
2026-07-06 00:34:00.000;2026-07-06 00:34:59.999;29876.25;29899.75;29888;29876.25;29898;29891.333333333332;179;0;29893
2026-07-06 00:35:00.000;2026-07-06 00:35:59.999;29898;29900;29892.625;29885.25;29888;29891.083333333332;104;0;29890.3125
2026-07-06 00:36:00.000;2026-07-06 00:36:59.999;29887.25;29906.75;29894.5;29882.25;29906.25;29898.416666666668;186;0;29900.375
2026-07-06 00:37:00.000;2026-07-06 00:37:59.999;29908;29923.75;29914;29904.25;29921.75;29916.583333333332;224;0;29917.875
2026-07-06 00:38:00.000;2026-07-06 00:38:59.999;29921.75;29926.75;29922.5;29918.25;29922.75;29922.583333333332;69;0;29922.625
2026-07-06 00:39:00.000;2026-07-06 00:39:59.999;29923.5;29928.5;29922;29915.5;29917;29920.333333333332;90;0;29919.5
2026-07-06 00:40:00.000;2026-07-06 00:40:59.999;29918.5;29931.25;29919.625;29908;29926;29921.75;202;0;29922.8125
2026-07-06 00:41:00.000;2026-07-06 00:41:59.999;29924;29934;29928.625;29923.25;29931.75;29929.666666666668;124;0;29930.1875
2026-07-06 00:42:00.000;2026-07-06 00:42:59.999;29932;29938;29932.75;29927.5;29931.75;29932.416666666668;123;0;29932.25
2026-07-06 00:43:00.000;2026-07-06 00:43:59.999;29935;29944.25;29938.5;29932.75;29943;29940;158;0;29940.75
2026-07-06 00:44:00.000;2026-07-06 00:44:59.999;29941.5;29944.5;29938.125;29931.75;29933.75;29936.666666666668;143;0;29935.9375
2026-07-06 00:45:00.000;2026-07-06 00:45:59.999;29937.5;29960.75;29949.125;29937.5;29957.75;29952;275;0;29953.4375
2026-07-06 00:46:00.000;2026-07-06 00:46:59.999;29960.25;29969.75;29964.625;29959.5;29966.25;29965.166666666668;152;0;29965.4375
2026-07-06 00:47:00.000;2026-07-06 00:47:59.999;29963.75;29965;29960.125;29955.25;29957.75;29959.333333333332;113;0;29958.9375
2026-07-06 00:48:00.000;2026-07-06 00:48:59.999;29956;29964.25;29959.125;29954;29959.5;29959.25;56;0;29959.3125
2026-07-06 00:49:00.000;2026-07-06 00:49:59.999;29961.25;29963.75;29954;29944.25;29944.25;29950.75;156;0;29949.125
2026-07-06 00:50:00.000;2026-07-06 00:50:59.999;29942.75;29944;29936.875;29929.75;29939.25;29937.666666666668;164;0;29938.0625
2026-07-06 00:51:00.000;2026-07-06 00:51:59.999;29938.75;29943.75;29940.5;29937.25;29939.25;29940.083333333332;54;0;29939.875
2026-07-06 00:52:00.000;2026-07-06 00:52:59.999;29936.5;29936.5;29926.5;29916.5;29925.75;29926.25;161;0;29926.125
2026-07-06 00:53:00.000;2026-07-06 00:53:59.999;29925.5;29940;29930.125;29920.25;29936;29932.083333333332;243;0;29933.0625
2026-07-06 00:54:00.000;2026-07-06 00:54:59.999;29936.25;29937.75;29933.375;29929;29936.25;29934.333333333332;85;0;29934.8125
2026-07-06 00:55:00.000;2026-07-06 00:55:59.999;29937.5;29951.5;29938.125;29924.75;29929.5;29935.25;330;0;29933.8125
2026-07-06 00:56:00.000;2026-07-06 00:56:59.999;29929.25;29933.25;29930.25;29927.25;29930.5;29930.333333333332;70;0;29930.375
2026-07-06 00:57:00.000;2026-07-06 00:57:59.999;29932.5;29937.25;29928.25;29919.25;29921.75;29926.083333333332;144;0;29925
2026-07-06 00:58:00.000;2026-07-06 00:58:59.999;29920.5;29928.25;29921.375;29914.5;29923;29921.916666666668;132;0;29922.1875
2026-07-06 00:59:00.000;2026-07-06 00:59:59.999;29921.75;29932.5;29927;29921.5;29928.25;29927.416666666668;81;0;29927.625
2026-07-06 01:00:00.000;2026-07-06 01:00:59.999;29926.5;29932;29919.25;29906.5;29913.75;29917.416666666668;197;0;29916.5
2026-07-06 01:01:00.000;2026-07-06 01:01:59.999;29912;29921.5;29913;29904.5;29919.25;29915.083333333332;101;0;29916.125
2026-07-06 01:02:00.000;2026-07-06 01:02:59.999;29918.75;29922.75;29914;29905.25;29917.5;29915.166666666668;147;0;29915.75
2026-07-06 01:03:00.000;2026-07-06 01:03:59.999;29920;29926;29914;29902;29913.75;29913.916666666668;182;0;29913.875
2026-07-06 01:04:00.000;2026-07-06 01:04:59.999;29916.75;29916.75;29904.625;29892.5;29894.5;29901.25;188;0;29899.5625
2026-07-06 01:05:00.000;2026-07-06 01:05:59.999;29893.25;29902;29895;29888;29894.25;29894.75;131;0;29894.625
2026-07-06 01:06:00.000;2026-07-06 01:06:59.999;29891.75;29894.25;29884.625;29875;29879.25;29882.833333333332;237;0;29881.9375
2026-07-06 01:07:00.000;2026-07-06 01:07:59.999;29880.5;29889;29882.125;29875.25;29889;29884.416666666668;153;0;29885.5625
2026-07-06 01:08:00.000;2026-07-06 01:08:59.999;29890;29900;29892.125;29884.25;29900;29894.75;184;0;29896.0625
2026-07-06 01:09:00.000;2026-07-06 01:09:59.999;29901.5;29905.5;29898.25;29891;29904.25;29900.25;131;0;29901.25
2026-07-06 01:10:00.000;2026-07-06 01:10:59.999;29904;29908;29894.5;29881;29881;29890;226;0;29887.75
2026-07-06 01:11:00.000;2026-07-06 01:11:59.999;29885;29886.5;29877;29867.5;29871.75;29875.25;171;0;29874.375
2026-07-06 01:12:00.000;2026-07-06 01:12:59.999;29871.5;29885;29876.125;29867.25;29883;29878.416666666668;141;0;29879.5625
2026-07-06 01:13:00.000;2026-07-06 01:13:59.999;29884.25;29893.75;29886.625;29879.5;29890;29887.75;145;0;29888.3125
2026-07-06 01:14:00.000;2026-07-06 01:14:59.999;29891.75;29894.25;29886.125;29878;29880;29884.083333333332;103;0;29883.0625
2026-07-06 01:15:00.000;2026-07-06 01:15:59.999;29879.75;29881.5;29869.875;29858.25;29865.25;29868.333333333332;391;0;29867.5625
2026-07-06 01:16:00.000;2026-07-06 01:16:59.999;29866.75;29876;29868.25;29860.5;29871.75;29869.416666666668;98;0;29870
2026-07-06 01:17:00.000;2026-07-06 01:17:59.999;29870;29879;29873;29867;29872.75;29872.916666666668;59;0;29872.875
2026-07-06 01:18:00.000;2026-07-06 01:18:59.999;29872.25;29887.75;29878.625;29869.5;29883.75;29880.333333333332;138;0;29881.1875
2026-07-06 01:19:00.000;2026-07-06 01:19:59.999;29884.5;29887;29879;29871;29886;29881.333333333332;116;0;29882.5
2026-07-06 01:20:00.000;2026-07-06 01:20:59.999;29886;29893.5;29886.75;29880;29887.5;29887;113;0;29887.125
2026-07-06 01:21:00.000;2026-07-06 01:21:59.999;29884.5;29886.75;29881.75;29876.75;29885;29882.833333333332;54;0;29883.375
2026-07-06 01:22:00.000;2026-07-06 01:22:59.999;29881.25;29881.25;29869.5;29857.75;29862.25;29867.083333333332;182;0;29865.875
2026-07-06 01:23:00.000;2026-07-06 01:23:59.999;29858.5;29861.25;29851.625;29842;29845.5;29849.583333333332;326;0;29848.5625
2026-07-06 01:24:00.000;2026-07-06 01:24:59.999;29844.75;29849.75;29836.875;29824;29828.25;29834;475;0;29832.5625
2026-07-06 01:25:00.000;2026-07-06 01:25:59.999;29828.25;29834.5;29828.75;29823;29825.75;29827.75;276;0;29827.25
2026-07-06 01:26:00.000;2026-07-06 01:26:59.999;29826;29831;29812.25;29793.5;29797.25;29807.25;529;0;29804.75
2026-07-06 01:27:00.000;2026-07-06 01:27:59.999;29797.5;29805.75;29789.75;29773.75;29793;29790.833333333332;548;0;29791.375
2026-07-06 01:28:00.000;2026-07-06 01:28:59.999;29794.5;29809.5;29799;29788.5;29803.75;29800.583333333332;292;0;29801.375
2026-07-06 01:29:00.000;2026-07-06 01:29:59.999;29806.5;29814.5;29806.25;29798;29814.25;29808.916666666668;138;0;29810.25
2026-07-06 01:30:00.000;2026-07-06 01:30:59.999;29813.25;29829.25;29818.125;29807;29827.75;29821.333333333332;182;0;29822.9375
2026-07-06 01:31:00.000;2026-07-06 01:31:59.999;29827;29833;29827.875;29822.75;29830;29828.583333333332;250;0;29828.9375
2026-07-06 01:32:00.000;2026-07-06 01:32:59.999;29830;29843.75;29832.5;29821.25;29833;29832.666666666668;174;0;29832.75
2026-07-06 01:33:00.000;2026-07-06 01:33:59.999;29831.5;29840.5;29831.125;29821.75;29836.5;29832.916666666668;92;0;29833.8125
2026-07-06 01:34:00.000;2026-07-06 01:34:59.999;29838.25;29844.5;29840.25;29836;29840;29840.166666666668;101;0;29840.125
2026-07-06 01:35:00.000;2026-07-06 01:35:59.999;29840.75;29840.75;29832.75;29824.75;29827.5;29831;84;0;29830.125
2026-07-06 01:36:00.000;2026-07-06 01:36:59.999;29824.5;29837;29828.125;29819.25;29835.25;29830.5;165;0;29831.6875
2026-07-06 01:37:00.000;2026-07-06 01:37:59.999;29834.5;29842.25;29834.125;29826;29837;29835.083333333332;103;0;29835.5625
2026-07-06 01:38:00.000;2026-07-06 01:38:59.999;29832.75;29833.75;29829.375;29825;29825;29827.916666666668;86;0;29827.1875
2026-07-06 01:39:00.000;2026-07-06 01:39:59.999;29824.5;29838;29829.125;29820.25;29837.75;29832;131;0;29833.4375
2026-07-06 01:40:00.000;2026-07-06 01:40:59.999;29838.25;29845.75;29838.75;29831.75;29845.75;29841.083333333332;101;0;29842.25
2026-07-06 01:41:00.000;2026-07-06 01:41:59.999;29844.75;29855.25;29849.25;29843.25;29848.5;29849;202;0;29848.875
2026-07-06 01:42:00.000;2026-07-06 01:42:59.999;29848.25;29848.5;29838.625;29828.75;29843;29840.083333333332;172;0;29840.8125
2026-07-06 01:43:00.000;2026-07-06 01:43:59.999;29843.25;29851.75;29846;29840.25;29843.25;29845.083333333332;79;0;29844.625
2026-07-06 01:44:00.000;2026-07-06 01:44:59.999;29839.25;29841.5;29827.875;29814.25;29817.25;29824.333333333332;193;0;29822.5625
2026-07-06 01:45:00.000;2026-07-06 01:45:59.999;29816.25;29816.25;29806.5;29796.75;29809;29807.333333333332;262;0;29807.75
2026-07-06 01:46:00.000;2026-07-06 01:46:59.999;29809.25;29811.75;29804.5;29797.25;29798.75;29802.583333333332;137;0;29801.625
2026-07-06 01:47:00.000;2026-07-06 01:47:59.999;29800;29806.25;29797.25;29788.25;29796.5;29797;185;0;29796.875
2026-07-06 01:48:00.000;2026-07-06 01:48:59.999;29796.75;29800.75;29793.75;29786.75;29788.5;29792;179;0;29791.125
2026-07-06 01:49:00.000;2026-07-06 01:49:59.999;29787.5;29789.5;29779.75;29770;29771.75;29777.083333333332;243;0;29775.75
2026-07-06 01:50:00.000;2026-07-06 01:50:59.999;29773.75;29781.75;29770.125;29758.5;29760.25;29766.833333333332;387;0;29765.1875
2026-07-06 01:51:00.000;2026-07-06 01:51:59.999;29760.25;29779;29768.25;29757.5;29776.25;29770.916666666668;223;0;29772.25
2026-07-06 01:52:00.000;2026-07-06 01:52:59.999;29776.25;29777.5;29769.125;29760.75;29765.75;29768;143;0;29767.4375
2026-07-06 01:53:00.000;2026-07-06 01:53:59.999;29766.25;29771.75;29765.5;29759.25;29759.25;29763.416666666668;125;0;29762.375
2026-07-06 01:54:00.000;2026-07-06 01:54:59.999;29759;29766.25;29760.625;29755;29759.75;29760.333333333332;168;0;29760.1875
2026-07-06 01:55:00.000;2026-07-06 01:55:59.999;29758.75;29777.25;29763.625;29750;29774.75;29767.333333333332;323;0;29769.1875
2026-07-06 01:56:00.000;2026-07-06 01:56:59.999;29774.75;29795.25;29784;29772.75;29785.75;29784.583333333332;278;0;29784.875
2026-07-06 01:57:00.000;2026-07-06 01:57:59.999;29782.75;29786.75;29775.875;29765;29772;29774.583333333332;195;0;29773.9375
2026-07-06 01:58:00.000;2026-07-06 01:58:59.999;29771.75;29779;29775;29771;29775.25;29775.083333333332;103;0;29775.125
2026-07-06 01:59:00.000;2026-07-06 01:59:59.999;29777.5;29793.75;29785.375;29777;29792.75;29787.833333333332;121;0;29789.0625
2026-07-06 02:00:00.000;2026-07-06 02:00:59.999;29793.25;29812;29802.625;29793.25;29805.25;29803.5;303;0;29803.9375
2026-07-06 02:01:00.000;2026-07-06 02:01:59.999;29806.25;29817.5;29803.5;29789.5;29797.75;29801.583333333332;537;0;29800.625
2026-07-06 02:02:00.000;2026-07-06 02:02:59.999;29797.5;29803.25;29795.625;29788;29798.75;29796.666666666668;246;0;29797.1875
2026-07-06 02:03:00.000;2026-07-06 02:03:59.999;29796.25;29807.5;29796;29784.5;29807.5;29799.833333333332;145;0;29801.75
2026-07-06 02:04:00.000;2026-07-06 02:04:59.999;29806.75;29818.75;29812;29805.25;29817.5;29813.833333333332;152;0;29814.75
2026-07-06 02:05:00.000;2026-07-06 02:05:59.999;29816;29818.75;29807.5;29796.25;29806.5;29807.166666666668;212;0;29807
2026-07-06 02:06:00.000;2026-07-06 02:06:59.999;29805.75;29805.75;29798.25;29790.75;29801;29799.166666666668;170;0;29799.625
2026-07-06 02:07:00.000;2026-07-06 02:07:59.999;29801.75;29801.75;29792.875;29784;29788.25;29791.333333333332;110;0;29790.5625
2026-07-06 02:08:00.000;2026-07-06 02:08:59.999;29788.5;29796.25;29789.5;29782.75;29795.75;29791.583333333332;111;0;29792.625
2026-07-06 02:09:00.000;2026-07-06 02:09:59.999;29793.5;29799.5;29792.625;29785.75;29793.75;29793;72;0;29793.1875
2026-07-06 02:10:00.000;2026-07-06 02:10:59.999;29795.25;29796;29786.625;29777.25;29780.25;29784.5;130;0;29783.4375
2026-07-06 02:11:00.000;2026-07-06 02:11:59.999;29778.25;29787.75;29781.125;29774.5;29777.25;29779.833333333332;152;0;29779.1875
2026-07-06 02:12:00.000;2026-07-06 02:12:59.999;29776.75;29778.25;29769;29759.75;29761.5;29766.5;232;0;29765.25
2026-07-06 02:13:00.000;2026-07-06 02:13:59.999;29761.75;29771.25;29765.875;29760.5;29768.75;29766.833333333332;110;0;29767.3125
2026-07-06 02:14:00.000;2026-07-06 02:14:59.999;29766.25;29769.75;29762.125;29754.5;29759.5;29761.25;129;0;29760.8125
2026-07-06 02:15:00.000;2026-07-06 02:15:59.999;29761.25;29775.5;29767.375;29759.25;29773.75;29769.5;130;0;29770.5625
2026-07-06 02:16:00.000;2026-07-06 02:16:59.999;29771.75;29780;29772.375;29764.75;29776.75;29773.833333333332;114;0;29774.5625
2026-07-06 02:17:00.000;2026-07-06 02:17:59.999;29774;29775;29762.625;29750.25;29771;29765.416666666668;242;0;29766.8125
2026-07-06 02:18:00.000;2026-07-06 02:18:59.999;29770.5;29778.75;29770.125;29761.5;29769;29769.75;107;0;29769.5625
2026-07-06 02:19:00.000;2026-07-06 02:19:59.999;29767.5;29773.75;29760.125;29746.5;29756.75;29759;543;0;29758.4375
2026-07-06 02:20:00.000;2026-07-06 02:20:59.999;29755;29780.25;29765.625;29751;29778.25;29769.833333333332;148;0;29771.9375
2026-07-06 02:21:00.000;2026-07-06 02:21:59.999;29779.5;29783.75;29778.625;29773.5;29779.5;29778.916666666668;99;0;29779.0625
2026-07-06 02:22:00.000;2026-07-06 02:22:59.999;29785;29790.25;29785;29779.75;29781;29783.666666666668;102;0;29783
2026-07-06 02:23:00.000;2026-07-06 02:23:59.999;29780;29790.5;29784.625;29778.75;29787.5;29785.583333333332;91;0;29786.0625
2026-07-06 02:24:00.000;2026-07-06 02:24:59.999;29789.25;29791.75;29785.125;29778.5;29778.5;29782.916666666668;72;0;29781.8125
2026-07-06 02:25:00.000;2026-07-06 02:25:59.999;29780;29781.25;29772.625;29764;29765.25;29770.166666666668;214;0;29768.9375
2026-07-06 02:26:00.000;2026-07-06 02:26:59.999;29768;29770.75;29766.75;29762.75;29767.75;29767.083333333332;91;0;29767.25
2026-07-06 02:27:00.000;2026-07-06 02:27:59.999;29769;29771.5;29761.5;29751.5;29754.25;29759.083333333332;215;0;29757.875
2026-07-06 02:28:00.000;2026-07-06 02:28:59.999;29752.75;29758.25;29752;29745.75;29747;29750.333333333332;121;0;29749.5
2026-07-06 02:29:00.000;2026-07-06 02:29:59.999;29746.75;29746.75;29740.875;29735;29736.25;29739.333333333332;384;0;29738.5625
2026-07-06 02:30:00.000;2026-07-06 02:30:59.999;29737;29746;29734.625;29723.25;29743.5;29737.583333333332;272;0;29739.0625
2026-07-06 02:31:00.000;2026-07-06 02:31:59.999;29745;29746.25;29740.25;29734.25;29740;29740.166666666668;108;0;29740.125
2026-07-06 02:32:00.000;2026-07-06 02:32:59.999;29741.5;29747.5;29740.75;29734;29734;29738.5;142;0;29737.375
2026-07-06 02:33:00.000;2026-07-06 02:33:59.999;29735.25;29743;29734.125;29725.25;29725.25;29731.166666666668;158;0;29729.6875
2026-07-06 02:34:00.000;2026-07-06 02:34:59.999;29726;29740.5;29732.625;29724.75;29739;29734.75;133;0;29735.8125
2026-07-06 02:35:00.000;2026-07-06 02:35:59.999;29740.25;29743.25;29735.875;29728.5;29731;29734.25;125;0;29733.4375
2026-07-06 02:36:00.000;2026-07-06 02:36:59.999;29728.5;29742.5;29734;29725.5;29739.25;29735.75;100;0;29736.625
2026-07-06 02:37:00.000;2026-07-06 02:37:59.999;29740;29740.75;29734.75;29728.75;29731.5;29733.666666666668;77;0;29733.125
2026-07-06 02:38:00.000;2026-07-06 02:38:59.999;29732.75;29740;29735.75;29731.5;29738.5;29736.666666666668;56;0;29737.125
2026-07-06 02:39:00.000;2026-07-06 02:39:59.999;29737.5;29745.5;29733.375;29721.25;29723.75;29730.166666666668;262;0;29728.5625
2026-07-06 02:40:00.000;2026-07-06 02:40:59.999;29725;29726;29717.5;29709;29714;29716.333333333332;269;0;29715.75
2026-07-06 02:41:00.000;2026-07-06 02:41:59.999;29715;29720.75;29714.125;29707.5;29720;29716.083333333332;154;0;29717.0625
2026-07-06 02:42:00.000;2026-07-06 02:42:59.999;29718.5;29724;29716.75;29709.5;29712.75;29715.416666666668;166;0;29714.75
2026-07-06 02:43:00.000;2026-07-06 02:43:59.999;29714.5;29717.5;29709.5;29701.5;29714.25;29711.083333333332;207;0;29711.875
2026-07-06 02:44:00.000;2026-07-06 02:44:59.999;29715.25;29720;29706.75;29693.5;29699.25;29704.25;268;0;29703
2026-07-06 02:45:00.000;2026-07-06 02:45:59.999;29700.5;29709.5;29703.125;29696.75;29709.5;29705.25;142;0;29706.3125
2026-07-06 02:46:00.000;2026-07-06 02:46:59.999;29710;29714.5;29710.75;29707;29711.5;29711;83;0;29711.125
2026-07-06 02:47:00.000;2026-07-06 02:47:59.999;29711;29719;29709.5;29700;29704.5;29707.833333333332;130;0;29707
2026-07-06 02:48:00.000;2026-07-06 02:48:59.999;29705;29708.75;29703.625;29698.5;29699.25;29702.166666666668;85;0;29701.4375
2026-07-06 02:49:00.000;2026-07-06 02:49:59.999;29699.75;29709.5;29703.75;29698;29708.75;29705.416666666668;76;0;29706.25
2026-07-06 02:50:00.000;2026-07-06 02:50:59.999;29706.5;29707.25;29701.125;29695;29696.25;29699.5;89;0;29698.6875
2026-07-06 02:51:00.000;2026-07-06 02:51:59.999;29696.5;29699.5;29691.25;29683;29698;29693.5;211;0;29694.625
2026-07-06 02:52:00.000;2026-07-06 02:52:59.999;29698.25;29707.75;29700.5;29693.25;29698;29699.666666666668;155;0;29699.25
2026-07-06 02:53:00.000;2026-07-06 02:53:59.999;29697.75;29704.5;29700.125;29695.75;29704;29701.416666666668;80;0;29702.0625
2026-07-06 02:54:00.000;2026-07-06 02:54:59.999;29706.25;29716;29711.125;29706.25;29714.25;29712.166666666668;171;0;29712.6875
2026-07-06 02:55:00.000;2026-07-06 02:55:59.999;29716;29722;29713.375;29704.75;29720.75;29715.833333333332;263;0;29717.0625
2026-07-06 02:56:00.000;2026-07-06 02:56:59.999;29721;29721.75;29709.625;29697.5;29704.75;29708;195;0;29707.1875
2026-07-06 02:57:00.000;2026-07-06 02:57:59.999;29706;29718.75;29711.75;29704.75;29718.75;29714.083333333332;96;0;29715.25
2026-07-06 02:58:00.000;2026-07-06 02:58:59.999;29717.5;29720.75;29717.5;29714.25;29718.75;29717.916666666668;79;0;29718.125
2026-07-06 02:59:00.000;2026-07-06 02:59:59.999;29719.75;29732;29725.25;29718.5;29725.25;29725.25;217;0;29725.25
2026-07-06 03:00:00.000;2026-07-06 03:00:59.999;29726.5;29732;29726.25;29720.5;29723.25;29725.25;169;0;29724.75
2026-07-06 03:01:00.000;2026-07-06 03:01:59.999;29724.25;29735;29725.875;29716.75;29732.5;29728.083333333332;276;0;29729.1875
2026-07-06 03:02:00.000;2026-07-06 03:02:59.999;29732.5;29737.5;29734.5;29731.5;29735;29734.666666666668;111;0;29734.75
2026-07-06 03:03:00.000;2026-07-06 03:03:59.999;29738;29749;29742.375;29735.75;29749;29744.583333333332;208;0;29745.6875
2026-07-06 03:04:00.000;2026-07-06 03:04:59.999;29746.5;29761.5;29753.25;29745;29756;29754.166666666668;327;0;29754.625
2026-07-06 03:05:00.000;2026-07-06 03:05:59.999;29753.5;29761.5;29755.25;29749;29755.25;29755.25;133;0;29755.25
2026-07-06 03:06:00.000;2026-07-06 03:06:59.999;29752.75;29761.5;29755.625;29749.75;29755.5;29755.583333333332;84;0;29755.5625
2026-07-06 03:07:00.000;2026-07-06 03:07:59.999;29754.5;29757.75;29752.125;29746.5;29756.75;29753.666666666668;116;0;29754.4375
2026-07-06 03:08:00.000;2026-07-06 03:08:59.999;29755.75;29758;29754.875;29751.75;29753.75;29754.5;27;0;29754.3125
2026-07-06 03:09:00.000;2026-07-06 03:09:59.999;29753.5;29760.75;29755.375;29750;29760;29756.916666666668;90;0;29757.6875
2026-07-06 03:10:00.000;2026-07-06 03:10:59.999;29761.25;29774;29767.375;29760.75;29772.25;29769;234;0;29769.8125
2026-07-06 03:11:00.000;2026-07-06 03:11:59.999;29771.75;29785.5;29778.625;29771.75;29779.25;29778.833333333332;199;0;29778.9375
2026-07-06 03:12:00.000;2026-07-06 03:12:59.999;29779.25;29782.5;29773.375;29764.25;29766.5;29771.083333333332;165;0;29769.9375
2026-07-06 03:13:00.000;2026-07-06 03:13:59.999;29766.25;29766.25;29760.875;29755.5;29755.5;29759.083333333332;161;0;29758.1875
2026-07-06 03:14:00.000;2026-07-06 03:14:59.999;29755.25;29775;29761.375;29747.75;29771;29764.583333333332;206;0;29766.1875
2026-07-06 03:15:00.000;2026-07-06 03:15:59.999;29772;29782.25;29775.25;29768.25;29782.25;29777.583333333332;114;0;29778.75
2026-07-06 03:16:00.000;2026-07-06 03:16:59.999;29781.25;29790.5;29785.375;29780.25;29780.25;29783.666666666668;158;0;29782.8125
2026-07-06 03:17:00.000;2026-07-06 03:17:59.999;29780.5;29786.75;29781.5;29776.25;29778;29780.333333333332;73;0;29779.75
2026-07-06 03:18:00.000;2026-07-06 03:18:59.999;29775.5;29775.5;29768.5;29761.5;29761.5;29766.166666666668;121;0;29765
2026-07-06 03:19:00.000;2026-07-06 03:19:59.999;29760.75;29768;29763.25;29758.5;29762;29762.833333333332;75;0;29762.625
2026-07-06 03:20:00.000;2026-07-06 03:20:59.999;29762.5;29767;29762.5;29758;29760.25;29761.75;80;0;29761.375
2026-07-06 03:21:00.000;2026-07-06 03:21:59.999;29763;29768.25;29764.125;29760;29761.5;29763.25;46;0;29762.8125
2026-07-06 03:22:00.000;2026-07-06 03:22:59.999;29764;29764;29756;29748;29750.5;29754.166666666668;157;0;29753.25
2026-07-06 03:23:00.000;2026-07-06 03:23:59.999;29752;29763.5;29757.75;29752;29757.5;29757.666666666668;84;0;29757.625
2026-07-06 03:24:00.000;2026-07-06 03:24:59.999;29756.75;29772.5;29764.375;29756.25;29771.25;29766.666666666668;105;0;29767.8125
2026-07-06 03:25:00.000;2026-07-06 03:25:59.999;29773;29782;29777.5;29773;29775.75;29776.916666666668;117;0;29776.625
2026-07-06 03:26:00.000;2026-07-06 03:26:59.999;29776.25;29782;29775.25;29768.5;29780;29776.833333333332;59;0;29777.625
2026-07-06 03:27:00.000;2026-07-06 03:27:59.999;29780;29787.75;29783;29778.25;29786;29784;65;0;29784.5
2026-07-06 03:28:00.000;2026-07-06 03:28:59.999;29786;29787.5;29784;29780.5;29783.75;29783.916666666668;56;0;29783.875
2026-07-06 03:29:00.000;2026-07-06 03:29:59.999;29782;29788.5;29784.75;29781;29788;29785.833333333332;60;0;29786.375
2026-07-06 03:30:00.000;2026-07-06 03:30:59.999;29789.5;29801;29790;29779;29779.5;29786.5;269;0;29784.75
2026-07-06 03:31:00.000;2026-07-06 03:31:59.999;29777.5;29783;29777.75;29772.5;29777.5;29777.666666666668;166;0;29777.625
2026-07-06 03:32:00.000;2026-07-06 03:32:59.999;29777.75;29798;29786.625;29775.25;29793.5;29788.916666666668;116;0;29790.0625
2026-07-06 03:33:00.000;2026-07-06 03:33:59.999;29794.25;29798.25;29793.25;29788.25;29793;29793.166666666668;68;0;29793.125
2026-07-06 03:34:00.000;2026-07-06 03:34:59.999;29789.75;29801;29792.5;29784;29800.25;29795.083333333332;157;0;29796.375
2026-07-06 03:35:00.000;2026-07-06 03:35:59.999;29799.5;29806.25;29801.25;29796.25;29803;29801.833333333332;217;0;29802.125
2026-07-06 03:36:00.000;2026-07-06 03:36:59.999;29802.25;29806.5;29801.5;29796.5;29799.5;29800.833333333332;89;0;29800.5
2026-07-06 03:37:00.000;2026-07-06 03:37:59.999;29798.5;29799.5;29796.375;29793.25;29794;29795.583333333332;108;0;29795.1875
2026-07-06 03:38:00.000;2026-07-06 03:38:59.999;29794.25;29795;29791.75;29788.5;29792;29791.833333333332;91;0;29791.875
2026-07-06 03:39:00.000;2026-07-06 03:39:59.999;29790.5;29794.25;29789.875;29785.5;29787.5;29789.083333333332;95;0;29788.6875
2026-07-06 03:40:00.000;2026-07-06 03:40:59.999;29786.75;29790.25;29783.375;29776.5;29781.25;29782.666666666668;160;0;29782.3125
2026-07-06 03:41:00.000;2026-07-06 03:41:59.999;29781;29783.5;29775.625;29767.75;29768.75;29773.333333333332;120;0;29772.1875
2026-07-06 03:42:00.000;2026-07-06 03:42:59.999;29766.25;29774.75;29758.375;29742;29753.25;29756.666666666668;267;0;29755.8125
2026-07-06 03:43:00.000;2026-07-06 03:43:59.999;29752.5;29752.5;29746.625;29740.75;29742.75;29745.333333333332;166;0;29744.6875
2026-07-06 03:44:00.000;2026-07-06 03:44:59.999;29744;29746.75;29742.375;29738;29740.5;29741.75;88;0;29741.4375
2026-07-06 03:45:00.000;2026-07-06 03:45:59.999;29740.25;29748.5;29740.625;29732.75;29738.75;29740;151;0;29739.6875
2026-07-06 03:46:00.000;2026-07-06 03:46:59.999;29740;29746;29740.25;29734.5;29743;29741.166666666668;105;0;29741.625
2026-07-06 03:47:00.000;2026-07-06 03:47:59.999;29741.25;29743.25;29736.375;29729.5;29737.25;29736.666666666668;116;0;29736.8125
2026-07-06 03:48:00.000;2026-07-06 03:48:59.999;29736.75;29740.25;29732.5;29724.75;29732.5;29732.5;138;0;29732.5
2026-07-06 03:49:00.000;2026-07-06 03:49:59.999;29730;29731;29723;29715;29717.5;29721.166666666668;185;0;29720.25
2026-07-06 03:50:00.000;2026-07-06 03:50:59.999;29719.25;29740.75;29726.5;29712.25;29735.75;29729.583333333332;216;0;29731.125
2026-07-06 03:51:00.000;2026-07-06 03:51:59.999;29734.75;29742.25;29729.5;29716.75;29717.5;29725.5;250;0;29723.5
2026-07-06 03:52:00.000;2026-07-06 03:52:59.999;29718;29719.25;29714.125;29709;29716.5;29714.916666666668;246;0;29715.3125
2026-07-06 03:53:00.000;2026-07-06 03:53:59.999;29716.25;29724.5;29718.375;29712.25;29723.5;29720.083333333332;126;0;29720.9375
2026-07-06 03:54:00.000;2026-07-06 03:54:59.999;29722.75;29723.75;29708.5;29693.25;29701.75;29706.25;470;0;29705.125
2026-07-06 03:55:00.000;2026-07-06 03:55:59.999;29703;29706;29701;29696;29706;29702.666666666668;110;0;29703.5
2026-07-06 03:56:00.000;2026-07-06 03:56:59.999;29706;29711.5;29706.625;29701.75;29709;29707.416666666668;103;0;29707.8125
2026-07-06 03:57:00.000;2026-07-06 03:57:59.999;29708.5;29714.5;29707.875;29701.25;29712.75;29709.5;63;0;29710.3125
2026-07-06 03:58:00.000;2026-07-06 03:58:59.999;29712.75;29720;29715;29710;29718.75;29716.25;99;0;29716.875
2026-07-06 03:59:00.000;2026-07-06 03:59:59.999;29719.25;29736;29727.625;29719.25;29730.25;29728.5;177;0;29728.9375
2026-07-06 04:00:00.000;2026-07-06 04:00:59.999;29730.25;29732.5;29717.75;29703;29711.75;29715.75;241;0;29714.75
2026-07-06 04:01:00.000;2026-07-06 04:01:59.999;29712.75;29721;29714.5;29708;29714.75;29714.583333333332;77;0;29714.625
2026-07-06 04:02:00.000;2026-07-06 04:02:59.999;29713.5;29714.75;29711.125;29707.5;29711;29711.083333333332;91;0;29711.0625
2026-07-06 04:03:00.000;2026-07-06 04:03:59.999;29708.5;29725;29715.5;29706;29723.25;29718.083333333332;84;0;29719.375
2026-07-06 04:04:00.000;2026-07-06 04:04:59.999;29724;29738.5;29731.25;29724;29732.5;29731.666666666668;169;0;29731.875
2026-07-06 04:05:00.000;2026-07-06 04:05:59.999;29733.25;29745.25;29738.875;29732.5;29736;29737.916666666668;259;0;29737.4375
2026-07-06 04:06:00.000;2026-07-06 04:06:59.999;29735;29738.5;29732.875;29727.25;29734;29733.25;83;0;29733.4375
2026-07-06 04:07:00.000;2026-07-06 04:07:59.999;29734.5;29734.5;29730.5;29726.5;29726.5;29729.166666666668;63;0;29728.5
2026-07-06 04:08:00.000;2026-07-06 04:08:59.999;29728.5;29737;29732.75;29728.5;29730.75;29732.083333333332;66;0;29731.75
2026-07-06 04:09:00.000;2026-07-06 04:09:59.999;29732.25;29732.25;29724.5;29716.75;29720.25;29723.083333333332;161;0;29722.375
2026-07-06 04:10:00.000;2026-07-06 04:10:59.999;29720.25;29748.75;29734.375;29720;29747;29738.583333333332;251;0;29740.6875
2026-07-06 04:11:00.000;2026-07-06 04:11:59.999;29750;29759.25;29754.375;29749.5;29759;29755.916666666668;138;0;29756.6875
2026-07-06 04:12:00.000;2026-07-06 04:12:59.999;29758.25;29768;29761.5;29755;29766;29763;125;0;29763.75
2026-07-06 04:13:00.000;2026-07-06 04:13:59.999;29766.5;29772.75;29769.5;29766.25;29771;29770;98;0;29770.25
2026-07-06 04:14:00.000;2026-07-06 04:14:59.999;29770.75;29778;29773.125;29768.25;29774.75;29773.666666666668;86;0;29773.9375
2026-07-06 04:15:00.000;2026-07-06 04:15:59.999;29771.5;29778.75;29773.875;29769;29775.75;29774.5;77;0;29774.8125
2026-07-06 04:16:00.000;2026-07-06 04:16:59.999;29775.5;29785.75;29779.125;29772.5;29785.5;29781.25;190;0;29782.3125
2026-07-06 04:17:00.000;2026-07-06 04:17:59.999;29784.25;29786.75;29781.25;29775.75;29777;29779.833333333332;56;0;29779.125
2026-07-06 04:18:00.000;2026-07-06 04:18:59.999;29778;29790.5;29784.25;29778;29789.75;29786.083333333332;111;0;29787
2026-07-06 04:19:00.000;2026-07-06 04:19:59.999;29790.75;29794;29791.5;29789;29792.25;29791.75;136;0;29791.875
2026-07-06 04:20:00.000;2026-07-06 04:20:59.999;29790.5;29798.75;29793.75;29788.75;29795;29794.166666666668;122;0;29794.375
2026-07-06 04:21:00.000;2026-07-06 04:21:59.999;29792.75;29792.75;29789;29785.25;29786.5;29788.166666666668;58;0;29787.75
2026-07-06 04:22:00.000;2026-07-06 04:22:59.999;29787.5;29790.25;29784.125;29778;29781.25;29783.166666666668;120;0;29782.6875
2026-07-06 04:23:00.000;2026-07-06 04:23:59.999;29780;29796.25;29787.5;29778.75;29788;29787.666666666668;133;0;29787.75
2026-07-06 04:24:00.000;2026-07-06 04:24:59.999;29787.5;29793;29789.25;29785.5;29793;29790.5;65;0;29791.125
2026-07-06 04:25:00.000;2026-07-06 04:25:59.999;29794.25;29794.5;29789.25;29784;29784.25;29787.583333333332;95;0;29786.75
2026-07-06 04:26:00.000;2026-07-06 04:26:59.999;29787;29790.5;29785.25;29780;29784.5;29785;78;0;29784.875
2026-07-06 04:27:00.000;2026-07-06 04:27:59.999;29784.75;29801;29792.875;29784.75;29797.25;29794.333333333332;134;0;29795.0625
2026-07-06 04:28:00.000;2026-07-06 04:28:59.999;29796.5;29799;29793.5;29788;29797.25;29794.75;56;0;29795.375
2026-07-06 04:29:00.000;2026-07-06 04:29:59.999;29796.5;29799.5;29796.75;29794;29794.75;29796.083333333332;43;0;29795.75
2026-07-06 04:30:00.000;2026-07-06 04:30:59.999;29795.5;29809.25;29801.5;29793.75;29808;29803.666666666668;105;0;29804.75
2026-07-06 04:31:00.000;2026-07-06 04:31:59.999;29807;29814.5;29806.375;29798.25;29798.25;29803.666666666668;88;0;29802.3125
2026-07-06 04:32:00.000;2026-07-06 04:32:59.999;29798.5;29798.5;29793.5;29788.5;29797.25;29794.75;116;0;29795.375
2026-07-06 04:33:00.000;2026-07-06 04:33:59.999;29800.5;29806.75;29801.875;29797;29806.75;29803.5;71;0;29804.3125
2026-07-06 04:34:00.000;2026-07-06 04:34:59.999;29805;29806;29798.25;29790.5;29792;29796.166666666668;68;0;29795.125
2026-07-06 04:35:00.000;2026-07-06 04:35:59.999;29791.25;29807.5;29799.25;29791;29807;29801.833333333332;65;0;29803.125
2026-07-06 04:36:00.000;2026-07-06 04:36:59.999;29804;29808.25;29804.5;29800.75;29804;29804.333333333332;66;0;29804.25
2026-07-06 04:37:00.000;2026-07-06 04:37:59.999;29803.5;29815;29808.625;29802.25;29814.75;29810.666666666668;110;0;29811.6875
2026-07-06 04:38:00.000;2026-07-06 04:38:59.999;29814;29820.5;29814.625;29808.75;29814.25;29814.5;89;0;29814.4375
2026-07-06 04:39:00.000;2026-07-06 04:39:59.999;29813.25;29822.25;29817.25;29812.25;29818.25;29817.583333333332;99;0;29817.75
2026-07-06 04:40:00.000;2026-07-06 04:40:59.999;29816.5;29817.75;29812.375;29807;29811.25;29812;98;0;29811.8125
2026-07-06 04:41:00.000;2026-07-06 04:41:59.999;29816.5;29826;29821.25;29816.5;29820.25;29820.916666666668;126;0;29820.75
2026-07-06 04:42:00.000;2026-07-06 04:42:59.999;29818;29832.5;29825;29817.5;29831.75;29827.25;116;0;29828.375
2026-07-06 04:43:00.000;2026-07-06 04:43:59.999;29830.25;29836;29832.125;29828.25;29832;29832.083333333332;122;0;29832.0625
2026-07-06 04:44:00.000;2026-07-06 04:44:59.999;29831.75;29835.25;29831;29826.75;29828.5;29830.166666666668;114;0;29829.75
2026-07-06 04:45:00.000;2026-07-06 04:45:59.999;29826.75;29831.75;29826.25;29820.75;29827.5;29826.666666666668;93;0;29826.875
2026-07-06 04:46:00.000;2026-07-06 04:46:59.999;29829.5;29831;29827.125;29823.25;29823.75;29826;39;0;29825.4375
2026-07-06 04:47:00.000;2026-07-06 04:47:59.999;29823.5;29824.75;29821.625;29818.5;29818.75;29820.666666666668;27;0;29820.1875
2026-07-06 04:48:00.000;2026-07-06 04:48:59.999;29819;29824.75;29820.25;29815.75;29822.5;29821;74;0;29821.375
2026-07-06 04:49:00.000;2026-07-06 04:49:59.999;29825;29830.75;29824.875;29819;29819.5;29823.083333333332;47;0;29822.1875
2026-07-06 04:50:00.000;2026-07-06 04:50:59.999;29817.75;29821.5;29817.25;29813;29817.5;29817.333333333332;82;0;29817.375
2026-07-06 04:51:00.000;2026-07-06 04:51:59.999;29818.25;29824;29819.375;29814.75;29815.5;29818.083333333332;67;0;29817.4375
2026-07-06 04:52:00.000;2026-07-06 04:52:59.999;29816.75;29823;29819.875;29816.75;29822;29820.583333333332;22;0;29820.9375
2026-07-06 04:53:00.000;2026-07-06 04:53:59.999;29823.75;29828.25;29825.5;29822.75;29826.25;29825.75;77;0;29825.875
2026-07-06 04:54:00.000;2026-07-06 04:54:59.999;29823.25;29831.75;29824.875;29818;29829.75;29826.5;114;0;29827.3125
2026-07-06 04:55:00.000;2026-07-06 04:55:59.999;29830.25;29835.5;29831;29826.5;29832.75;29831.583333333332;56;0;29831.875
2026-07-06 04:56:00.000;2026-07-06 04:56:59.999;29830.5;29840.5;29835.5;29830.5;29837;29836;99;0;29836.25
2026-07-06 04:57:00.000;2026-07-06 04:57:59.999;29834.5;29835.5;29832.125;29828.75;29828.75;29831;79;0;29830.4375
2026-07-06 04:58:00.000;2026-07-06 04:58:59.999;29828.25;29830.75;29828;29825.25;29827.25;29827.75;59;0;29827.625
2026-07-06 04:59:00.000;2026-07-06 04:59:59.999;29825;29828.75;29824.5;29820.25;29828.25;29825.75;42;0;29826.375
2026-07-06 05:00:00.000;2026-07-06 05:00:59.999;29829.5;29830.5;29824.5;29818.5;29820.25;29823.083333333332;50;0;29822.375
2026-07-06 05:01:00.000;2026-07-06 05:01:59.999;29821.25;29821.75;29818;29814.25;29814.25;29816.75;56;0;29816.125
2026-07-06 05:02:00.000;2026-07-06 05:02:59.999;29814.5;29815.75;29810.625;29805.5;29807;29809.416666666668;90;0;29808.8125
2026-07-06 05:03:00.000;2026-07-06 05:03:59.999;29807;29810.5;29806.125;29801.75;29801.75;29804.666666666668;96;0;29803.9375
2026-07-06 05:04:00.000;2026-07-06 05:04:59.999;29801.25;29802.25;29797.5;29792.75;29795.25;29796.75;108;0;29796.375
2026-07-06 05:05:00.000;2026-07-06 05:05:59.999;29800;29809.25;29803.625;29798;29802;29803.083333333332;47;0;29802.8125
2026-07-06 05:06:00.000;2026-07-06 05:06:59.999;29802;29810;29803.375;29796.75;29806.75;29804.5;100;0;29805.0625
2026-07-06 05:07:00.000;2026-07-06 05:07:59.999;29805.25;29818.75;29812;29805.25;29818;29814;67;0;29815
2026-07-06 05:08:00.000;2026-07-06 05:08:59.999;29817.75;29821.75;29812.25;29802.75;29802.75;29809.083333333332;99;0;29807.5
2026-07-06 05:09:00.000;2026-07-06 05:09:59.999;29802.5;29805.75;29802.375;29799;29801.5;29802.083333333332;55;0;29801.9375
2026-07-06 05:10:00.000;2026-07-06 05:10:59.999;29802.25;29814.75;29806.875;29799;29814.75;29809.5;70;0;29810.8125
2026-07-06 05:11:00.000;2026-07-06 05:11:59.999;29815.5;29823.25;29819.125;29815;29820.75;29819.666666666668;59;0;29819.9375
2026-07-06 05:12:00.000;2026-07-06 05:12:59.999;29821.25;29821.25;29816.25;29811.25;29812;29814.833333333332;27;0;29814.125
2026-07-06 05:13:00.000;2026-07-06 05:13:59.999;29809.75;29811;29806.875;29802.75;29804;29805.916666666668;43;0;29805.4375
2026-07-06 05:14:00.000;2026-07-06 05:14:59.999;29806.25;29808;29805.875;29803.75;29807.25;29806.333333333332;17;0;29806.5625
2026-07-06 05:15:00.000;2026-07-06 05:15:59.999;29809.25;29811.75;29807.125;29802.5;29810.75;29808.333333333332;57;0;29808.9375
2026-07-06 05:16:00.000;2026-07-06 05:16:59.999;29813.25;29818.5;29814.5;29810.5;29812.25;29813.75;49;0;29813.375
2026-07-06 05:17:00.000;2026-07-06 05:17:59.999;29814.75;29814.75;29811.375;29808;29811.75;29811.5;19;0;29811.5625
2026-07-06 05:18:00.000;2026-07-06 05:18:59.999;29810.25;29813.5;29809.25;29805;29813.5;29810.666666666668;22;0;29811.375
2026-07-06 05:19:00.000;2026-07-06 05:19:59.999;29814.25;29815.25;29812.125;29809;29812.75;29812.333333333332;24;0;29812.4375
2026-07-06 05:20:00.000;2026-07-06 05:20:59.999;29812.5;29812.5;29807.5;29802.5;29802.5;29805.833333333332;67;0;29805
2026-07-06 05:21:00.000;2026-07-06 05:21:59.999;29801.75;29803.75;29795.5;29787.25;29788.5;29793.166666666668;108;0;29792
2026-07-06 05:22:00.000;2026-07-06 05:22:59.999;29787.75;29790.25;29787.375;29784.5;29785.5;29786.75;97;0;29786.4375
2026-07-06 05:23:00.000;2026-07-06 05:23:59.999;29786.5;29792.5;29788.5;29784.5;29788.75;29788.583333333332;113;0;29788.625
2026-07-06 05:24:00.000;2026-07-06 05:24:59.999;29790.25;29792.25;29787;29781.75;29784.75;29786.25;109;0;29785.875
2026-07-06 05:25:00.000;2026-07-06 05:25:59.999;29782.75;29790;29783.5;29777;29788.25;29785.083333333332;122;0;29785.875
2026-07-06 05:26:00.000;2026-07-06 05:26:59.999;29789;29794.75;29791.125;29787.5;29789.5;29790.583333333332;63;0;29790.3125
2026-07-06 05:27:00.000;2026-07-06 05:27:59.999;29789.5;29794;29785.75;29777.5;29780.75;29784.083333333332;65;0;29783.25
2026-07-06 05:28:00.000;2026-07-06 05:28:59.999;29784;29785;29781.375;29777.75;29782;29781.583333333332;43;0;29781.6875
2026-07-06 05:29:00.000;2026-07-06 05:29:59.999;29782;29782;29774.875;29767.75;29769.5;29773.083333333332;86;0;29772.1875
2026-07-06 05:30:00.000;2026-07-06 05:30:59.999;29770;29770;29763.75;29757.5;29762.75;29763.416666666668;146;0;29763.25
2026-07-06 05:31:00.000;2026-07-06 05:31:59.999;29765.25;29765.75;29759.75;29753.75;29760.5;29760;57;0;29760.125
2026-07-06 05:32:00.000;2026-07-06 05:32:59.999;29761.5;29767.75;29764;29760.25;29766.5;29764.833333333332;50;0;29765.25
2026-07-06 05:33:00.000;2026-07-06 05:33:59.999;29764.25;29767.25;29762.25;29757.25;29760.25;29761.583333333332;54;0;29761.25
2026-07-06 05:34:00.000;2026-07-06 05:34:59.999;29761.5;29761.5;29757;29752.5;29756;29756.666666666668;64;0;29756.5
2026-07-06 05:35:00.000;2026-07-06 05:35:59.999;29755.25;29763.25;29759.125;29755;29763.25;29760.5;87;0;29761.1875
2026-07-06 05:36:00.000;2026-07-06 05:36:59.999;29762.5;29773;29766.5;29760;29772;29768.333333333332;78;0;29769.25
2026-07-06 05:37:00.000;2026-07-06 05:37:59.999;29772.5;29780.5;29775.75;29771;29779.75;29777.083333333332;87;0;29777.75
2026-07-06 05:38:00.000;2026-07-06 05:38:59.999;29778.75;29780.25;29775.625;29771;29778.5;29776.583333333332;52;0;29777.0625
2026-07-06 05:39:00.000;2026-07-06 05:39:59.999;29778.75;29782.5;29778.375;29774.25;29774.25;29777;47;0;29776.3125
2026-07-06 05:40:00.000;2026-07-06 05:40:59.999;29775.5;29790.5;29781.75;29773;29787;29783.5;198;0;29784.375
2026-07-06 05:41:00.000;2026-07-06 05:41:59.999;29785.75;29788.75;29784.25;29779.75;29783.25;29783.916666666668;83;0;29783.75
2026-07-06 05:42:00.000;2026-07-06 05:42:59.999;29784.75;29786.5;29783.25;29780;29785.25;29783.916666666668;51;0;29784.25
2026-07-06 05:43:00.000;2026-07-06 05:43:59.999;29785.5;29796.75;29791;29785.25;29791.75;29791.25;90;0;29791.375
2026-07-06 05:44:00.000;2026-07-06 05:44:59.999;29792.25;29799;29793.625;29788.25;29788.25;29791.833333333332;45;0;29790.9375
2026-07-06 05:45:00.000;2026-07-06 05:45:59.999;29789.5;29791;29785.625;29780.25;29780.5;29783.916666666668;63;0;29783.0625
2026-07-06 05:46:00.000;2026-07-06 05:46:59.999;29780;29782;29778.75;29775.5;29776;29777.833333333332;49;0;29777.375
2026-07-06 05:47:00.000;2026-07-06 05:47:59.999;29778.25;29780.75;29773.875;29767;29768.75;29772.166666666668;96;0;29771.3125
2026-07-06 05:48:00.000;2026-07-06 05:48:59.999;29771;29772;29769.125;29766.25;29769.5;29769.25;46;0;29769.3125
2026-07-06 05:49:00.000;2026-07-06 05:49:59.999;29767.5;29773.5;29770.5;29767.5;29772;29771;44;0;29771.25
2026-07-06 05:50:00.000;2026-07-06 05:50:59.999;29771.25;29779;29774.5;29770;29771.25;29773.416666666668;44;0;29772.875
2026-07-06 05:51:00.000;2026-07-06 05:51:59.999;29774.25;29783;29777.875;29772.75;29779.75;29778.5;51;0;29778.8125
2026-07-06 05:52:00.000;2026-07-06 05:52:59.999;29779.75;29793.5;29786.625;29779.75;29793.5;29788.916666666668;36;0;29790.0625
2026-07-06 05:53:00.000;2026-07-06 05:53:59.999;29793.25;29797;29793.625;29790.25;29797;29794.75;67;0;29795.3125
2026-07-06 05:54:00.000;2026-07-06 05:54:59.999;29794.5;29801;29797.125;29793.25;29796.5;29796.916666666668;67;0;29796.8125
2026-07-06 05:55:00.000;2026-07-06 05:55:59.999;29793.75;29800.5;29795.875;29791.25;29797.25;29796.333333333332;81;0;29796.5625
2026-07-06 05:56:00.000;2026-07-06 05:56:59.999;29795.5;29798.5;29795.875;29793.25;29794.75;29795.5;26;0;29795.3125
2026-07-06 05:57:00.000;2026-07-06 05:57:59.999;29796.5;29801.5;29799;29796.5;29797;29798.333333333332;47;0;29798
2026-07-06 05:58:00.000;2026-07-06 05:58:59.999;29797;29797.5;29793.25;29789;29790;29792.166666666668;49;0;29791.625
2026-07-06 05:59:00.000;2026-07-06 05:59:59.999;29791.5;29797;29793;29789;29790.5;29792.166666666668;39;0;29791.75
2026-07-06 06:00:00.000;2026-07-06 06:00:59.999;29791.5;29802.5;29797;29791.5;29800;29798;139;0;29798.5
2026-07-06 06:01:00.000;2026-07-06 06:01:59.999;29796;29807.5;29800.875;29794.25;29800.75;29800.833333333332;73;0;29800.8125
2026-07-06 06:02:00.000;2026-07-06 06:02:59.999;29803.5;29803.5;29798.375;29793.25;29795.25;29797.333333333332;77;0;29796.8125
2026-07-06 06:03:00.000;2026-07-06 06:03:59.999;29795;29798.5;29792.5;29786.5;29798.5;29794.5;66;0;29795.5
2026-07-06 06:04:00.000;2026-07-06 06:04:59.999;29797.5;29798.5;29793.625;29788.75;29790.75;29792.666666666668;78;0;29792.1875
2026-07-06 06:05:00.000;2026-07-06 06:05:59.999;29793.25;29797.25;29790.25;29783.25;29784.5;29788.333333333332;61;0;29787.375
2026-07-06 06:06:00.000;2026-07-06 06:06:59.999;29785.75;29786.75;29780.25;29773.75;29784.5;29781.666666666668;74;0;29782.375
2026-07-06 06:07:00.000;2026-07-06 06:07:59.999;29785.5;29787;29782.375;29777.75;29782.75;29782.5;68;0;29782.5625
2026-07-06 06:08:00.000;2026-07-06 06:08:59.999;29780.25;29784;29778.75;29773.5;29774;29777.166666666668;58;0;29776.375
2026-07-06 06:09:00.000;2026-07-06 06:09:59.999;29773;29776.5;29772.625;29768.75;29769;29771.416666666668;95;0;29770.8125
2026-07-06 06:10:00.000;2026-07-06 06:10:59.999;29768.25;29771;29766.125;29761.25;29763.75;29765.333333333332;111;0;29764.9375
2026-07-06 06:11:00.000;2026-07-06 06:11:59.999;29764.5;29765.5;29762;29758.5;29759.25;29761.083333333332;38;0;29760.625
2026-07-06 06:12:00.000;2026-07-06 06:12:59.999;29757.5;29765.75;29760.375;29755;29765.75;29762.166666666668;74;0;29763.0625
2026-07-06 06:13:00.000;2026-07-06 06:13:59.999;29762.5;29764.75;29760.125;29755.5;29755.5;29758.583333333332;32;0;29757.8125
2026-07-06 06:14:00.000;2026-07-06 06:14:59.999;29756.25;29762;29758.375;29754.75;29759.75;29758.833333333332;45;0;29759.0625
2026-07-06 06:15:00.000;2026-07-06 06:15:59.999;29760.75;29764.75;29760.75;29756.75;29761.75;29761.083333333332;48;0;29761.25
2026-07-06 06:16:00.000;2026-07-06 06:16:59.999;29765;29769;29765;29761;29761.5;29763.833333333332;96;0;29763.25
2026-07-06 06:17:00.000;2026-07-06 06:17:59.999;29761.75;29770;29765.875;29761.75;29767.75;29766.5;69;0;29766.8125
2026-07-06 06:18:00.000;2026-07-06 06:18:59.999;29767.5;29769.5;29764.375;29759.25;29766;29764.916666666668;60;0;29765.1875
2026-07-06 06:19:00.000;2026-07-06 06:19:59.999;29764;29764.5;29762.25;29760;29761.75;29762.083333333332;24;0;29762
2026-07-06 06:20:00.000;2026-07-06 06:20:59.999;29759.25;29761.25;29758.25;29755.25;29758.75;29758.416666666668;38;0;29758.5
2026-07-06 06:21:00.000;2026-07-06 06:21:59.999;29761.25;29770;29764.875;29759.75;29768;29765.916666666668;68;0;29766.4375
2026-07-06 06:22:00.000;2026-07-06 06:22:59.999;29769;29773.5;29768;29762.5;29763.5;29766.5;61;0;29765.75
2026-07-06 06:23:00.000;2026-07-06 06:23:59.999;29764;29773;29768.5;29764;29771;29769.333333333332;40;0;29769.75
2026-07-06 06:24:00.000;2026-07-06 06:24:59.999;29768.5;29778.5;29771.875;29765.25;29773.5;29772.416666666668;65;0;29772.6875
2026-07-06 06:25:00.000;2026-07-06 06:25:59.999;29775.75;29793.75;29783;29772.25;29792.25;29786.083333333332;124;0;29787.625
2026-07-06 06:26:00.000;2026-07-06 06:26:59.999;29793.5;29794;29790.875;29787.75;29793.5;29791.75;50;0;29792.1875
2026-07-06 06:27:00.000;2026-07-06 06:27:59.999;29791;29795;29792.875;29790.75;29793;29792.916666666668;40;0;29792.9375
2026-07-06 06:28:00.000;2026-07-06 06:28:59.999;29792.75;29797;29793.125;29789.25;29795;29793.75;45;0;29794.0625
2026-07-06 06:29:00.000;2026-07-06 06:29:59.999;29791;29792;29790;29788;29790.5;29790.166666666668;43;0;29790.25
2026-07-06 06:30:00.000;2026-07-06 06:30:59.999;29789;29797;29790.875;29784.75;29786.75;29789.5;67;0;29788.8125
2026-07-06 06:31:00.000;2026-07-06 06:31:59.999;29788;29790.25;29787.375;29784.5;29786.75;29787.166666666668;63;0;29787.0625
2026-07-06 06:32:00.000;2026-07-06 06:32:59.999;29785;29800;29792.5;29785;29799;29794.666666666668;96;0;29795.75
2026-07-06 06:33:00.000;2026-07-06 06:33:59.999;29798.5;29817;29807.25;29797.5;29810;29808.166666666668;241;0;29808.625
2026-07-06 06:34:00.000;2026-07-06 06:34:59.999;29809.75;29818;29813.25;29808.5;29818;29814.833333333332;120;0;29815.625
2026-07-06 06:35:00.000;2026-07-06 06:35:59.999;29817.25;29829.75;29823.375;29817;29829.25;29825.333333333332;186;0;29826.3125
2026-07-06 06:36:00.000;2026-07-06 06:36:59.999;29829.5;29830.5;29827.75;29825;29825.75;29827.083333333332;119;0;29826.75
2026-07-06 06:37:00.000;2026-07-06 06:37:59.999;29826.25;29842.25;29834.125;29826;29838.5;29835.583333333332;271;0;29836.3125
2026-07-06 06:38:00.000;2026-07-06 06:38:59.999;29838.5;29842.25;29837.75;29833.25;29840.5;29838.666666666668;168;0;29839.125
2026-07-06 06:39:00.000;2026-07-06 06:39:59.999;29841.25;29845;29840.375;29835.75;29840.75;29840.5;151;0;29840.5625
2026-07-06 06:40:00.000;2026-07-06 06:40:59.999;29841.5;29853.75;29847;29840.25;29851;29848.333333333332;248;0;29849
2026-07-06 06:41:00.000;2026-07-06 06:41:59.999;29850.75;29855.75;29851.625;29847.5;29849.5;29850.916666666668;166;0;29850.5625
2026-07-06 06:42:00.000;2026-07-06 06:42:59.999;29849.5;29854;29848.75;29843.5;29851;29849.5;120;0;29849.875
2026-07-06 06:43:00.000;2026-07-06 06:43:59.999;29852.25;29858.25;29854.875;29851.5;29857;29855.583333333332;72;0;29855.9375
2026-07-06 06:44:00.000;2026-07-06 06:44:59.999;29855.75;29856.75;29853.5;29850.25;29854.5;29853.833333333332;79;0;29854
2026-07-06 06:45:00.000;2026-07-06 06:45:59.999;29855;29855;29846.625;29838.25;29845.5;29846.25;184;0;29846.0625
2026-07-06 06:46:00.000;2026-07-06 06:46:59.999;29844.5;29845.5;29839;29832.5;29839.25;29839.083333333332;123;0;29839.125
2026-07-06 06:47:00.000;2026-07-06 06:47:59.999;29838.5;29840.5;29838;29835.5;29840.5;29838.833333333332;72;0;29839.25
2026-07-06 06:48:00.000;2026-07-06 06:48:59.999;29840.25;29849.75;29844.75;29839.75;29846.5;29845.333333333332;45;0;29845.625
2026-07-06 06:49:00.000;2026-07-06 06:49:59.999;29846;29848.25;29846.125;29844;29848;29846.75;42;0;29847.0625
2026-07-06 06:50:00.000;2026-07-06 06:50:59.999;29848.25;29851;29847.5;29844;29845;29846.666666666668;55;0;29846.25
2026-07-06 06:51:00.000;2026-07-06 06:51:59.999;29845.75;29855.5;29850.625;29845.75;29853;29851.416666666668;86;0;29851.8125
2026-07-06 06:52:00.000;2026-07-06 06:52:59.999;29851.75;29854.25;29852.25;29850.25;29851.25;29851.916666666668;45;0;29851.75
2026-07-06 06:53:00.000;2026-07-06 06:53:59.999;29853.25;29853.75;29846.25;29838.75;29838.75;29843.75;72;0;29842.5
2026-07-06 06:54:00.000;2026-07-06 06:54:59.999;29839.25;29844.5;29841.875;29839.25;29843.25;29842.333333333332;29;0;29842.5625
2026-07-06 06:55:00.000;2026-07-06 06:55:59.999;29844.5;29851;29845.25;29839.5;29851;29847.166666666668;72;0;29848.125
2026-07-06 06:56:00.000;2026-07-06 06:56:59.999;29850.5;29853;29847.125;29841.25;29842.25;29845.5;72;0;29844.6875
2026-07-06 06:57:00.000;2026-07-06 06:57:59.999;29843.75;29846.5;29843.875;29841.25;29845.75;29844.5;49;0;29844.8125
2026-07-06 06:58:00.000;2026-07-06 06:58:59.999;29848;29850.25;29848.75;29847.25;29848.75;29848.75;30;0;29848.75
2026-07-06 06:59:00.000;2026-07-06 06:59:59.999;29848.75;29851;29847.5;29844;29847.25;29847.416666666668;54;0;29847.375
2026-07-06 07:00:00.000;2026-07-06 07:00:59.999;29846.25;29852.75;29844.375;29836;29839.25;29842.666666666668;145;0;29841.8125
2026-07-06 07:01:00.000;2026-07-06 07:01:59.999;29841.5;29843;29837;29831;29832.5;29835.5;71;0;29834.75
2026-07-06 07:02:00.000;2026-07-06 07:02:59.999;29831.25;29834.75;29832.25;29829.75;29831.75;29832.083333333332;78;0;29832
2026-07-06 07:03:00.000;2026-07-06 07:03:59.999;29833.75;29840.75;29836.125;29831.5;29837.5;29836.583333333332;66;0;29836.8125
2026-07-06 07:04:00.000;2026-07-06 07:04:59.999;29838.75;29848.75;29843.75;29838.75;29848.75;29845.416666666668;32;0;29846.25
2026-07-06 07:05:00.000;2026-07-06 07:05:59.999;29851;29861.25;29856.125;29851;29855;29855.75;172;0;29855.5625
2026-07-06 07:06:00.000;2026-07-06 07:06:59.999;29854.75;29857.5;29854.875;29852.25;29855.75;29855.166666666668;65;0;29855.3125
2026-07-06 07:07:00.000;2026-07-06 07:07:59.999;29851.25;29856.25;29849.75;29843.25;29856.25;29851.916666666668;76;0;29853
2026-07-06 07:08:00.000;2026-07-06 07:08:59.999;29855.75;29858;29855.375;29852.75;29858;29856.25;22;0;29856.6875
2026-07-06 07:09:00.000;2026-07-06 07:09:59.999;29857.75;29860;29855;29850;29850;29853.333333333332;56;0;29852.5
2026-07-06 07:10:00.000;2026-07-06 07:10:59.999;29849.75;29861.5;29854.75;29848;29860.5;29856.666666666668;146;0;29857.625
2026-07-06 07:11:00.000;2026-07-06 07:11:59.999;29860.75;29860.75;29857.25;29853.75;29858.5;29857.666666666668;46;0;29857.875
2026-07-06 07:12:00.000;2026-07-06 07:12:59.999;29858.5;29862.75;29859.5;29856.25;29857.5;29858.833333333332;57;0;29858.5
2026-07-06 07:13:00.000;2026-07-06 07:13:59.999;29856.75;29856.75;29849;29841.25;29843.25;29847.083333333332;143;0;29846.125
2026-07-06 07:14:00.000;2026-07-06 07:14:59.999;29843.75;29848;29844.5;29841;29848;29845.666666666668;31;0;29846.25
2026-07-06 07:15:00.000;2026-07-06 07:15:59.999;29850.5;29858.75;29854.625;29850.5;29857.25;29855.5;27;0;29855.9375
2026-07-06 07:16:00.000;2026-07-06 07:16:59.999;29857.25;29861.5;29858.25;29855;29859.25;29858.583333333332;56;0;29858.75
2026-07-06 07:17:00.000;2026-07-06 07:17:59.999;29857.75;29862;29857.75;29853.5;29859.75;29858.416666666668;37;0;29858.75
2026-07-06 07:18:00.000;2026-07-06 07:18:59.999;29858.75;29860;29854.375;29848.75;29848.75;29852.5;31;0;29851.5625
2026-07-06 07:19:00.000;2026-07-06 07:19:59.999;29849;29863.75;29855.875;29848;29859.75;29857.166666666668;146;0;29857.8125
2026-07-06 07:20:00.000;2026-07-06 07:20:59.999;29860.25;29860.25;29855.75;29851.25;29851.25;29854.25;69;0;29853.5
2026-07-06 07:21:00.000;2026-07-06 07:21:59.999;29850.25;29851;29847.375;29843.75;29844.5;29846.416666666668;74;0;29845.9375
2026-07-06 07:22:00.000;2026-07-06 07:22:59.999;29847.25;29847.5;29841.625;29835.75;29838.75;29840.666666666668;41;0;29840.1875
2026-07-06 07:23:00.000;2026-07-06 07:23:59.999;29837.5;29838;29836.25;29834.5;29836.5;29836.333333333332;55;0;29836.375
2026-07-06 07:24:00.000;2026-07-06 07:24:59.999;29838;29843.75;29838;29832.25;29836;29837.333333333332;74;0;29837
2026-07-06 07:25:00.000;2026-07-06 07:25:59.999;29836.5;29839.75;29835.5;29831.25;29832.75;29834.583333333332;38;0;29834.125
2026-07-06 07:26:00.000;2026-07-06 07:26:59.999;29831.5;29835.25;29832.5;29829.75;29830.25;29831.75;81;0;29831.375
2026-07-06 07:27:00.000;2026-07-06 07:27:59.999;29829.75;29835.75;29832.25;29828.75;29833;29832.5;19;0;29832.625
2026-07-06 07:28:00.000;2026-07-06 07:28:59.999;29831.75;29831.75;29826;29820.25;29820.25;29824.083333333332;100;0;29823.125
2026-07-06 07:29:00.000;2026-07-06 07:29:59.999;29820.75;29825.25;29821.5;29817.75;29820.25;29821.083333333332;76;0;29820.875
2026-07-06 07:30:00.000;2026-07-06 07:30:59.999;29822;29823.75;29820;29816.25;29822.5;29820.833333333332;83;0;29821.25
2026-07-06 07:31:00.000;2026-07-06 07:31:59.999;29822.25;29834;29827.25;29820.5;29833;29829.166666666668;83;0;29830.125
2026-07-06 07:32:00.000;2026-07-06 07:32:59.999;29833.5;29843;29838.25;29833.5;29843;29839.833333333332;41;0;29840.625
2026-07-06 07:33:00.000;2026-07-06 07:33:59.999;29843;29846.75;29842.75;29838.75;29845.5;29843.666666666668;80;0;29844.125
2026-07-06 07:34:00.000;2026-07-06 07:34:59.999;29847;29848.5;29846.375;29844.25;29845.5;29846.083333333332;66;0;29845.9375
2026-07-06 07:35:00.000;2026-07-06 07:35:59.999;29847.75;29850.75;29847.375;29844;29846.5;29847.083333333332;36;0;29846.9375
2026-07-06 07:36:00.000;2026-07-06 07:36:59.999;29847;29848.25;29846.25;29844.25;29844.75;29845.75;21;0;29845.5
2026-07-06 07:37:00.000;2026-07-06 07:37:59.999;29843.75;29845;29841.25;29837.5;29839.25;29840.583333333332;41;0;29840.25
2026-07-06 07:38:00.000;2026-07-06 07:38:59.999;29840.5;29843.25;29839;29834.75;29834.75;29837.583333333332;38;0;29836.875
2026-07-06 07:39:00.000;2026-07-06 07:39:59.999;29834;29839.25;29836.5;29833.75;29839.25;29837.416666666668;33;0;29837.875
2026-07-06 07:40:00.000;2026-07-06 07:40:59.999;29837;29849.25;29843.125;29837;29846.75;29844.333333333332;44;0;29844.9375
2026-07-06 07:41:00.000;2026-07-06 07:41:59.999;29848;29855;29851.375;29847.75;29850.25;29851;58;0;29850.8125
2026-07-06 07:42:00.000;2026-07-06 07:42:59.999;29851.75;29857.25;29854.5;29851.75;29856;29855;27;0;29855.25
2026-07-06 07:43:00.000;2026-07-06 07:43:59.999;29855;29870.25;29862.25;29854.25;29867.25;29863.916666666668;116;0;29864.75
2026-07-06 07:44:00.000;2026-07-06 07:44:59.999;29867.5;29876.25;29871.625;29867;29872.75;29872;79;0;29872.1875
2026-07-06 07:45:00.000;2026-07-06 07:45:59.999;29870.5;29873.25;29871.125;29869;29870.5;29870.916666666668;40;0;29870.8125
2026-07-06 07:46:00.000;2026-07-06 07:46:59.999;29869;29872.25;29869.25;29866.25;29869.75;29869.416666666668;37;0;29869.5
2026-07-06 07:47:00.000;2026-07-06 07:47:59.999;29870;29870.5;29869.375;29868.25;29869.25;29869.333333333332;21;0;29869.3125
2026-07-06 07:48:00.000;2026-07-06 07:48:59.999;29870.25;29872.25;29870.125;29868;29870.75;29870.333333333332;36;0;29870.4375
2026-07-06 07:49:00.000;2026-07-06 07:49:59.999;29871;29875.25;29872.125;29869;29870.75;29871.666666666668;63;0;29871.4375
2026-07-06 07:50:00.000;2026-07-06 07:50:59.999;29871;29871;29867.75;29864.5;29865.25;29866.916666666668;61;0;29866.5
2026-07-06 07:51:00.000;2026-07-06 07:51:59.999;29867.5;29869.5;29866.625;29863.75;29868.5;29867.25;36;0;29867.5625
2026-07-06 07:52:00.000;2026-07-06 07:52:59.999;29869.25;29871.5;29866.25;29861;29863.25;29865.25;32;0;29864.75
2026-07-06 07:53:00.000;2026-07-06 07:53:59.999;29863;29863;29860.375;29857.75;29859.75;29860.166666666668;28;0;29860.0625
2026-07-06 07:54:00.000;2026-07-06 07:54:59.999;29861;29862.5;29859.375;29856.25;29858.25;29859;42;0;29858.8125
2026-07-06 07:55:00.000;2026-07-06 07:55:59.999;29859.75;29861.25;29857.375;29853.5;29853.5;29856.083333333332;25;0;29855.4375
2026-07-06 07:56:00.000;2026-07-06 07:56:59.999;29852.25;29862.25;29857.25;29852.25;29857;29857.166666666668;53;0;29857.125
2026-07-06 07:57:00.000;2026-07-06 07:57:59.999;29856;29859;29855.875;29852.75;29858.75;29856.833333333332;31;0;29857.3125
2026-07-06 07:58:00.000;2026-07-06 07:58:59.999;29857;29863;29859;29855;29860;29859.333333333332;48;0;29859.5
2026-07-06 07:59:00.000;2026-07-06 07:59:59.999;29862;29863.25;29857.25;29851.25;29852.5;29855.666666666668;53;0;29854.875
2026-07-06 08:00:00.000;2026-07-06 08:00:59.999;29852.75;29875.75;29860.75;29845.75;29872.75;29864.75;238;0;29866.75
2026-07-06 08:01:00.000;2026-07-06 08:01:59.999;29872.25;29875.5;29869.75;29864;29868.5;29869.333333333332;127;0;29869.125
2026-07-06 08:02:00.000;2026-07-06 08:02:59.999;29866;29880;29872.375;29864.75;29865.75;29870.166666666668;153;0;29869.0625
2026-07-06 08:03:00.000;2026-07-06 08:03:59.999;29864.25;29868.5;29862;29855.5;29861.5;29861.833333333332;87;0;29861.75
2026-07-06 08:04:00.000;2026-07-06 08:04:59.999;29864.25;29866.25;29863.5;29860.75;29861.5;29862.833333333332;42;0;29862.5
2026-07-06 08:05:00.000;2026-07-06 08:05:59.999;29864;29873.25;29867.5;29861.75;29872.25;29869.083333333332;89;0;29869.875
2026-07-06 08:06:00.000;2026-07-06 08:06:59.999;29868.75;29880;29874.125;29868.25;29877.25;29875.166666666668;85;0;29875.6875
2026-07-06 08:07:00.000;2026-07-06 08:07:59.999;29877.25;29877.75;29874;29870.25;29870.5;29872.833333333332;66;0;29872.25
2026-07-06 08:08:00.000;2026-07-06 08:08:59.999;29871.25;29881.25;29875.5;29869.75;29877.25;29876.083333333332;47;0;29876.375
2026-07-06 08:09:00.000;2026-07-06 08:09:59.999;29878.25;29884;29876.25;29868.5;29870;29874.166666666668;183;0;29873.125
2026-07-06 08:10:00.000;2026-07-06 08:10:59.999;29868.25;29873;29864.5;29856;29859.5;29862.833333333332;117;0;29862
2026-07-06 08:11:00.000;2026-07-06 08:11:59.999;29860;29862;29850.375;29838.75;29840.5;29847.083333333332;140;0;29845.4375
2026-07-06 08:12:00.000;2026-07-06 08:12:59.999;29837.5;29840;29827.875;29815.75;29817;29824.25;217;0;29822.4375
2026-07-06 08:13:00.000;2026-07-06 08:13:59.999;29815.5;29816.25;29809.875;29803.5;29815;29811.583333333332;211;0;29812.4375
2026-07-06 08:14:00.000;2026-07-06 08:14:59.999;29814.5;29823;29816.5;29810;29821.75;29818.25;61;0;29819.125
2026-07-06 08:15:00.000;2026-07-06 08:15:59.999;29824.25;29825;29814.25;29803.5;29805;29811.166666666668;111;0;29809.625
2026-07-06 08:16:00.000;2026-07-06 08:16:59.999;29805.25;29808;29794;29780;29787.75;29791.916666666668;259;0;29790.875
2026-07-06 08:17:00.000;2026-07-06 08:17:59.999;29788.5;29807.75;29798.125;29788.5;29800.5;29798.916666666668;103;0;29799.3125
2026-07-06 08:18:00.000;2026-07-06 08:18:59.999;29798.5;29809.5;29803;29796.5;29806.25;29804.083333333332;49;0;29804.625
2026-07-06 08:19:00.000;2026-07-06 08:19:59.999;29805.25;29816;29810.125;29804.25;29815.5;29811.916666666668;85;0;29812.8125
2026-07-06 08:20:00.000;2026-07-06 08:20:59.999;29815;29817.75;29812.375;29807;29817;29813.916666666668;90;0;29814.6875
2026-07-06 08:21:00.000;2026-07-06 08:21:59.999;29815.75;29820.25;29815.625;29811;29812.25;29814.5;70;0;29813.9375
2026-07-06 08:22:00.000;2026-07-06 08:22:59.999;29812;29825.5;29816;29806.5;29818;29816.666666666668;88;0;29817
2026-07-06 08:23:00.000;2026-07-06 08:23:59.999;29818;29823;29816.375;29809.75;29815;29815.916666666668;36;0;29815.6875
2026-07-06 08:24:00.000;2026-07-06 08:24:59.999;29811.25;29827.75;29819.5;29811.25;29824.75;29821.25;52;0;29822.125
2026-07-06 08:25:00.000;2026-07-06 08:25:59.999;29825.75;29830;29827.875;29825.75;29830;29828.583333333332;42;0;29828.9375
2026-07-06 08:26:00.000;2026-07-06 08:26:59.999;29828.75;29830;29826.375;29822.75;29829.25;29827.333333333332;38;0;29827.8125
2026-07-06 08:27:00.000;2026-07-06 08:27:59.999;29828.75;29831.75;29829.375;29827;29829.25;29829.333333333332;29;0;29829.3125
2026-07-06 08:28:00.000;2026-07-06 08:28:59.999;29829.25;29830.5;29826.5;29822.5;29823.5;29825.5;42;0;29825
2026-07-06 08:29:00.000;2026-07-06 08:29:59.999;29823;29833.25;29827.125;29821;29833.25;29829.166666666668;46;0;29830.1875
2026-07-06 08:30:00.000;2026-07-06 08:30:59.999;29831;29832.5;29827.75;29823;29825.5;29827;96;0;29826.625
2026-07-06 08:31:00.000;2026-07-06 08:31:59.999;29826.5;29833.5;29827.5;29821.5;29823.25;29826.083333333332;65;0;29825.375
2026-07-06 08:32:00.000;2026-07-06 08:32:59.999;29823;29826.75;29822.5;29818.25;29818.25;29821.083333333332;54;0;29820.375
2026-07-06 08:33:00.000;2026-07-06 08:33:59.999;29822;29831.25;29826.375;29821.5;29822;29824.916666666668;60;0;29824.1875
2026-07-06 08:34:00.000;2026-07-06 08:34:59.999;29819.75;29819.75;29816.625;29813.5;29815.5;29816.25;68;0;29816.0625
2026-07-06 08:35:00.000;2026-07-06 08:35:59.999;29817.5;29822.75;29818;29813.25;29821;29819;38;0;29819.5
2026-07-06 08:36:00.000;2026-07-06 08:36:59.999;29819.25;29819.75;29817;29814.25;29815.25;29816.416666666668;25;0;29816.125
2026-07-06 08:37:00.000;2026-07-06 08:37:59.999;29814;29818;29812.875;29807.75;29814.25;29813.333333333332;72;0;29813.5625
2026-07-06 08:38:00.000;2026-07-06 08:38:59.999;29815.5;29820;29816.75;29813.5;29816.5;29816.666666666668;49;0;29816.625
2026-07-06 08:39:00.000;2026-07-06 08:39:59.999;29817;29827.75;29822.125;29816.5;29826.75;29823.666666666668;42;0;29824.4375
2026-07-06 08:40:00.000;2026-07-06 08:40:59.999;29827.75;29850;29837.75;29825.5;29849.5;29841.666666666668;165;0;29843.625
2026-07-06 08:41:00.000;2026-07-06 08:41:59.999;29847.25;29851.25;29847.5;29843.75;29846.75;29847.25;72;0;29847.125
2026-07-06 08:42:00.000;2026-07-06 08:42:59.999;29845.25;29848.5;29846.75;29845;29846;29846.5;36;0;29846.375
2026-07-06 08:43:00.000;2026-07-06 08:43:59.999;29845.25;29850.75;29848;29845.25;29846;29847.333333333332;35;0;29847
2026-07-06 08:44:00.000;2026-07-06 08:44:59.999;29849.5;29853;29847.125;29841.25;29843.25;29845.833333333332;62;0;29845.1875
2026-07-06 08:45:00.000;2026-07-06 08:45:59.999;29845.75;29847.75;29844.375;29841;29842.25;29843.666666666668;41;0;29843.3125
2026-07-06 08:46:00.000;2026-07-06 08:46:59.999;29841.25;29845.5;29842;29838.5;29840.25;29841.416666666668;59;0;29841.125
2026-07-06 08:47:00.000;2026-07-06 08:47:59.999;29841.75;29848;29843.875;29839.75;29839.75;29842.5;23;0;29841.8125
2026-07-06 08:48:00.000;2026-07-06 08:48:59.999;29842.5;29850.5;29846.25;29842;29850.5;29847.666666666668;21;0;29848.375
2026-07-06 08:49:00.000;2026-07-06 08:49:59.999;29849.5;29849.5;29846.125;29842.75;29844.75;29845.666666666668;96;0;29845.4375
2026-07-06 08:50:00.000;2026-07-06 08:50:59.999;29845.75;29849.25;29844.375;29839.5;29846;29844.916666666668;56;0;29845.1875
2026-07-06 08:51:00.000;2026-07-06 08:51:59.999;29847.75;29851.25;29849.125;29847;29848.25;29848.833333333332;77;0;29848.6875
2026-07-06 08:52:00.000;2026-07-06 08:52:59.999;29852;29856;29851.625;29847.25;29847.25;29850.166666666668;59;0;29849.4375
2026-07-06 08:53:00.000;2026-07-06 08:53:59.999;29850;29852.75;29848;29843.25;29851.25;29849.083333333332;34;0;29849.625
2026-07-06 08:54:00.000;2026-07-06 08:54:59.999;29851.25;29853.75;29851.875;29850;29851.75;29851.833333333332;36;0;29851.8125
2026-07-06 08:55:00.000;2026-07-06 08:55:59.999;29852.25;29857.25;29852.625;29848;29856.5;29853.916666666668;28;0;29854.5625
2026-07-06 08:56:00.000;2026-07-06 08:56:59.999;29857.75;29866;29861.125;29856.25;29859;29860.416666666668;80;0;29860.0625
2026-07-06 08:57:00.000;2026-07-06 08:57:59.999;29861.25;29862.75;29859.875;29857;29860.5;29860.083333333332;27;0;29860.1875
2026-07-06 08:58:00.000;2026-07-06 08:58:59.999;29860.75;29868.75;29864.5;29860.25;29867;29865.333333333332;39;0;29865.75
2026-07-06 08:59:00.000;2026-07-06 08:59:59.999;29868.75;29870.75;29867.625;29864.5;29867;29867.416666666668;49;0;29867.3125
2026-07-06 09:00:00.000;2026-07-06 09:00:59.999;29869.75;29869.75;29860.375;29851;29853.25;29858;107;0;29856.8125
2026-07-06 09:01:00.000;2026-07-06 09:01:59.999;29853;29870.25;29861.625;29853;29868.25;29863.833333333332;73;0;29864.9375
2026-07-06 09:02:00.000;2026-07-06 09:02:59.999;29868.75;29871.25;29866.375;29861.5;29862.25;29865;86;0;29864.3125
2026-07-06 09:03:00.000;2026-07-06 09:03:59.999;29862.5;29865.75;29861.375;29857;29862;29861.583333333332;49;0;29861.6875
2026-07-06 09:04:00.000;2026-07-06 09:04:59.999;29862.25;29865.5;29859.375;29853.25;29857.5;29858.75;48;0;29858.4375
2026-07-06 09:05:00.000;2026-07-06 09:05:59.999;29856;29861.75;29858.875;29856;29861.75;29859.833333333332;15;0;29860.3125
2026-07-06 09:06:00.000;2026-07-06 09:06:59.999;29859.25;29875;29866.125;29857.25;29869.75;29867.333333333332;89;0;29867.9375
2026-07-06 09:07:00.000;2026-07-06 09:07:59.999;29871.25;29871.25;29866.625;29862;29862;29865.083333333332;58;0;29864.3125
2026-07-06 09:08:00.000;2026-07-06 09:08:59.999;29863;29864;29859.5;29855;29856.75;29858.583333333332;72;0;29858.125
2026-07-06 09:09:00.000;2026-07-06 09:09:59.999;29856.25;29862.25;29858;29853.75;29861.75;29859.25;50;0;29859.875
2026-07-06 09:10:00.000;2026-07-06 09:10:59.999;29861.25;29861.25;29857.75;29854.25;29854.25;29856.583333333332;22;0;29856
2026-07-06 09:11:00.000;2026-07-06 09:11:59.999;29852.5;29854.25;29851.375;29848.5;29854.25;29852.333333333332;109;0;29852.8125
2026-07-06 09:12:00.000;2026-07-06 09:12:59.999;29855.25;29858;29851;29844;29849.75;29850.583333333332;68;0;29850.375
2026-07-06 09:13:00.000;2026-07-06 09:13:59.999;29851.75;29853.75;29849.875;29846;29848.25;29849.333333333332;65;0;29849.0625
2026-07-06 09:14:00.000;2026-07-06 09:14:59.999;29849;29854.75;29850.75;29846.75;29853.75;29851.75;41;0;29852.25
2026-07-06 09:15:00.000;2026-07-06 09:15:59.999;29853.75;29861.25;29856.75;29852.25;29855.5;29856.333333333332;51;0;29856.125
2026-07-06 09:16:00.000;2026-07-06 09:16:59.999;29857.5;29864;29860.25;29856.5;29860.25;29860.25;45;0;29860.25
2026-07-06 09:17:00.000;2026-07-06 09:17:59.999;29860.25;29868;29864.125;29860.25;29865.75;29864.666666666668;34;0;29864.9375
2026-07-06 09:18:00.000;2026-07-06 09:18:59.999;29865.5;29869;29865.75;29862.5;29863.5;29865;52;0;29864.625
2026-07-06 09:19:00.000;2026-07-06 09:19:59.999;29864.75;29865.25;29859.75;29854.25;29856.5;29858.666666666668;64;0;29858.125
2026-07-06 09:20:00.000;2026-07-06 09:20:59.999;29856.5;29857.5;29854;29850.5;29853;29853.666666666668;27;0;29853.5
2026-07-06 09:21:00.000;2026-07-06 09:21:59.999;29851.75;29859.75;29854.875;29850;29850.75;29853.5;51;0;29852.8125
2026-07-06 09:22:00.000;2026-07-06 09:22:59.999;29850.5;29858.25;29854.375;29850.5;29855.75;29854.833333333332;44;0;29855.0625
2026-07-06 09:23:00.000;2026-07-06 09:23:59.999;29856;29859.75;29857.625;29855.5;29859.75;29858.333333333332;13;0;29858.6875
2026-07-06 09:24:00.000;2026-07-06 09:24:59.999;29861;29862.5;29859.875;29857.25;29858.25;29859.333333333332;17;0;29859.0625
2026-07-06 09:25:00.000;2026-07-06 09:25:59.999;29856.5;29863.25;29859.375;29855.5;29862.5;29860.416666666668;41;0;29860.9375
2026-07-06 09:26:00.000;2026-07-06 09:26:59.999;29863.5;29869.75;29863.375;29857;29858.5;29861.75;99;0;29860.9375
2026-07-06 09:27:00.000;2026-07-06 09:27:59.999;29860;29863.75;29860.25;29856.75;29863.75;29861.416666666668;26;0;29862
2026-07-06 09:28:00.000;2026-07-06 09:28:59.999;29863.75;29864;29861.625;29859.25;29860.5;29861.25;20;0;29861.0625
2026-07-06 09:29:00.000;2026-07-06 09:29:59.999;29860.75;29863.5;29859.875;29856.25;29863.5;29861.083333333332;22;0;29861.6875
2026-07-06 09:30:00.000;2026-07-06 09:30:59.999;29864.75;29867;29861.75;29856.5;29862.25;29861.916666666668;30;0;29862
2026-07-06 09:31:00.000;2026-07-06 09:31:59.999;29862.5;29862.5;29852.25;29842;29845;29849.833333333332;90;0;29848.625
2026-07-06 09:32:00.000;2026-07-06 09:32:59.999;29844.5;29848.5;29844.625;29840.75;29845.25;29844.833333333332;40;0;29844.9375
2026-07-06 09:33:00.000;2026-07-06 09:33:59.999;29845.25;29847;29843;29839;29841.25;29842.416666666668;48;0;29842.125
2026-07-06 09:34:00.000;2026-07-06 09:34:59.999;29842.25;29848;29843.75;29839.5;29848;29845.166666666668;41;0;29845.875
2026-07-06 09:35:00.000;2026-07-06 09:35:59.999;29849.25;29861;29855;29849;29857.75;29855.916666666668;64;0;29856.375
2026-07-06 09:36:00.000;2026-07-06 09:36:59.999;29859.25;29864.5;29860.875;29857.25;29863.5;29861.75;49;0;29862.1875
2026-07-06 09:37:00.000;2026-07-06 09:37:59.999;29862.75;29864.5;29862.75;29861;29861.75;29862.416666666668;25;0;29862.25
2026-07-06 09:38:00.000;2026-07-06 09:38:59.999;29861.5;29863.75;29861.5;29859.25;29861.75;29861.583333333332;23;0;29861.625
2026-07-06 09:39:00.000;2026-07-06 09:39:59.999;29861;29862.25;29858.875;29855.5;29857.75;29858.5;40;0;29858.3125
2026-07-06 09:40:00.000;2026-07-06 09:40:59.999;29859;29863.25;29860.375;29857.5;29859.75;29860.166666666668;19;0;29860.0625
2026-07-06 09:41:00.000;2026-07-06 09:41:59.999;29859.75;29866;29860.75;29855.5;29856.5;29859.333333333332;44;0;29858.625
2026-07-06 09:42:00.000;2026-07-06 09:42:59.999;29858;29863.25;29860.625;29858;29861;29860.75;17;0;29860.8125
2026-07-06 09:43:00.000;2026-07-06 09:43:59.999;29860;29861.25;29859;29856.75;29858;29858.666666666668;23;0;29858.5
2026-07-06 09:44:00.000;2026-07-06 09:44:59.999;29856;29857.75;29853.75;29849.75;29849.75;29852.416666666668;38;0;29851.75
2026-07-06 09:45:00.000;2026-07-06 09:45:59.999;29849.75;29852.25;29847.625;29843;29843;29846.083333333332;41;0;29845.3125
2026-07-06 09:46:00.000;2026-07-06 09:46:59.999;29843;29847.25;29843.125;29839;29839;29841.75;64;0;29841.0625
2026-07-06 09:47:00.000;2026-07-06 09:47:59.999;29840.25;29843.25;29841.375;29839.5;29840;29840.916666666668;33;0;29840.6875
2026-07-06 09:48:00.000;2026-07-06 09:48:59.999;29842.5;29842.75;29835.125;29827.5;29829;29833.083333333332;127;0;29832.0625
2026-07-06 09:49:00.000;2026-07-06 09:49:59.999;29829.75;29835.75;29832.75;29829.75;29833.5;29833;60;0;29833.125
2026-07-06 09:50:00.000;2026-07-06 09:50:59.999;29834.75;29847.75;29839.75;29831.75;29847.75;29842.416666666668;94;0;29843.75
2026-07-06 09:51:00.000;2026-07-06 09:51:59.999;29847.75;29871;29859.375;29847.75;29869.25;29862.666666666668;198;0;29864.3125
2026-07-06 09:52:00.000;2026-07-06 09:52:59.999;29870.25;29874;29871.5;29869;29870.5;29871.166666666668;115;0;29871
2026-07-06 09:53:00.000;2026-07-06 09:53:59.999;29869.5;29882.5;29875.25;29868;29880;29876.833333333332;158;0;29877.625
2026-07-06 09:54:00.000;2026-07-06 09:54:59.999;29881.5;29885.5;29883;29880.5;29883.25;29883.083333333332;114;0;29883.125
2026-07-06 09:55:00.000;2026-07-06 09:55:59.999;29884;29886.25;29884.125;29882;29883.75;29884;71;0;29883.9375
2026-07-06 09:56:00.000;2026-07-06 09:56:59.999;29883.75;29888.5;29884.75;29881;29885.5;29885;99;0;29885.125
2026-07-06 09:57:00.000;2026-07-06 09:57:59.999;29884;29884;29879.25;29874.5;29876;29878.166666666668;50;0;29877.625
2026-07-06 09:58:00.000;2026-07-06 09:58:59.999;29875.75;29881.5;29878.375;29875.25;29878.5;29878.416666666668;44;0;29878.4375
2026-07-06 09:59:00.000;2026-07-06 09:59:59.999;29878;29878;29876.875;29875.75;29877;29876.916666666668;25;0;29876.9375
2026-07-06 10:00:00.000;2026-07-06 10:00:59.999;29878;29885.5;29878.125;29870.75;29884;29880.083333333332;149;0;29881.0625
2026-07-06 10:01:00.000;2026-07-06 10:01:59.999;29886;29891.5;29883.375;29875.25;29875.25;29880.666666666668;114;0;29879.3125
2026-07-06 10:02:00.000;2026-07-06 10:02:59.999;29877;29877;29870.5;29864;29866.5;29869.166666666668;142;0;29868.5
2026-07-06 10:03:00.000;2026-07-06 10:03:59.999;29869.75;29870;29866.75;29863.5;29866.25;29866.583333333332;42;0;29866.5
2026-07-06 10:04:00.000;2026-07-06 10:04:59.999;29867;29874.5;29869.875;29865.25;29867.5;29869.083333333332;50;0;29868.6875
2026-07-06 10:05:00.000;2026-07-06 10:05:59.999;29865.25;29869.5;29866.375;29863.25;29868.5;29867.083333333332;31;0;29867.4375
2026-07-06 10:06:00.000;2026-07-06 10:06:59.999;29869.5;29873.25;29864.75;29856.25;29862.75;29864.083333333332;77;0;29863.75
2026-07-06 10:07:00.000;2026-07-06 10:07:59.999;29862.75;29863.25;29860.375;29857.5;29860.75;29860.5;31;0;29860.5625
2026-07-06 10:08:00.000;2026-07-06 10:08:59.999;29861;29861;29857.5;29854;29855.25;29856.75;43;0;29856.375
2026-07-06 10:09:00.000;2026-07-06 10:09:59.999;29856;29863;29859.5;29856;29857.75;29858.916666666668;83;0;29858.625
2026-07-06 10:10:00.000;2026-07-06 10:10:59.999;29861.5;29867.25;29859.75;29852.25;29866.25;29861.916666666668;85;0;29863
2026-07-06 10:11:00.000;2026-07-06 10:11:59.999;29866;29869.25;29865.625;29862;29866.25;29865.833333333332;38;0;29865.9375
2026-07-06 10:12:00.000;2026-07-06 10:12:59.999;29865.5;29871.75;29868.125;29864.5;29871.25;29869.166666666668;48;0;29869.6875
2026-07-06 10:13:00.000;2026-07-06 10:13:59.999;29870.5;29873.5;29870.75;29868;29873;29871.5;29;0;29871.875
2026-07-06 10:14:00.000;2026-07-06 10:14:59.999;29873.75;29878.75;29874.375;29870;29878.5;29875.75;36;0;29876.4375
2026-07-06 10:15:00.000;2026-07-06 10:15:59.999;29878.5;29878.5;29874.625;29870.75;29875;29874.75;50;0;29874.8125
2026-07-06 10:16:00.000;2026-07-06 10:16:59.999;29873;29877.75;29874.125;29870.5;29872.75;29873.666666666668;56;0;29873.4375
2026-07-06 10:17:00.000;2026-07-06 10:17:59.999;29873.75;29879;29876.375;29873.75;29874.75;29875.833333333332;45;0;29875.5625
2026-07-06 10:18:00.000;2026-07-06 10:18:59.999;29878;29881.5;29879.75;29878;29879.5;29879.666666666668;46;0;29879.625
2026-07-06 10:19:00.000;2026-07-06 10:19:59.999;29879;29884.75;29881.75;29878.75;29879.25;29880.916666666668;48;0;29880.5
2026-07-06 10:20:00.000;2026-07-06 10:20:59.999;29879.5;29883.25;29880.375;29877.5;29877.75;29879.5;38;0;29879.0625
2026-07-06 10:21:00.000;2026-07-06 10:21:59.999;29878.5;29883;29878.875;29874.75;29875.25;29877.666666666668;46;0;29877.0625
2026-07-06 10:22:00.000;2026-07-06 10:22:59.999;29874.25;29875.25;29874;29872.75;29875.25;29874.416666666668;11;0;29874.625
2026-07-06 10:23:00.000;2026-07-06 10:23:59.999;29875.25;29876.5;29874.625;29872.75;29874.5;29874.583333333332;24;0;29874.5625
2026-07-06 10:24:00.000;2026-07-06 10:24:59.999;29873;29874.75;29871.375;29868;29868;29870.25;47;0;29869.6875
2026-07-06 10:25:00.000;2026-07-06 10:25:59.999;29868.5;29869.75;29867.375;29865;29869;29867.916666666668;67;0;29868.1875
2026-07-06 10:26:00.000;2026-07-06 10:26:59.999;29869.25;29871;29867.375;29863.75;29866.25;29867;81;0;29866.8125
2026-07-06 10:27:00.000;2026-07-06 10:27:59.999;29867;29867.5;29865.25;29863;29863;29864.5;23;0;29864.125
2026-07-06 10:28:00.000;2026-07-06 10:28:59.999;29862.75;29865.75;29863.875;29862;29862.75;29863.5;29;0;29863.3125
2026-07-06 10:29:00.000;2026-07-06 10:29:59.999;29861.75;29864.75;29862.75;29860.75;29864.75;29863.416666666668;17;0;29863.75
2026-07-06 10:30:00.000;2026-07-06 10:30:59.999;29864;29864.75;29861.875;29859;29861.25;29861.666666666668;54;0;29861.5625
2026-07-06 10:31:00.000;2026-07-06 10:31:59.999;29862.5;29864.75;29861.75;29858.75;29859.5;29861;64;0;29860.625
2026-07-06 10:32:00.000;2026-07-06 10:32:59.999;29860.5;29861.75;29859.625;29857.5;29859.25;29859.5;68;0;29859.4375
2026-07-06 10:33:00.000;2026-07-06 10:33:59.999;29860.75;29872.75;29866.5;29860.25;29872.75;29868.583333333332;39;0;29869.625
2026-07-06 10:34:00.000;2026-07-06 10:34:59.999;29874;29880;29876.375;29872.75;29878;29876.916666666668;59;0;29877.1875
2026-07-06 10:35:00.000;2026-07-06 10:35:59.999;29878.5;29878.75;29873.875;29869;29869;29872.25;34;0;29871.4375
2026-07-06 10:36:00.000;2026-07-06 10:36:59.999;29870.75;29877.75;29874.25;29870.75;29877.75;29875.416666666668;29;0;29876
2026-07-06 10:37:00.000;2026-07-06 10:37:59.999;29878.5;29884;29880.75;29877.5;29883.75;29881.75;74;0;29882.25
2026-07-06 10:38:00.000;2026-07-06 10:38:59.999;29882.5;29884;29881.25;29878.5;29880.25;29880.916666666668;22;0;29880.75
2026-07-06 10:39:00.000;2026-07-06 10:39:59.999;29880.5;29884;29880.5;29877;29882;29881;26;0;29881.25
2026-07-06 10:40:00.000;2026-07-06 10:40:59.999;29880.5;29880.5;29878.25;29876;29876.25;29877.583333333332;31;0;29877.25
2026-07-06 10:41:00.000;2026-07-06 10:41:59.999;29875.75;29885;29880.375;29875.75;29878;29879.583333333332;36;0;29879.1875
2026-07-06 10:42:00.000;2026-07-06 10:42:59.999;29878.5;29878.5;29872.375;29866.25;29866.5;29870.416666666668;61;0;29869.4375
2026-07-06 10:43:00.000;2026-07-06 10:43:59.999;29868;29870.25;29866;29861.75;29861.75;29864.583333333332;49;0;29863.875
2026-07-06 10:44:00.000;2026-07-06 10:44:59.999;29860.5;29862.5;29858.375;29854.25;29857;29857.916666666668;75;0;29857.6875
2026-07-06 10:45:00.000;2026-07-06 10:45:59.999;29856;29858.25;29852.75;29847.25;29853;29852.833333333332;129;0;29852.875
2026-07-06 10:46:00.000;2026-07-06 10:46:59.999;29853.75;29860;29856.625;29853.25;29860;29857.75;47;0;29858.3125
2026-07-06 10:47:00.000;2026-07-06 10:47:59.999;29859.75;29861.5;29859.625;29857.75;29858.25;29859.166666666668;32;0;29858.9375
2026-07-06 10:48:00.000;2026-07-06 10:48:59.999;29857.25;29861.5;29856.5;29851.5;29851.5;29854.833333333332;54;0;29854
2026-07-06 10:49:00.000;2026-07-06 10:49:59.999;29852;29861.25;29856.375;29851.5;29858.25;29857;51;0;29857.3125
2026-07-06 10:50:00.000;2026-07-06 10:50:59.999;29855.75;29863;29859;29855;29863;29860.333333333332;35;0;29861
2026-07-06 10:51:00.000;2026-07-06 10:51:59.999;29864;29864.75;29862.375;29860;29860;29861.583333333332;38;0;29861.1875
2026-07-06 10:52:00.000;2026-07-06 10:52:59.999;29862.75;29867;29864.875;29862.75;29866.25;29865.333333333332;54;0;29865.5625
2026-07-06 10:53:00.000;2026-07-06 10:53:59.999;29865;29865;29862;29859;29862.5;29862.166666666668;35;0;29862.25
2026-07-06 10:54:00.000;2026-07-06 10:54:59.999;29863.5;29868.75;29865.75;29862.75;29865;29865.5;38;0;29865.375
2026-07-06 10:55:00.000;2026-07-06 10:55:59.999;29867.5;29871.5;29869;29866.5;29870;29869.333333333332;25;0;29869.5
2026-07-06 10:56:00.000;2026-07-06 10:56:59.999;29870.75;29872.75;29868.75;29864.75;29871.25;29869.583333333332;52;0;29870
2026-07-06 10:57:00.000;2026-07-06 10:57:59.999;29870.5;29871;29868.5;29866;29869.5;29868.833333333332;41;0;29869
2026-07-06 10:58:00.000;2026-07-06 10:58:59.999;29871.5;29879;29875.25;29871.5;29875.5;29875.333333333332;49;0;29875.375
2026-07-06 10:59:00.000;2026-07-06 10:59:59.999;29877.25;29884.5;29880.375;29876.25;29884.5;29881.75;64;0;29882.4375
2026-07-06 11:00:00.000;2026-07-06 11:00:59.999;29884.25;29896;29887;29878;29891.5;29888.5;273;0;29889.25
2026-07-06 11:01:00.000;2026-07-06 11:01:59.999;29891.5;29891.75;29880.375;29869;29869;29876.583333333332;146;0;29874.6875
2026-07-06 11:02:00.000;2026-07-06 11:02:59.999;29869.25;29869.25;29861.375;29853.5;29855.75;29859.5;134;0;29858.5625
2026-07-06 11:03:00.000;2026-07-06 11:03:59.999;29856.75;29864;29857.25;29850.5;29860.25;29858.25;97;0;29858.75
2026-07-06 11:04:00.000;2026-07-06 11:04:59.999;29862;29863.75;29857.5;29851.25;29851.25;29855.416666666668;54;0;29854.375
2026-07-06 11:05:00.000;2026-07-06 11:05:59.999;29852;29859;29854.125;29849.25;29851.5;29853.25;51;0;29852.8125
2026-07-06 11:06:00.000;2026-07-06 11:06:59.999;29851.5;29855.5;29850.75;29846;29848;29849.833333333332;116;0;29849.375
2026-07-06 11:07:00.000;2026-07-06 11:07:59.999;29850;29851.5;29847.5;29843.5;29850.25;29848.416666666668;58;0;29848.875
2026-07-06 11:08:00.000;2026-07-06 11:08:59.999;29849.5;29857.5;29849.625;29841.75;29856.5;29851.916666666668;94;0;29853.0625
2026-07-06 11:09:00.000;2026-07-06 11:09:59.999;29856.75;29862;29855.875;29849.75;29851.5;29854.416666666668;79;0;29853.6875
2026-07-06 11:10:00.000;2026-07-06 11:10:59.999;29851.25;29855.25;29852.5;29849.75;29851.5;29852.166666666668;59;0;29852
2026-07-06 11:11:00.000;2026-07-06 11:11:59.999;29849;29856;29852.125;29848.25;29855.5;29853.25;54;0;29853.8125
2026-07-06 11:12:00.000;2026-07-06 11:12:59.999;29854;29854;29849.875;29845.75;29849.75;29849.833333333332;70;0;29849.8125
2026-07-06 11:13:00.000;2026-07-06 11:13:59.999;29850.75;29857.5;29852.625;29847.75;29856;29853.75;91;0;29854.3125
2026-07-06 11:14:00.000;2026-07-06 11:14:59.999;29855.25;29859.75;29856.75;29853.75;29857.75;29857.083333333332;61;0;29857.25
2026-07-06 11:15:00.000;2026-07-06 11:15:59.999;29858.25;29862;29858.375;29854.75;29859.25;29858.666666666668;38;0;29858.8125
2026-07-06 11:16:00.000;2026-07-06 11:16:59.999;29859.75;29866.75;29862.875;29859;29864.5;29863.416666666668;72;0;29863.6875
2026-07-06 11:17:00.000;2026-07-06 11:17:59.999;29863.75;29870.75;29865;29859.25;29869;29866.333333333332;98;0;29867
2026-07-06 11:18:00.000;2026-07-06 11:18:59.999;29869;29874.25;29868.5;29862.75;29871.5;29869.5;78;0;29870
2026-07-06 11:19:00.000;2026-07-06 11:19:59.999;29870.5;29875;29871.75;29868.5;29872.25;29871.916666666668;60;0;29872
2026-07-06 11:20:00.000;2026-07-06 11:20:59.999;29873.5;29876;29872;29868;29874.5;29872.833333333332;34;0;29873.25
2026-07-06 11:21:00.000;2026-07-06 11:21:59.999;29874.25;29883.75;29879;29874.25;29877.5;29878.5;139;0;29878.25
2026-07-06 11:22:00.000;2026-07-06 11:22:59.999;29878;29881.25;29877.5;29873.75;29878;29877.666666666668;102;0;29877.75
2026-07-06 11:23:00.000;2026-07-06 11:23:59.999;29878.5;29885.5;29879.5;29873.5;29885.5;29881.5;143;0;29882.5
2026-07-06 11:24:00.000;2026-07-06 11:24:59.999;29886.75;29891.75;29879.75;29867.75;29870;29876.5;88;0;29874.875
2026-07-06 11:25:00.000;2026-07-06 11:25:59.999;29871;29878;29873.75;29869.5;29878;29875.166666666668;56;0;29875.875
2026-07-06 11:26:00.000;2026-07-06 11:26:59.999;29879;29890.5;29884.75;29879;29890;29886.5;74;0;29887.375
2026-07-06 11:27:00.000;2026-07-06 11:27:59.999;29887.5;29888.25;29881.5;29874.75;29880;29881;110;0;29880.75
2026-07-06 11:28:00.000;2026-07-06 11:28:59.999;29878.25;29882.25;29879.25;29876.25;29880.5;29879.666666666668;65;0;29879.875
2026-07-06 11:29:00.000;2026-07-06 11:29:59.999;29881;29885.25;29881;29876.75;29880.75;29880.916666666668;66;0;29880.875
2026-07-06 11:30:00.000;2026-07-06 11:30:59.999;29879.5;29879.5;29877.25;29875;29878.5;29877.666666666668;69;0;29877.875
2026-07-06 11:31:00.000;2026-07-06 11:31:59.999;29881.5;29888;29883.25;29878.5;29888;29884.833333333332;68;0;29885.625
2026-07-06 11:32:00.000;2026-07-06 11:32:59.999;29887.75;29897.25;29891.375;29885.5;29896;29892.916666666668;153;0;29893.6875
2026-07-06 11:33:00.000;2026-07-06 11:33:59.999;29897.25;29897.5;29892;29886.5;29887.25;29890.416666666668;72;0;29889.625
2026-07-06 11:34:00.000;2026-07-06 11:34:59.999;29888.75;29894;29889.625;29885.25;29894;29891.083333333332;62;0;29891.8125
2026-07-06 11:35:00.000;2026-07-06 11:35:59.999;29894.25;29895.5;29892.625;29889.75;29892.5;29892.583333333332;144;0;29892.5625
2026-07-06 11:36:00.000;2026-07-06 11:36:59.999;29892.25;29894.25;29891.375;29888.5;29890;29890.916666666668;103;0;29890.6875
2026-07-06 11:37:00.000;2026-07-06 11:37:59.999;29891.25;29894.75;29892;29889.25;29889.25;29891.083333333332;32;0;29890.625
2026-07-06 11:38:00.000;2026-07-06 11:38:59.999;29887;29887.75;29883.5;29879.25;29880.5;29882.5;121;0;29882
2026-07-06 11:39:00.000;2026-07-06 11:39:59.999;29881;29884.25;29880.875;29877.5;29881;29880.916666666668;60;0;29880.9375
2026-07-06 11:40:00.000;2026-07-06 11:40:59.999;29881;29883.5;29881.25;29879;29879;29880.5;38;0;29880.125
2026-07-06 11:41:00.000;2026-07-06 11:41:59.999;29878.5;29882.25;29879.125;29876;29877.25;29878.5;52;0;29878.1875
2026-07-06 11:42:00.000;2026-07-06 11:42:59.999;29879.25;29879.5;29875.25;29871;29874.5;29875;79;0;29874.875
2026-07-06 11:43:00.000;2026-07-06 11:43:59.999;29876;29880.5;29877.125;29873.75;29878.25;29877.5;74;0;29877.6875
2026-07-06 11:44:00.000;2026-07-06 11:44:59.999;29876.5;29884.5;29877.875;29871.25;29882.75;29879.5;119;0;29880.3125
2026-07-06 11:45:00.000;2026-07-06 11:45:59.999;29883.25;29894;29888.625;29883.25;29892;29889.75;133;0;29890.3125
2026-07-06 11:46:00.000;2026-07-06 11:46:59.999;29893;29896.75;29892.875;29889;29893.75;29893.166666666668;80;0;29893.3125
2026-07-06 11:47:00.000;2026-07-06 11:47:59.999;29891.5;29898.75;29894.125;29889.5;29895;29894.416666666668;114;0;29894.5625
2026-07-06 11:48:00.000;2026-07-06 11:48:59.999;29894.75;29895.5;29889;29882.5;29889.5;29889.166666666668;91;0;29889.25
2026-07-06 11:49:00.000;2026-07-06 11:49:59.999;29890.5;29897.5;29893.5;29889.5;29893.5;29893.5;72;0;29893.5
2026-07-06 11:50:00.000;2026-07-06 11:50:59.999;29897.25;29897.25;29893.5;29889.75;29892;29893;81;0;29892.75
2026-07-06 11:51:00.000;2026-07-06 11:51:59.999;29892.5;29895.5;29891.125;29886.75;29887.5;29889.916666666668;114;0;29889.3125
2026-07-06 11:52:00.000;2026-07-06 11:52:59.999;29887.5;29897.25;29892.125;29887;29892;29892.083333333332;133;0;29892.0625
2026-07-06 11:53:00.000;2026-07-06 11:53:59.999;29892;29897;29892.5;29888;29889.75;29891.583333333332;50;0;29891.125
2026-07-06 11:54:00.000;2026-07-06 11:54:59.999;29890.25;29897.75;29892.375;29887;29896.75;29893.833333333332;111;0;29894.5625
2026-07-06 11:55:00.000;2026-07-06 11:55:59.999;29896;29915;29905.125;29895.25;29905.75;29905.333333333332;393;0;29905.4375
2026-07-06 11:56:00.000;2026-07-06 11:56:59.999;29906;29912;29907.75;29903.5;29908.75;29908.083333333332;148;0;29908.25
2026-07-06 11:57:00.000;2026-07-06 11:57:59.999;29907.75;29909.25;29895.5;29881.75;29881.75;29890.916666666668;175;0;29888.625
2026-07-06 11:58:00.000;2026-07-06 11:58:59.999;29881.5;29884.75;29881.75;29878.75;29879.75;29881.083333333332;154;0;29880.75
2026-07-06 11:59:00.000;2026-07-06 11:59:59.999;29879.5;29881.75;29879;29876.25;29877.75;29878.583333333332;88;0;29878.375
2026-07-06 12:00:00.000;2026-07-06 12:00:59.999;29879;29888.75;29878.375;29868;29881.25;29879.333333333332;245;0;29879.8125
2026-07-06 12:01:00.000;2026-07-06 12:01:59.999;29879.5;29908.25;29891.75;29875.25;29905;29896.166666666668;296;0;29898.375
2026-07-06 12:02:00.000;2026-07-06 12:02:59.999;29904.25;29904.25;29884.875;29865.5;29886;29885.25;326;0;29885.4375
2026-07-06 12:03:00.000;2026-07-06 12:03:59.999;29887;29913.5;29898.375;29883.25;29907.75;29901.5;364;0;29903.0625
2026-07-06 12:04:00.000;2026-07-06 12:04:59.999;29907.75;29916;29911.375;29906.75;29909.25;29910.666666666668;212;0;29910.3125
2026-07-06 12:05:00.000;2026-07-06 12:05:59.999;29910.5;29911;29903.5;29896;29900.5;29902.5;102;0;29902
2026-07-06 12:06:00.000;2026-07-06 12:06:59.999;29902;29910;29904.75;29899.5;29910;29906.5;64;0;29907.375
2026-07-06 12:07:00.000;2026-07-06 12:07:59.999;29911.75;29923.75;29917.375;29911;29920;29918.25;186;0;29918.6875
2026-07-06 12:08:00.000;2026-07-06 12:08:59.999;29919.75;29929.25;29920.375;29911.5;29915;29918.583333333332;167;0;29917.6875
2026-07-06 12:09:00.000;2026-07-06 12:09:59.999;29916.5;29926.5;29921.125;29915.75;29926.5;29922.916666666668;140;0;29923.8125
2026-07-06 12:10:00.000;2026-07-06 12:10:59.999;29927;29935;29929.5;29924;29933.25;29930.75;272;0;29931.375
2026-07-06 12:11:00.000;2026-07-06 12:11:59.999;29931;29936;29932.75;29929.5;29930.75;29932.083333333332;130;0;29931.75
2026-07-06 12:12:00.000;2026-07-06 12:12:59.999;29931.75;29936;29931.375;29926.75;29927.75;29930.166666666668;201;0;29929.5625
2026-07-06 12:13:00.000;2026-07-06 12:13:59.999;29927.75;29929.25;29925.75;29922.25;29924.75;29925.416666666668;131;0;29925.25
2026-07-06 12:14:00.000;2026-07-06 12:14:59.999;29924.75;29934.5;29929.625;29924.75;29931.5;29930.25;95;0;29930.5625
2026-07-06 12:15:00.000;2026-07-06 12:15:59.999;29932.25;29936;29930.25;29924.5;29930.5;29930.333333333332;169;0;29930.375
2026-07-06 12:16:00.000;2026-07-06 12:16:59.999;29930.5;29933.25;29930.25;29927.25;29929.25;29929.916666666668;63;0;29929.75
2026-07-06 12:17:00.000;2026-07-06 12:17:59.999;29928.5;29930.25;29925.875;29921.5;29923.25;29925;68;0;29924.5625
2026-07-06 12:18:00.000;2026-07-06 12:18:59.999;29924.25;29929;29921.75;29914.5;29929;29924.166666666668;319;0;29925.375
2026-07-06 12:19:00.000;2026-07-06 12:19:59.999;29929;29933.5;29930;29926.5;29928;29929.333333333332;94;0;29929
2026-07-06 12:20:00.000;2026-07-06 12:20:59.999;29928;29929.5;29921.25;29913;29915.75;29919.416666666668;146;0;29918.5
2026-07-06 12:21:00.000;2026-07-06 12:21:59.999;29917;29920;29913.75;29907.5;29910.75;29912.75;247;0;29912.25
2026-07-06 12:22:00.000;2026-07-06 12:22:59.999;29911;29912.5;29909.375;29906.25;29909.75;29909.5;109;0;29909.5625
2026-07-06 12:23:00.000;2026-07-06 12:23:59.999;29909;29909;29900.5;29892;29894;29898.333333333332;192;0;29897.25
2026-07-06 12:24:00.000;2026-07-06 12:24:59.999;29893.25;29895.25;29886.875;29878.5;29882.25;29885.333333333332;280;0;29884.5625
2026-07-06 12:25:00.000;2026-07-06 12:25:59.999;29880.5;29887;29881.625;29876.25;29882;29881.75;292;0;29881.8125
2026-07-06 12:26:00.000;2026-07-06 12:26:59.999;29881.25;29889.75;29884.375;29879;29886.75;29885.166666666668;194;0;29885.5625
2026-07-06 12:27:00.000;2026-07-06 12:27:59.999;29886.5;29887;29882.625;29878.25;29886.75;29884;121;0;29884.6875
2026-07-06 12:28:00.000;2026-07-06 12:28:59.999;29886.5;29894;29890;29886;29894;29891.333333333332;118;0;29892
2026-07-06 12:29:00.000;2026-07-06 12:29:59.999;29892.75;29896;29893.375;29890.75;29893.25;29893.333333333332;82;0;29893.3125
2026-07-06 12:30:00.000;2026-07-06 12:30:59.999;29893.5;29898.5;29893.875;29889.25;29897;29894.916666666668;127;0;29895.4375
2026-07-06 12:31:00.000;2026-07-06 12:31:59.999;29896;29902.5;29897.75;29893;29893;29896.166666666668;121;0;29895.375
2026-07-06 12:32:00.000;2026-07-06 12:32:59.999;29892;29909.5;29900.625;29891.75;29901;29900.75;175;0;29900.8125
2026-07-06 12:33:00.000;2026-07-06 12:33:59.999;29900.5;29904.25;29895.5;29886.75;29893.5;29894.833333333332;169;0;29894.5
2026-07-06 12:34:00.000;2026-07-06 12:34:59.999;29893.5;29897.5;29894.875;29892.25;29895.5;29895.083333333332;102;0;29895.1875
2026-07-06 12:35:00.000;2026-07-06 12:35:59.999;29896.25;29906;29899.625;29893.25;29901;29900.083333333332;119;0;29900.3125
2026-07-06 12:36:00.000;2026-07-06 12:36:59.999;29902.5;29912;29906.625;29901.25;29910.5;29907.916666666668;145;0;29908.5625
2026-07-06 12:37:00.000;2026-07-06 12:37:59.999;29911;29922.5;29915.125;29907.75;29918.5;29916.25;308;0;29916.8125
2026-07-06 12:38:00.000;2026-07-06 12:38:59.999;29919.5;29924.5;29920.375;29916.25;29918.25;29919.666666666668;178;0;29919.3125
2026-07-06 12:39:00.000;2026-07-06 12:39:59.999;29917.75;29918.5;29916.25;29914;29915.5;29916;59;0;29915.875
2026-07-06 12:40:00.000;2026-07-06 12:40:59.999;29914.75;29916.25;29913;29909.75;29911.5;29912.5;69;0;29912.25
2026-07-06 12:41:00.000;2026-07-06 12:41:59.999;29910.75;29915.75;29908.125;29900.5;29905.25;29907.166666666668;174;0;29906.6875
2026-07-06 12:42:00.000;2026-07-06 12:42:59.999;29904;29911.25;29906.5;29901.75;29903;29905.333333333332;137;0;29904.75
2026-07-06 12:43:00.000;2026-07-06 12:43:59.999;29901.5;29902;29897.25;29892.5;29902;29898.833333333332;146;0;29899.625
2026-07-06 12:44:00.000;2026-07-06 12:44:59.999;29900;29904.25;29899.5;29894.75;29900.5;29899.833333333332;137;0;29900
2026-07-06 12:45:00.000;2026-07-06 12:45:59.999;29900.5;29909.5;29904.125;29898.75;29903.75;29904;100;0;29903.9375
2026-07-06 12:46:00.000;2026-07-06 12:46:59.999;29902;29908.75;29904.375;29900;29906.5;29905.083333333332;79;0;29905.4375
2026-07-06 12:47:00.000;2026-07-06 12:47:59.999;29906.5;29910.75;29907.25;29903.75;29907.5;29907.333333333332;61;0;29907.375
2026-07-06 12:48:00.000;2026-07-06 12:48:59.999;29907;29909.25;29905.125;29901;29903.75;29904.666666666668;74;0;29904.4375
2026-07-06 12:49:00.000;2026-07-06 12:49:59.999;29904.25;29909.5;29906;29902.5;29906.5;29906.166666666668;64;0;29906.25
2026-07-06 12:50:00.000;2026-07-06 12:50:59.999;29907.75;29913.5;29907.875;29902.25;29911.5;29909.083333333332;120;0;29909.6875
2026-07-06 12:51:00.000;2026-07-06 12:51:59.999;29911;29917.5;29913.125;29908.75;29916.5;29914.25;146;0;29914.8125
2026-07-06 12:52:00.000;2026-07-06 12:52:59.999;29916.75;29927;29921.75;29916.5;29924.75;29922.75;137;0;29923.25
2026-07-06 12:53:00.000;2026-07-06 12:53:59.999;29924.75;29927;29923.875;29920.75;29920.75;29922.833333333332;68;0;29922.3125
2026-07-06 12:54:00.000;2026-07-06 12:54:59.999;29920.75;29932.5;29926.625;29920.75;29932.5;29928.583333333332;174;0;29929.5625
2026-07-06 12:55:00.000;2026-07-06 12:55:59.999;29932.5;29933.5;29928.125;29922.75;29925.5;29927.25;170;0;29926.8125
2026-07-06 12:56:00.000;2026-07-06 12:56:59.999;29926.5;29932.75;29928.875;29925;29925.5;29927.75;119;0;29927.1875
2026-07-06 12:57:00.000;2026-07-06 12:57:59.999;29926;29927.75;29925.375;29923;29927.25;29926;82;0;29926.3125
2026-07-06 12:58:00.000;2026-07-06 12:58:59.999;29926.25;29933.5;29929.75;29926;29932.25;29930.583333333332;166;0;29931
2026-07-06 12:59:00.000;2026-07-06 12:59:59.999;29932.75;29935;29931.75;29928.5;29934;29932.5;113;0;29932.875
2026-07-06 13:00:00.000;2026-07-06 13:00:59.999;29934.75;29938;29930;29922;29922.75;29927.583333333332;391;0;29926.375
2026-07-06 13:01:00.000;2026-07-06 13:01:59.999;29924;29925;29921;29917;29918.75;29920.25;250;0;29919.875
2026-07-06 13:02:00.000;2026-07-06 13:02:59.999;29918;29918.25;29906.75;29895.25;29897.5;29903.666666666668;398;0;29902.125
2026-07-06 13:03:00.000;2026-07-06 13:03:59.999;29896.75;29897;29893.75;29890.5;29894.5;29894;415;0;29894.125
2026-07-06 13:04:00.000;2026-07-06 13:04:59.999;29894.25;29903.25;29897.875;29892.5;29900.75;29898.833333333332;359;0;29899.3125
2026-07-06 13:05:00.000;2026-07-06 13:05:59.999;29901;29903.75;29896.875;29890;29897.75;29897.166666666668;240;0;29897.3125
2026-07-06 13:06:00.000;2026-07-06 13:06:59.999;29897.5;29902.75;29898.375;29894;29895.25;29897.333333333332;116;0;29896.8125
2026-07-06 13:07:00.000;2026-07-06 13:07:59.999;29897;29900.5;29897.375;29894.25;29899.75;29898.166666666668;111;0;29898.5625
2026-07-06 13:08:00.000;2026-07-06 13:08:59.999;29899.25;29899.75;29894.375;29889;29896.5;29895.083333333332;210;0;29895.4375
2026-07-06 13:09:00.000;2026-07-06 13:09:59.999;29896.25;29898.5;29893.75;29889;29889.5;29892.333333333332;121;0;29891.625
2026-07-06 13:10:00.000;2026-07-06 13:10:59.999;29889.5;29893.25;29890;29886.75;29891;29890.333333333332;181;0;29890.5
2026-07-06 13:11:00.000;2026-07-06 13:11:59.999;29890.75;29893.25;29889.625;29886;29888.5;29889.25;217;0;29889.0625
2026-07-06 13:12:00.000;2026-07-06 13:12:59.999;29890;29891.75;29888;29884.25;29885.25;29887.083333333332;136;0;29886.625
2026-07-06 13:13:00.000;2026-07-06 13:13:59.999;29885.75;29888;29875.25;29862.5;29864.75;29871.75;454;0;29870
2026-07-06 13:14:00.000;2026-07-06 13:14:59.999;29864;29866.75;29861;29855.25;29858;29860;309;0;29859.5
2026-07-06 13:15:00.000;2026-07-06 13:15:59.999;29859.25;29865;29860.625;29856.25;29858.75;29860;231;0;29859.6875
2026-07-06 13:16:00.000;2026-07-06 13:16:59.999;29860.25;29861.75;29856.375;29851;29857.75;29856.833333333332;459;0;29857.0625
2026-07-06 13:17:00.000;2026-07-06 13:17:59.999;29858.25;29858.25;29851.875;29845.5;29847.75;29850.5;303;0;29849.8125
2026-07-06 13:18:00.000;2026-07-06 13:18:59.999;29846.75;29849.5;29839;29828.5;29837.25;29838.416666666668;750;0;29838.125
2026-07-06 13:19:00.000;2026-07-06 13:19:59.999;29837.25;29843.5;29838.5;29833.5;29841.5;29839.5;224;0;29840
2026-07-06 13:20:00.000;2026-07-06 13:20:59.999;29841.5;29850.75;29843.125;29835.5;29838.25;29841.5;420;0;29840.6875
2026-07-06 13:21:00.000;2026-07-06 13:21:59.999;29837.5;29844.75;29840.625;29836.5;29842.5;29841.25;185;0;29841.5625
2026-07-06 13:22:00.000;2026-07-06 13:22:59.999;29842.75;29849;29841.5;29834;29845.5;29842.833333333332;549;0;29843.5
2026-07-06 13:23:00.000;2026-07-06 13:23:59.999;29845.5;29850;29845.25;29840.5;29843.25;29844.583333333332;271;0;29844.25
2026-07-06 13:24:00.000;2026-07-06 13:24:59.999;29843.25;29843.5;29838.625;29833.75;29838;29838.416666666668;154;0;29838.3125
2026-07-06 13:25:00.000;2026-07-06 13:25:59.999;29839.25;29858.5;29848.875;29839.25;29847.75;29848.5;573;0;29848.3125
2026-07-06 13:26:00.000;2026-07-06 13:26:59.999;29848.75;29857.25;29850.75;29844.25;29856.25;29852.583333333332;262;0;29853.5
2026-07-06 13:27:00.000;2026-07-06 13:27:59.999;29854.75;29857.75;29844.625;29831.5;29831.5;29840.25;431;0;29838.0625
2026-07-06 13:28:00.000;2026-07-06 13:28:59.999;29833;29851;29840;29829;29830.75;29836.916666666668;586;0;29835.375
2026-07-06 13:29:00.000;2026-07-06 13:29:59.999;29829.5;29843.25;29831.75;29820.25;29834.75;29832.75;927;0;29833.25
2026-07-06 13:30:00.000;2026-07-06 13:30:59.999;29835.75;29877;29826.625;29776.25;29855.5;29836.25;4841;0;29841.0625
2026-07-06 13:31:00.000;2026-07-06 13:31:59.999;29855.25;29895;29870.75;29846.5;29852;29864.5;2971;0;29861.375
2026-07-06 13:32:00.000;2026-07-06 13:32:59.999;29851.5;29914.25;29882.125;29850;29907.5;29890.583333333332;2061;0;29894.8125
2026-07-06 13:33:00.000;2026-07-06 13:33:59.999;29907.75;29914;29899.625;29885.25;29910.75;29903.333333333332;1861;0;29905.1875
2026-07-06 13:34:00.000;2026-07-06 13:34:59.999;29910.25;29939.25;29920.75;29902.25;29926.5;29922.666666666668;2171;0;29923.625
2026-07-06 13:35:00.000;2026-07-06 13:35:59.999;29925.75;29928.25;29905.5;29882.75;29901.75;29904.25;2110;0;29903.625
2026-07-06 13:36:00.000;2026-07-06 13:36:59.999;29899.5;29904;29845;29786;29827.5;29839.166666666668;2893;0;29836.25
2026-07-06 13:37:00.000;2026-07-06 13:37:59.999;29828.75;29870.5;29831.375;29792.25;29801.75;29821.5;2025;0;29816.5625
2026-07-06 13:38:00.000;2026-07-06 13:38:59.999;29803.25;29830.25;29812;29793.75;29817.5;29813.833333333332;1783;0;29814.75
2026-07-06 13:39:00.000;2026-07-06 13:39:59.999;29819.75;29903.25;29857.25;29811.25;29896.75;29870.416666666668;1979;0;29877
2026-07-06 13:40:00.000;2026-07-06 13:40:59.999;29896.75;29909.25;29887.875;29866.5;29904.25;29893.333333333332;1740;0;29896.0625
2026-07-06 13:41:00.000;2026-07-06 13:41:59.999;29903.75;29925;29910.875;29896.75;29911.25;29911;1719;0;29911.0625
2026-07-06 13:42:00.000;2026-07-06 13:42:59.999;29910.5;29914;29879.875;29845.75;29874.75;29878.166666666668;2021;0;29877.3125
2026-07-06 13:43:00.000;2026-07-06 13:43:59.999;29873.25;29894.25;29877;29859.75;29861.75;29871.916666666668;1355;0;29869.375
2026-07-06 13:44:00.000;2026-07-06 13:44:59.999;29862.25;29922;29891.5;29861;29921.5;29901.5;1202;0;29906.5
2026-07-06 13:45:00.000;2026-07-06 13:45:59.999;29917;29959.5;29931.125;29902.75;29953.75;29938.666666666668;3188;0;29942.4375
2026-07-06 13:46:00.000;2026-07-06 13:46:59.999;29953.25;29967.25;29938;29908.75;29911;29929;2233;0;29924.5
2026-07-06 13:47:00.000;2026-07-06 13:47:59.999;29911;29933.5;29914.75;29896;29920;29916.5;1681;0;29917.375
2026-07-06 13:48:00.000;2026-07-06 13:48:59.999;29920.25;29945.75;29927.125;29908.5;29932;29928.75;1812;0;29929.5625
2026-07-06 13:49:00.000;2026-07-06 13:49:59.999;29931.5;29956;29938.625;29921.25;29952;29943.083333333332;1267;0;29945.3125
2026-07-06 13:50:00.000;2026-07-06 13:50:59.999;29953;29984;29963.625;29943.25;29981.25;29969.5;2168;0;29972.4375
2026-07-06 13:51:00.000;2026-07-06 13:51:59.999;29981.5;30009;29991.375;29973.75;29998.5;29993.75;2571;0;29994.9375
2026-07-06 13:52:00.000;2026-07-06 13:52:59.999;29997.5;30001.25;29972.25;29943.25;29947;29963.833333333332;2108;0;29959.625
2026-07-06 13:53:00.000;2026-07-06 13:53:59.999;29947;29977.5;29949.25;29921;29972;29956.833333333332;2327;0;29960.625
2026-07-06 13:54:00.000;2026-07-06 13:54:59.999;29971.25;29986.25;29975.25;29964.25;29970.5;29973.666666666668;1169;0;29972.875
2026-07-06 13:55:00.000;2026-07-06 13:55:59.999;29971.25;29982.25;29969.875;29957.5;29981.5;29973.75;1113;0;29975.6875
2026-07-06 13:56:00.000;2026-07-06 13:56:59.999;29982.75;29988.25;29978.125;29968;29982.25;29979.5;1022;0;29980.1875
2026-07-06 13:57:00.000;2026-07-06 13:57:59.999;29980.25;29981.75;29963;29944.25;29949.5;29958.5;1261;0;29956.25
2026-07-06 13:58:00.000;2026-07-06 13:58:59.999;29950;29952.5;29933.75;29915;29937;29934.833333333332;1698;0;29935.375
2026-07-06 13:59:00.000;2026-07-06 13:59:59.999;29936;29949.25;29937.125;29925;29932.5;29935.583333333332;839;0;29934.8125
2026-07-06 14:00:00.000;2026-07-06 14:00:59.999;29935.5;29959.5;29931.375;29903.25;29930.75;29931.166666666668;2233;0;29931.0625
2026-07-06 14:01:00.000;2026-07-06 14:01:59.999;29931.75;29977.75;29953.25;29928.75;29972.5;29959.666666666668;1364;0;29962.875
2026-07-06 14:02:00.000;2026-07-06 14:02:59.999;29973.5;29975.5;29957.25;29939;29949.25;29954.583333333332;1211;0;29953.25
2026-07-06 14:03:00.000;2026-07-06 14:03:59.999;29948;29967.75;29954;29940.25;29946;29951.333333333332;913;0;29950
2026-07-06 14:04:00.000;2026-07-06 14:04:59.999;29945.75;29950;29936.75;29923.5;29930.5;29934.666666666668;1257;0;29933.625
2026-07-06 14:05:00.000;2026-07-06 14:05:59.999;29929.25;29941;29929.625;29918.25;29921.75;29927;869;0;29925.6875
2026-07-06 14:06:00.000;2026-07-06 14:06:59.999;29922.25;29967.25;29940.625;29914;29967.25;29949.5;1504;0;29953.9375
2026-07-06 14:07:00.000;2026-07-06 14:07:59.999;29967.25;29981.25;29969.75;29958.25;29976.25;29971.916666666668;990;0;29973
2026-07-06 14:08:00.000;2026-07-06 14:08:59.999;29977.25;29994;29984.5;29975;29982.75;29983.916666666668;1665;0;29983.625
2026-07-06 14:09:00.000;2026-07-06 14:09:59.999;29982;30004.75;29993;29981.25;29993;29993;1169;0;29993
2026-07-06 14:10:00.000;2026-07-06 14:10:59.999;29992.75;30000;29986;29972;29987.25;29986.416666666668;1612;0;29986.625
2026-07-06 14:11:00.000;2026-07-06 14:11:59.999;29989.5;30017;30003;29989;29998.5;30001.5;1619;0;30000.75
2026-07-06 14:12:00.000;2026-07-06 14:12:59.999;30000.25;30018.75;30002.125;29985.5;30015;30006.416666666668;998;0;30008.5625
2026-07-06 14:13:00.000;2026-07-06 14:13:59.999;30014;30023.25;30012.625;30002;30017.25;30014.166666666668;991;0;30014.9375
2026-07-06 14:14:00.000;2026-07-06 14:14:59.999;30019.75;30027.75;30020.75;30013.75;30021.75;30021.083333333332;1144;0;30021.25
2026-07-06 14:15:00.000;2026-07-06 14:15:59.999;30021.75;30032.25;30022.125;30012;30029.25;30024.5;1418;0;30025.6875
2026-07-06 14:16:00.000;2026-07-06 14:16:59.999;30029.75;30037.75;30026.75;30015.75;30033.75;30029.083333333332;1259;0;30030.25
2026-07-06 14:17:00.000;2026-07-06 14:17:59.999;30033.75;30039;30029.125;30019.25;30038;30032.083333333332;1132;0;30033.5625
2026-07-06 14:18:00.000;2026-07-06 14:18:59.999;30037;30042.5;30024.375;30006.25;30016;30021.583333333332;1317;0;30020.1875
2026-07-06 14:19:00.000;2026-07-06 14:19:59.999;30018;30020;30009.5;29999;30007.5;30008.833333333332;1098;0;30008.5
2026-07-06 14:20:00.000;2026-07-06 14:20:59.999;30007.75;30021;30010.5;30000;30010;30010.333333333332;865;0;30010.25
2026-07-06 14:21:00.000;2026-07-06 14:21:59.999;30008.75;30019.75;30003.25;29986.75;30001;30002.5;1694;0;30002.125
2026-07-06 14:22:00.000;2026-07-06 14:22:59.999;30000.75;30015.75;30007.25;29998.75;30011.25;30008.583333333332;698;0;30009.25
2026-07-06 14:23:00.000;2026-07-06 14:23:59.999;30011.25;30037.5;30024.375;30011.25;30037.5;30028.75;1195;0;30030.9375
2026-07-06 14:24:00.000;2026-07-06 14:24:59.999;30035.75;30041.75;30025.75;30009.75;30014;30021.833333333332;1023;0;30019.875
2026-07-06 14:25:00.000;2026-07-06 14:25:59.999;30016;30027;30021.375;30015.75;30025.25;30022.666666666668;687;0;30023.3125
2026-07-06 14:26:00.000;2026-07-06 14:26:59.999;30024.5;30033.25;30026.5;30019.75;30022.75;30025.25;726;0;30024.625
2026-07-06 14:27:00.000;2026-07-06 14:27:59.999;30022;30029.25;30016.125;30003;30017.25;30016.5;835;0;30016.6875
2026-07-06 14:28:00.000;2026-07-06 14:28:59.999;30016.5;30021.75;30007;29992.25;29999;30004.333333333332;892;0;30003
2026-07-06 14:29:00.000;2026-07-06 14:29:59.999;29999;30020;30009.5;29999;30012.75;30010.583333333332;711;0;30011.125
2026-07-06 14:30:00.000;2026-07-06 14:30:59.999;30013.25;30026.75;30014;30001.25;30024;30017.333333333332;847;0;30019
2026-07-06 14:31:00.000;2026-07-06 14:31:59.999;30022.5;30040;30028.875;30017.75;30033.75;30030.5;993;0;30031.3125
2026-07-06 14:32:00.000;2026-07-06 14:32:59.999;30033.25;30049.75;30037.125;30024.5;30048.75;30041;1047;0;30042.9375
2026-07-06 14:33:00.000;2026-07-06 14:33:59.999;30048;30057.25;30047;30036.75;30038.75;30044.25;1492;0;30042.875
2026-07-06 14:34:00.000;2026-07-06 14:34:59.999;30040.25;30048.5;30038.25;30028;30044.5;30040.333333333332;825;0;30041.375
2026-07-06 14:35:00.000;2026-07-06 14:35:59.999;30044.5;30045.25;30034.875;30024.5;30039.25;30036.333333333332;875;0;30037.0625
2026-07-06 14:36:00.000;2026-07-06 14:36:59.999;30039.5;30052.5;30045.125;30037.75;30045.25;30045.166666666668;725;0;30045.1875
2026-07-06 14:37:00.000;2026-07-06 14:37:59.999;30046;30046.5;30037.25;30028;30042.25;30038.916666666668;721;0;30039.75
2026-07-06 14:38:00.000;2026-07-06 14:38:59.999;30041.75;30046;30034.625;30023.25;30026.25;30031.833333333332;836;0;30030.4375
2026-07-06 14:39:00.000;2026-07-06 14:39:59.999;30026.25;30032.75;30024.625;30016.5;30027.25;30025.5;808;0;30025.9375
2026-07-06 14:40:00.000;2026-07-06 14:40:59.999;30027.75;30032.75;30022.125;30011.5;30017;30020.416666666668;815;0;30019.5625
2026-07-06 14:41:00.000;2026-07-06 14:41:59.999;30017.25;30023.75;30008.75;29993.75;30007.75;30008.416666666668;1348;0;30008.25
2026-07-06 14:42:00.000;2026-07-06 14:42:59.999;30007;30011.75;29999.875;29988;30007.25;30002.333333333332;1055;0;30003.5625
2026-07-06 14:43:00.000;2026-07-06 14:43:59.999;30007.5;30038.5;30021.75;30005;30037;30026.833333333332;1012;0;30029.375
2026-07-06 14:44:00.000;2026-07-06 14:44:59.999;30036.5;30051.25;30042.625;30034;30037.75;30041;887;0;30040.1875
2026-07-06 14:45:00.000;2026-07-06 14:45:59.999;30037.5;30055;30041.75;30028.5;30052.25;30045.25;934;0;30047
2026-07-06 14:46:00.000;2026-07-06 14:46:59.999;30052.25;30055.75;30043.75;30031.75;30037;30041.5;768;0;30040.375
2026-07-06 14:47:00.000;2026-07-06 14:47:59.999;30038.25;30046.25;30038.125;30030;30037;30037.75;378;0;30037.5625
2026-07-06 14:48:00.000;2026-07-06 14:48:59.999;30037.25;30039.5;30030.875;30022.25;30035.5;30032.416666666668;688;0;30033.1875
2026-07-06 14:49:00.000;2026-07-06 14:49:59.999;30035.5;30050;30042.75;30035.5;30042.5;30042.666666666668;690;0;30042.625
2026-07-06 14:50:00.000;2026-07-06 14:50:59.999;30043.5;30067.5;30055.125;30042.75;30059.75;30056.666666666668;1738;0;30057.4375
2026-07-06 14:51:00.000;2026-07-06 14:51:59.999;30060;30060.25;30051.125;30042;30043.25;30048.5;654;0;30047.1875
2026-07-06 14:52:00.000;2026-07-06 14:52:59.999;30041.75;30042.75;30030;30017.25;30022.5;30027.5;1064;0;30026.25
2026-07-06 14:53:00.000;2026-07-06 14:53:59.999;30023;30045.25;30032.125;30019;30045.25;30036.5;810;0;30038.6875
2026-07-06 14:54:00.000;2026-07-06 14:54:59.999;30045.25;30045.25;30030.375;30015.5;30022;30027.583333333332;756;0;30026.1875
2026-07-06 14:55:00.000;2026-07-06 14:55:59.999;30021.5;30029;30020.625;30012.25;30014.5;30018.583333333332;672;0;30017.5625
2026-07-06 14:56:00.000;2026-07-06 14:56:59.999;30012.25;30018;30006.25;29994.5;30001.75;30004.75;1086;0;30004
2026-07-06 14:57:00.000;2026-07-06 14:57:59.999;30002;30014.25;30000.5;29986.75;30007.25;30002.75;1320;0;30003.875
2026-07-06 14:58:00.000;2026-07-06 14:58:59.999;30008;30029.5;30017.25;30005;30020.25;30018.25;1024;0;30018.75
2026-07-06 14:59:00.000;2026-07-06 14:59:59.999;30020.25;30030;30024;30018;30025.25;30024.416666666668;528;0;30024.625
2026-07-06 15:00:00.000;2026-07-06 15:00:59.999;30025.75;30032.25;30014.875;29997.5;30003.75;30011.166666666668;1215;0;30009.3125
2026-07-06 15:01:00.000;2026-07-06 15:01:59.999;30003.75;30039.5;30019.25;29999;30030.5;30023;1114;0;30024.875
2026-07-06 15:02:00.000;2026-07-06 15:02:59.999;30029.75;30044;30036.875;30029.75;30035;30036.25;770;0;30035.9375
2026-07-06 15:03:00.000;2026-07-06 15:03:59.999;30036;30041.5;30036.125;30030.75;30035.75;30036;474;0;30035.9375
2026-07-06 15:04:00.000;2026-07-06 15:04:59.999;30034.25;30038.25;30031.125;30024;30026.25;30029.5;501;0;30028.6875
2026-07-06 15:05:00.000;2026-07-06 15:05:59.999;30027.25;30030.25;30021;30011.75;30028.5;30023.5;827;0;30024.75
2026-07-06 15:06:00.000;2026-07-06 15:06:59.999;30028.25;30035;30028.5;30022;30031;30029.333333333332;394;0;30029.75
2026-07-06 15:07:00.000;2026-07-06 15:07:59.999;30031.75;30032.5;30018.75;30005;30006.25;30014.583333333332;494;0;30012.5
2026-07-06 15:08:00.000;2026-07-06 15:08:59.999;30005.5;30009.5;29998.25;29987;29999.5;29998.666666666668;792;0;29998.875
2026-07-06 15:09:00.000;2026-07-06 15:09:59.999;30000;30010.5;30001.375;29992.25;30010;30004.25;960;0;30005.6875
2026-07-06 15:10:00.000;2026-07-06 15:10:59.999;30008.75;30019.5;30011.75;30004;30018;30013.833333333332;817;0;30014.875
2026-07-06 15:11:00.000;2026-07-06 15:11:59.999;30017;30019.25;30006.25;29993.25;29994;30002.166666666668;520;0;30000.125
2026-07-06 15:12:00.000;2026-07-06 15:12:59.999;29994.75;29999.75;29991.125;29982.5;29993.25;29991.833333333332;1016;0;29992.1875
2026-07-06 15:13:00.000;2026-07-06 15:13:59.999;29993.25;30003;29981;29959;29969.25;29977.083333333332;1776;0;29975.125
2026-07-06 15:14:00.000;2026-07-06 15:14:59.999;29968;29988;29977;29966;29984;29979.333333333332;707;0;29980.5
2026-07-06 15:15:00.000;2026-07-06 15:15:59.999;29984;29985;29976.375;29967.75;29973.75;29975.5;759;0;29975.0625
2026-07-06 15:16:00.000;2026-07-06 15:16:59.999;29973.25;29974.25;29961;29947.75;29950.75;29957.583333333332;1237;0;29955.875
2026-07-06 15:17:00.000;2026-07-06 15:17:59.999;29951.25;29964.5;29954.625;29944.75;29959.5;29956.25;1030;0;29957.0625
2026-07-06 15:18:00.000;2026-07-06 15:18:59.999;29959;29966.5;29953.875;29941.25;29966;29957.916666666668;932;0;29959.9375
2026-07-06 15:19:00.000;2026-07-06 15:19:59.999;29965.25;29979.5;29967.5;29955.5;29977.75;29970.916666666668;885;0;29972.625
2026-07-06 15:20:00.000;2026-07-06 15:20:59.999;29978;29986.25;29975;29963.75;29972.25;29974.083333333332;943;0;29973.625
2026-07-06 15:21:00.000;2026-07-06 15:21:59.999;29972.5;29986.75;29977;29967.25;29986.75;29980.25;630;0;29981.875
2026-07-06 15:22:00.000;2026-07-06 15:22:59.999;29984.75;30000.75;29987.375;29974;29999;29991.25;952;0;29993.1875
2026-07-06 15:23:00.000;2026-07-06 15:23:59.999;29997.5;30001.5;29991.5;29981.5;29992.5;29991.833333333332;635;0;29992
2026-07-06 15:24:00.000;2026-07-06 15:24:59.999;29992.75;30008.5;29998.25;29988;30006.5;30001;531;0;30002.375
2026-07-06 15:25:00.000;2026-07-06 15:25:59.999;30005.75;30016.25;30008.875;30001.5;30010.5;30009.416666666668;1085;0;30009.6875
2026-07-06 15:26:00.000;2026-07-06 15:26:59.999;30012.5;30039.75;30025.75;30011.75;30035.75;30029.083333333332;1277;0;30030.75
2026-07-06 15:27:00.000;2026-07-06 15:27:59.999;30036.25;30040.5;30034.875;30029.25;30034.5;30034.75;655;0;30034.6875
2026-07-06 15:28:00.000;2026-07-06 15:28:59.999;30035.25;30039.5;30032.625;30025.75;30038;30034.416666666668;541;0;30035.3125
2026-07-06 15:29:00.000;2026-07-06 15:29:59.999;30037.5;30062.75;30050;30037.25;30061.25;30053.75;1233;0;30055.625
2026-07-06 15:30:00.000;2026-07-06 15:30:59.999;30061;30062.75;30053.75;30044.75;30054.25;30053.916666666668;1512;0;30054
2026-07-06 15:31:00.000;2026-07-06 15:31:59.999;30053.75;30073;30063.125;30053.25;30066.75;30064.333333333332;1261;0;30064.9375
2026-07-06 15:32:00.000;2026-07-06 15:32:59.999;30066.25;30068.75;30060.5;30052.25;30065;30062;855;0;30062.75
2026-07-06 15:33:00.000;2026-07-06 15:33:59.999;30065;30069.5;30063;30056.5;30067.5;30064.5;489;0;30065.25
2026-07-06 15:34:00.000;2026-07-06 15:34:59.999;30065.5;30065.5;30056.5;30047.5;30049.25;30054.083333333332;664;0;30052.875
2026-07-06 15:35:00.000;2026-07-06 15:35:59.999;30049.75;30052.75;30042.125;30031.5;30034.25;30039.5;932;0;30038.1875
2026-07-06 15:36:00.000;2026-07-06 15:36:59.999;30035.25;30053;30043.625;30034.25;30049.25;30045.5;616;0;30046.4375
2026-07-06 15:37:00.000;2026-07-06 15:37:59.999;30049;30055;30045;30035;30051.25;30047.083333333332;585;0;30048.125
2026-07-06 15:38:00.000;2026-07-06 15:38:59.999;30051.5;30065;30056.875;30048.75;30064;30059.25;677;0;30060.4375
2026-07-06 15:39:00.000;2026-07-06 15:39:59.999;30063.25;30066;30058;30050;30054.75;30056.916666666668;470;0;30056.375
2026-07-06 15:40:00.000;2026-07-06 15:40:59.999;30055;30056;30050.5;30045;30051.75;30050.916666666668;511;0;30051.125
2026-07-06 15:41:00.000;2026-07-06 15:41:59.999;30050.5;30069;30058.75;30048.5;30065;30060.833333333332;568;0;30061.875
2026-07-06 15:42:00.000;2026-07-06 15:42:59.999;30063.5;30076.5;30069.625;30062.75;30073.75;30071;828;0;30071.6875
2026-07-06 15:43:00.000;2026-07-06 15:43:59.999;30074.25;30079;30074.875;30070.75;30074.75;30074.833333333332;776;0;30074.8125
2026-07-06 15:44:00.000;2026-07-06 15:44:59.999;30074.75;30079;30072.5;30066;30070;30071.666666666668;503;0;30071.25
2026-07-06 15:45:00.000;2026-07-06 15:45:59.999;30070.25;30079.75;30073.875;30068;30071;30072.916666666668;707;0;30072.4375
2026-07-06 15:46:00.000;2026-07-06 15:46:59.999;30070.25;30079;30073.125;30067.25;30075.5;30073.916666666668;430;0;30074.3125
2026-07-06 15:47:00.000;2026-07-06 15:47:59.999;30075.5;30076.25;30073.125;30070;30073.5;30073.25;226;0;30073.3125
2026-07-06 15:48:00.000;2026-07-06 15:48:59.999;30071.5;30075;30070.625;30066.25;30067.25;30069.5;352;0;30068.9375
2026-07-06 15:49:00.000;2026-07-06 15:49:59.999;30068;30076.5;30068.875;30061.25;30075.75;30071.166666666668;493;0;30072.3125
2026-07-06 15:50:00.000;2026-07-06 15:50:59.999;30075.75;30083.75;30079.375;30075;30078.25;30079;644;0;30078.8125
2026-07-06 15:51:00.000;2026-07-06 15:51:59.999;30078;30081.75;30075.875;30070;30070.75;30074.166666666668;485;0;30073.3125
2026-07-06 15:52:00.000;2026-07-06 15:52:59.999;30070.75;30071.75;30064.625;30057.5;30061.75;30063.666666666668;788;0;30063.1875
2026-07-06 15:53:00.000;2026-07-06 15:53:59.999;30061.25;30067.25;30061.875;30056.5;30062.25;30062;371;0;30062.0625
2026-07-06 15:54:00.000;2026-07-06 15:54:59.999;30061.75;30062.25;30055.75;30049.25;30049.75;30053.75;533;0;30052.75
2026-07-06 15:55:00.000;2026-07-06 15:55:59.999;30050;30057.25;30053.625;30050;30055.5;30054.25;607;0;30054.5625
2026-07-06 15:56:00.000;2026-07-06 15:56:59.999;30055.25;30076;30062.875;30049.75;30073.25;30066.333333333332;559;0;30068.0625
2026-07-06 15:57:00.000;2026-07-06 15:57:59.999;30073.25;30082.75;30077.125;30071.5;30074.5;30076.25;638;0;30075.8125
2026-07-06 15:58:00.000;2026-07-06 15:58:59.999;30074.25;30074.5;30070.25;30066;30067;30069.166666666668;350;0;30068.625
2026-07-06 15:59:00.000;2026-07-06 15:59:59.999;30067;30075.5;30069.25;30063;30074.25;30070.916666666668;443;0;30071.75
2026-07-06 16:00:00.000;2026-07-06 16:00:59.999;30074;30075.75;30066.125;30056.5;30063;30065.083333333332;653;0;30064.5625
2026-07-06 16:01:00.000;2026-07-06 16:01:59.999;30064;30065.75;30061.75;30057.75;30062;30061.833333333332;310;0;30061.875
2026-07-06 16:02:00.000;2026-07-06 16:02:59.999;30063.75;30068.75;30062.625;30056.5;30057.25;30060.833333333332;441;0;30059.9375
2026-07-06 16:03:00.000;2026-07-06 16:03:59.999;30057.25;30060.25;30056.875;30053.5;30055.25;30056.333333333332;353;0;30056.0625
2026-07-06 16:04:00.000;2026-07-06 16:04:59.999;30055.25;30062;30058;30054;30057.5;30057.833333333332;391;0;30057.75
2026-07-06 16:05:00.000;2026-07-06 16:05:59.999;30058;30072.25;30063.5;30054.75;30071;30066;633;0;30067.25
2026-07-06 16:06:00.000;2026-07-06 16:06:59.999;30071.25;30074;30070.125;30066.25;30069.25;30069.833333333332;341;0;30069.6875
2026-07-06 16:07:00.000;2026-07-06 16:07:59.999;30069.5;30072.5;30068.75;30065;30070.75;30069.416666666668;295;0;30069.75
2026-07-06 16:08:00.000;2026-07-06 16:08:59.999;30071;30077.75;30072.75;30067.75;30073.5;30073;397;0;30073.125
2026-07-06 16:09:00.000;2026-07-06 16:09:59.999;30074;30090;30081.375;30072.75;30076.5;30079.75;983;0;30078.9375
2026-07-06 16:10:00.000;2026-07-06 16:10:59.999;30076.75;30094;30083.25;30072.5;30090.25;30085.583333333332;962;0;30086.75
2026-07-06 16:11:00.000;2026-07-06 16:11:59.999;30090.75;30092;30084.875;30077.75;30085.25;30085;667;0;30085.0625
2026-07-06 16:12:00.000;2026-07-06 16:12:59.999;30086.5;30090;30085.125;30080.25;30083.75;30084.666666666668;420;0;30084.4375
2026-07-06 16:13:00.000;2026-07-06 16:13:59.999;30083.5;30085;30079.125;30073.25;30084.75;30081;479;0;30081.9375
2026-07-06 16:14:00.000;2026-07-06 16:14:59.999;30084.75;30085.75;30077.625;30069.5;30070.5;30075.25;535;0;30074.0625
2026-07-06 16:15:00.000;2026-07-06 16:15:59.999;30071.25;30075.75;30072.25;30068.75;30075.75;30073.416666666668;391;0;30074
2026-07-06 16:16:00.000;2026-07-06 16:16:59.999;30076;30078.25;30074.5;30070.75;30073.75;30074.25;201;0;30074.125
2026-07-06 16:17:00.000;2026-07-06 16:17:59.999;30073.75;30073.75;30067.5;30061.25;30065.25;30066.75;538;0;30066.375
2026-07-06 16:18:00.000;2026-07-06 16:18:59.999;30064;30066;30059.125;30052.25;30054.25;30057.5;488;0;30056.6875
2026-07-06 16:19:00.000;2026-07-06 16:19:59.999;30054;30067.75;30060.5;30053.25;30067.75;30062.916666666668;423;0;30064.125
2026-07-06 16:20:00.000;2026-07-06 16:20:59.999;30066.5;30075.5;30067.375;30059.25;30061.25;30065.333333333332;554;0;30064.3125
2026-07-06 16:21:00.000;2026-07-06 16:21:59.999;30060.75;30061.75;30055.375;30049;30050.25;30053.666666666668;635;0;30052.8125
2026-07-06 16:22:00.000;2026-07-06 16:22:59.999;30050.25;30051;30046.375;30041.75;30045.75;30046.166666666668;711;0;30046.0625
2026-07-06 16:23:00.000;2026-07-06 16:23:59.999;30046.5;30049.75;30045.25;30040.75;30046.75;30045.75;481;0;30046
2026-07-06 16:24:00.000;2026-07-06 16:24:59.999;30047.25;30050;30044.25;30038.5;30046.75;30045.083333333332;513;0;30045.5
2026-07-06 16:25:00.000;2026-07-06 16:25:59.999;30045.75;30048;30040.5;30033;30040.5;30040.5;652;0;30040.5
2026-07-06 16:26:00.000;2026-07-06 16:26:59.999;30040.75;30045.25;30039.875;30034.5;30035.75;30038.5;391;0;30037.8125
2026-07-06 16:27:00.000;2026-07-06 16:27:59.999;30037.25;30038.75;30032.875;30027;30031.25;30032.333333333332;713;0;30032.0625
2026-07-06 16:28:00.000;2026-07-06 16:28:59.999;30032;30033.75;30029.25;30024.75;30031.25;30029.916666666668;454;0;30030.25
2026-07-06 16:29:00.000;2026-07-06 16:29:59.999;30031;30035.75;30030.625;30025.5;30032.25;30031.166666666668;435;0;30031.4375
2026-07-06 16:30:00.000;2026-07-06 16:30:59.999;30033.75;30035;30026.625;30018.25;30027.75;30027;837;0;30027.1875
2026-07-06 16:31:00.000;2026-07-06 16:31:59.999;30027.75;30044.25;30035.625;30027;30041;30037.416666666668;827;0;30038.3125
2026-07-06 16:32:00.000;2026-07-06 16:32:59.999;30039.5;30044;30035.75;30027.5;30031;30034.166666666668;519;0;30033.375
2026-07-06 16:33:00.000;2026-07-06 16:33:59.999;30031.25;30036;30032.125;30028.25;30034;30032.75;347;0;30033.0625
2026-07-06 16:34:00.000;2026-07-06 16:34:59.999;30033.25;30039;30034;30029;30032.5;30033.5;332;0;30033.25
2026-07-06 16:35:00.000;2026-07-06 16:35:59.999;30033.25;30034;30027;30020;30024.75;30026.25;612;0;30025.875
2026-07-06 16:36:00.000;2026-07-06 16:36:59.999;30023.75;30032;30023.375;30014.75;30026.5;30024.416666666668;590;0;30024.9375
2026-07-06 16:37:00.000;2026-07-06 16:37:59.999;30025.5;30032.5;30025.5;30018.5;30018.75;30023.25;347;0;30022.125
2026-07-06 16:38:00.000;2026-07-06 16:38:59.999;30019;30019;30010.875;30002.75;30006.25;30009.333333333332;922;0;30008.5625
2026-07-06 16:39:00.000;2026-07-06 16:39:59.999;30006.75;30024.5;30015.625;30006.75;30019.25;30016.833333333332;530;0;30017.4375
2026-07-06 16:40:00.000;2026-07-06 16:40:59.999;30019.5;30031.75;30025.375;30019;30029;30026.583333333332;440;0;30027.1875
2026-07-06 16:41:00.000;2026-07-06 16:41:59.999;30029.25;30034;30027.375;30020.75;30022.75;30025.833333333332;499;0;30025.0625
2026-07-06 16:42:00.000;2026-07-06 16:42:59.999;30022.75;30027.75;30020.875;30014;30015.25;30019;456;0;30018.0625
2026-07-06 16:43:00.000;2026-07-06 16:43:59.999;30015;30022;30018.5;30015;30018.25;30018.416666666668;371;0;30018.375
2026-07-06 16:44:00.000;2026-07-06 16:44:59.999;30018.75;30023.5;30020;30016.5;30016.5;30018.833333333332;336;0;30018.25
2026-07-06 16:45:00.000;2026-07-06 16:45:59.999;30017.25;30020;30011.125;30002.25;30008;30010.083333333332;700;0;30009.5625
2026-07-06 16:46:00.000;2026-07-06 16:46:59.999;30008.25;30028;30016.5;30005;30023.75;30018.916666666668;554;0;30020.125
2026-07-06 16:47:00.000;2026-07-06 16:47:59.999;30023.75;30033;30027.75;30022.5;30029;30028.166666666668;444;0;30028.375
2026-07-06 16:48:00.000;2026-07-06 16:48:59.999;30028.5;30031.75;30026.625;30021.5;30025.75;30026.333333333332;274;0;30026.1875
2026-07-06 16:49:00.000;2026-07-06 16:49:59.999;30025.75;30035;30028.125;30021.25;30034;30030.083333333332;334;0;30031.0625
2026-07-06 16:50:00.000;2026-07-06 16:50:59.999;30034.25;30038.25;30034.5;30030.75;30034.75;30034.583333333332;405;0;30034.625
2026-07-06 16:51:00.000;2026-07-06 16:51:59.999;30035.5;30038.5;30030;30021.5;30024;30028;471;0;30027
2026-07-06 16:52:00.000;2026-07-06 16:52:59.999;30023.75;30024.75;30018.5;30012.25;30015.25;30017.416666666668;515;0;30016.875
2026-07-06 16:53:00.000;2026-07-06 16:53:59.999;30014.5;30014.5;30008.25;30002;30005.5;30007.333333333332;521;0;30006.875
2026-07-06 16:54:00.000;2026-07-06 16:54:59.999;30006.25;30008.75;30002.125;29995.5;29997.25;30000.5;753;0;29999.6875
2026-07-06 16:55:00.000;2026-07-06 16:55:59.999;29998;30003.25;29996.875;29990.5;29992.5;29995.416666666668;594;0;29994.6875
2026-07-06 16:56:00.000;2026-07-06 16:56:59.999;29993.75;29996.25;29989.125;29982;29995;29991.083333333332;899;0;29992.0625
2026-07-06 16:57:00.000;2026-07-06 16:57:59.999;29995.5;30007.25;30000.875;29994.5;30004.25;30002;515;0;30002.5625
2026-07-06 16:58:00.000;2026-07-06 16:58:59.999;30003.25;30006.25;29997;29987.75;29992.25;29995.416666666668;517;0;29994.625
2026-07-06 16:59:00.000;2026-07-06 16:59:59.999;29992.25;29993.25;29987.125;29981;29990;29988.083333333332;541;0;29988.5625
2026-07-06 17:00:00.000;2026-07-06 17:00:59.999;29989;29996.5;29988.375;29980.25;29994;29990.25;603;0;29991.1875
2026-07-06 17:01:00.000;2026-07-06 17:01:59.999;29994;29998.75;29991.75;29984.75;29985.5;29989.666666666668;540;0;29988.625
2026-07-06 17:02:00.000;2026-07-06 17:02:59.999;29986;29990.25;29982.75;29975.25;29980.5;29982;737;0;29981.625
2026-07-06 17:03:00.000;2026-07-06 17:03:59.999;29979.75;30000.25;29989.5;29978.75;30000;29993;759;0;29994.75
2026-07-06 17:04:00.000;2026-07-06 17:04:59.999;29999;30003.75;29997.5;29991.25;29994.75;29996.583333333332;503;0;29996.125
2026-07-06 17:05:00.000;2026-07-06 17:05:59.999;29994.5;30014.75;30003.125;29991.5;30014.5;30006.916666666668;598;0;30008.8125
2026-07-06 17:06:00.000;2026-07-06 17:06:59.999;30013.75;30028.75;30021.25;30013.75;30025.75;30022.75;880;0;30023.5
2026-07-06 17:07:00.000;2026-07-06 17:07:59.999;30025.75;30028.75;30024.25;30019.75;30022.25;30023.583333333332;384;0;30023.25
2026-07-06 17:08:00.000;2026-07-06 17:08:59.999;30021.5;30025.25;30019.625;30014;30025.25;30021.5;429;0;30022.4375
2026-07-06 17:09:00.000;2026-07-06 17:09:59.999;30025.25;30032.25;30028.25;30024.25;30029.5;30028.666666666668;553;0;30028.875
2026-07-06 17:10:00.000;2026-07-06 17:10:59.999;30028.5;30036.75;30030.75;30024.75;30026.25;30029.25;558;0;30028.5
2026-07-06 17:11:00.000;2026-07-06 17:11:59.999;30025.75;30030;30024.875;30019.75;30027.5;30025.75;413;0;30026.1875
2026-07-06 17:12:00.000;2026-07-06 17:12:59.999;30028.5;30032.75;30029.5;30026.25;30028.5;30029.166666666668;284;0;30029
2026-07-06 17:13:00.000;2026-07-06 17:13:59.999;30028;30030.5;30023.25;30016;30019;30021.833333333332;484;0;30021.125
2026-07-06 17:14:00.000;2026-07-06 17:14:59.999;30019.5;30019.75;30014.75;30009.75;30019;30016.166666666668;434;0;30016.875
2026-07-06 17:15:00.000;2026-07-06 17:15:59.999;30019.25;30026;30020.125;30014.25;30025;30021.75;475;0;30022.5625
2026-07-06 17:16:00.000;2026-07-06 17:16:59.999;30024.75;30032;30027;30022;30024;30026;525;0;30025.5
2026-07-06 17:17:00.000;2026-07-06 17:17:59.999;30023.5;30025.5;30018;30010.5;30013.75;30016.583333333332;567;0;30015.875
2026-07-06 17:18:00.000;2026-07-06 17:18:59.999;30013.25;30013.75;30005.25;29996.75;29999.25;30003.25;591;0;30002.25
2026-07-06 17:19:00.000;2026-07-06 17:19:59.999;30000;30005.75;29999.375;29993;30000;29999.583333333332;429;0;29999.6875
2026-07-06 17:20:00.000;2026-07-06 17:20:59.999;30000.25;30002.25;29993.625;29985;29986.75;29991.333333333332;538;0;29990.1875
2026-07-06 17:21:00.000;2026-07-06 17:21:59.999;29985.5;29992;29983.75;29975.5;29976;29981.166666666668;493;0;29979.875
2026-07-06 17:22:00.000;2026-07-06 17:22:59.999;29977.5;29982.5;29973;29963.5;29981.5;29975.833333333332;847;0;29977.25
2026-07-06 17:23:00.000;2026-07-06 17:23:59.999;29981.75;29987;29980.25;29973.5;29976.5;29979;582;0;29978.375
2026-07-06 17:24:00.000;2026-07-06 17:24:59.999;29977;29980;29972.125;29964.25;29979.5;29974.583333333332;549;0;29975.8125
2026-07-06 17:25:00.000;2026-07-06 17:25:59.999;29979.25;29994.75;29986.875;29979;29987.75;29987.166666666668;652;0;29987.3125
2026-07-06 17:26:00.000;2026-07-06 17:26:59.999;29989;29996.75;29991.625;29986.5;29990.25;29991.166666666668;364;0;29990.9375
2026-07-06 17:27:00.000;2026-07-06 17:27:59.999;29990.5;29992.25;29983.125;29974;29974.5;29980.25;560;0;29978.8125
2026-07-06 17:28:00.000;2026-07-06 17:28:59.999;29974.25;29977.75;29970.875;29964;29964.75;29968.833333333332;567;0;29967.8125
2026-07-06 17:29:00.000;2026-07-06 17:29:59.999;29964.5;29968.5;29958.25;29948;29954.75;29957.083333333332;978;0;29956.5
2026-07-06 17:30:00.000;2026-07-06 17:30:59.999;29955.5;29960.5;29949.25;29938;29942.25;29946.916666666668;1008;0;29945.75
2026-07-06 17:31:00.000;2026-07-06 17:31:59.999;29942.5;29949.5;29942.25;29935;29941.75;29942.083333333332;813;0;29942
2026-07-06 17:32:00.000;2026-07-06 17:32:59.999;29941;29947;29937.75;29928.5;29931.25;29935.583333333332;1096;0;29934.5
2026-07-06 17:33:00.000;2026-07-06 17:33:59.999;29931.75;29937.25;29928.5;29919.75;29929.5;29928.833333333332;1163;0;29929
2026-07-06 17:34:00.000;2026-07-06 17:34:59.999;29930.75;29938.25;29932.75;29927.25;29933.25;29932.916666666668;666;0;29933
2026-07-06 17:35:00.000;2026-07-06 17:35:59.999;29933.75;29939.75;29932;29924.25;29931.5;29931.833333333332;670;0;29931.75
2026-07-06 17:36:00.000;2026-07-06 17:36:59.999;29932;29932.25;29923.625;29915;29921.75;29923;803;0;29922.6875
2026-07-06 17:37:00.000;2026-07-06 17:37:59.999;29922.75;29933;29923;29913;29926.25;29924.083333333332;1234;0;29924.625
2026-07-06 17:38:00.000;2026-07-06 17:38:59.999;29925.5;29933.5;29928.375;29923.25;29927;29927.916666666668;495;0;29927.6875
2026-07-06 17:39:00.000;2026-07-06 17:39:59.999;29929.25;29929.25;29921.625;29914;29922.25;29921.833333333332;445;0;29921.9375
2026-07-06 17:40:00.000;2026-07-06 17:40:59.999;29921.25;29921.25;29913.75;29906.25;29909.75;29912.416666666668;579;0;29911.75
2026-07-06 17:41:00.000;2026-07-06 17:41:59.999;29909.75;29915.25;29910;29904.75;29907;29909;436;0;29908.5
2026-07-06 17:42:00.000;2026-07-06 17:42:59.999;29907.25;29907.5;29894.875;29882.25;29886.25;29892;1385;0;29890.5625
2026-07-06 17:43:00.000;2026-07-06 17:43:59.999;29886.75;29903.5;29894.5;29885.5;29900.75;29896.583333333332;1224;0;29897.625
2026-07-06 17:44:00.000;2026-07-06 17:44:59.999;29900.75;29912.25;29906.125;29900;29904.75;29905.666666666668;958;0;29905.4375
2026-07-06 17:45:00.000;2026-07-06 17:45:59.999;29904.5;29904.5;29893.625;29882.75;29901.75;29896.333333333332;1114;0;29897.6875
2026-07-06 17:46:00.000;2026-07-06 17:46:59.999;29900.5;29921;29910;29899;29916.75;29912.25;1038;0;29913.375
2026-07-06 17:47:00.000;2026-07-06 17:47:59.999;29917;29931.5;29923.5;29915.5;29923.25;29923.416666666668;922;0;29923.375
2026-07-06 17:48:00.000;2026-07-06 17:48:59.999;29922.75;29928.5;29921.75;29915;29915.5;29919.666666666668;559;0;29918.625
2026-07-06 17:49:00.000;2026-07-06 17:49:59.999;29914.75;29919.25;29914.625;29910;29919.25;29916.166666666668;489;0;29916.9375
2026-07-06 17:50:00.000;2026-07-06 17:50:59.999;29919.5;29936;29927.5;29919;29927.25;29927.416666666668;834;0;29927.375
2026-07-06 17:51:00.000;2026-07-06 17:51:59.999;29927.75;29934;29928.75;29923.5;29929.75;29929.083333333332;553;0;29929.25
2026-07-06 17:52:00.000;2026-07-06 17:52:59.999;29930;29930.25;29920.25;29910.25;29912.5;29917.666666666668;613;0;29916.375
2026-07-06 17:53:00.000;2026-07-06 17:53:59.999;29912.25;29913.25;29907.5;29901.75;29910.5;29908.5;548;0;29909
2026-07-06 17:54:00.000;2026-07-06 17:54:59.999;29910.25;29912.25;29906.125;29900;29903.25;29905.166666666668;443;0;29904.6875
2026-07-06 17:55:00.000;2026-07-06 17:55:59.999;29904;29909.5;29903.125;29896.75;29899.25;29901.833333333332;643;0;29901.1875
2026-07-06 17:56:00.000;2026-07-06 17:56:59.999;29900.5;29906;29901.25;29896.5;29902.25;29901.583333333332;399;0;29901.75
2026-07-06 17:57:00.000;2026-07-06 17:57:59.999;29902.5;29906.25;29899.5;29892.75;29894.5;29897.833333333332;445;0;29897
2026-07-06 17:58:00.000;2026-07-06 17:58:59.999;29894.25;29897;29891.75;29886.5;29889.5;29891;544;0;29890.625
2026-07-06 17:59:00.000;2026-07-06 17:59:59.999;29889;29899.5;29893.625;29887.75;29896.75;29894.666666666668;452;0;29895.1875
2026-07-06 18:00:00.000;2026-07-06 18:00:59.999;29896.25;29914.25;29904.875;29895.5;29900.75;29903.5;940;0;29902.8125
2026-07-06 18:01:00.000;2026-07-06 18:01:59.999;29899.75;29921.75;29910.125;29898.5;29920.25;29913.5;834;0;29915.1875
2026-07-06 18:02:00.000;2026-07-06 18:02:59.999;29921;29932.75;29926.5;29920.25;29922.75;29925.25;1074;0;29924.625
2026-07-06 18:03:00.000;2026-07-06 18:03:59.999;29922.75;29933.75;29927;29920.25;29932.5;29928.833333333332;581;0;29929.75
2026-07-06 18:04:00.000;2026-07-06 18:04:59.999;29932.25;29933.5;29926.125;29918.75;29924.25;29925.5;543;0;29925.1875
2026-07-06 18:05:00.000;2026-07-06 18:05:59.999;29924.25;29935.75;29929.75;29923.75;29927.5;29929;495;0;29928.625
2026-07-06 18:06:00.000;2026-07-06 18:06:59.999;29928.5;29945.75;29937.125;29928.5;29945.25;29939.833333333332;605;0;29941.1875
2026-07-06 18:07:00.000;2026-07-06 18:07:59.999;29945.5;29957.25;29948.875;29940.5;29955;29950.916666666668;958;0;29951.9375
2026-07-06 18:08:00.000;2026-07-06 18:08:59.999;29955;29967.5;29960.25;29953;29965;29961.833333333332;1032;0;29962.625
2026-07-06 18:09:00.000;2026-07-06 18:09:59.999;29965.5;29965.5;29959.75;29954;29961.25;29960.25;650;0;29960.5
2026-07-06 18:10:00.000;2026-07-06 18:10:59.999;29961.75;29967.5;29963.25;29959;29963;29963.166666666668;585;0;29963.125
2026-07-06 18:11:00.000;2026-07-06 18:11:59.999;29964.75;29966;29961.875;29957.75;29957.75;29960.5;395;0;29959.8125
2026-07-06 18:12:00.000;2026-07-06 18:12:59.999;29957.75;29958.75;29954;29949.25;29956.5;29954.833333333332;610;0;29955.25
2026-07-06 18:13:00.000;2026-07-06 18:13:59.999;29956.5;29958.75;29954;29949.25;29950.5;29952.833333333332;363;0;29952.25
2026-07-06 18:14:00.000;2026-07-06 18:14:59.999;29950.5;29953;29949.25;29945.5;29949.25;29949.25;311;0;29949.25
2026-07-06 18:15:00.000;2026-07-06 18:15:59.999;29950;29974.5;29962.25;29950;29974;29966.166666666668;1187;0;29968.125
2026-07-06 18:16:00.000;2026-07-06 18:16:59.999;29974.25;29994.75;29984.125;29973.5;29982.25;29983.5;1284;0;29983.1875
2026-07-06 18:17:00.000;2026-07-06 18:17:59.999;29983;29983;29976.625;29970.25;29971.25;29974.833333333332;580;0;29973.9375
2026-07-06 18:18:00.000;2026-07-06 18:18:59.999;29970.25;29975.5;29969.375;29963.25;29973.75;29970.833333333332;625;0;29971.5625
2026-07-06 18:19:00.000;2026-07-06 18:19:59.999;29973.75;29985.5;29979;29972.5;29983.5;29980.5;590;0;29981.25
2026-07-06 18:20:00.000;2026-07-06 18:20:59.999;29983.75;29987;29979.125;29971.25;29978.25;29978.833333333332;520;0;29978.6875
2026-07-06 18:21:00.000;2026-07-06 18:21:59.999;29978.25;29987.75;29980.75;29973.75;29983.75;29981.75;453;0;29982.25
2026-07-06 18:22:00.000;2026-07-06 18:22:59.999;29984.25;29988;29984.75;29981.5;29984.75;29984.75;343;0;29984.75
2026-07-06 18:23:00.000;2026-07-06 18:23:59.999;29984;29986.75;29980.125;29973.5;29985.5;29981.916666666668;483;0;29982.8125
2026-07-06 18:24:00.000;2026-07-06 18:24:59.999;29985.25;29991.5;29986.25;29981;29989.25;29987.25;391;0;29987.75
2026-07-06 18:25:00.000;2026-07-06 18:25:59.999;29989.25;29993.5;29988;29982.5;29992.5;29989.5;330;0;29990.25
2026-07-06 18:26:00.000;2026-07-06 18:26:59.999;29992.5;30000;29992.875;29985.75;29992.25;29992.666666666668;720;0;29992.5625
2026-07-06 18:27:00.000;2026-07-06 18:27:59.999;29992.5;29992.5;29984.875;29977.25;29978.25;29982.666666666668;488;0;29981.5625
2026-07-06 18:28:00.000;2026-07-06 18:28:59.999;29979;29981.75;29974.375;29967;29972.25;29973.666666666668;518;0;29973.3125
2026-07-06 18:29:00.000;2026-07-06 18:29:59.999;29972.25;29976.75;29971.875;29967;29971.75;29971.833333333332;378;0;29971.8125
2026-07-06 18:30:00.000;2026-07-06 18:30:59.999;29971.75;29976.75;29970.375;29964;29971;29970.583333333332;730;0;29970.6875
2026-07-06 18:31:00.000;2026-07-06 18:31:59.999;29971.25;29978.5;29973.5;29968.5;29975;29974;362;0;29974.25
2026-07-06 18:32:00.000;2026-07-06 18:32:59.999;29975.25;29975.25;29966.5;29957.75;29961.25;29964.75;489;0;29963.875
2026-07-06 18:33:00.000;2026-07-06 18:33:59.999;29962;29966;29960.125;29954.25;29958.5;29959.583333333332;343;0;29959.3125
2026-07-06 18:34:00.000;2026-07-06 18:34:59.999;29957.5;29960.75;29955;29949.25;29949.25;29953.083333333332;511;0;29952.125
2026-07-06 18:35:00.000;2026-07-06 18:35:59.999;29950;29959.75;29954.125;29948.5;29955.75;29954.666666666668;612;0;29954.9375
2026-07-06 18:36:00.000;2026-07-06 18:36:59.999;29956.75;29964.75;29958.125;29951.5;29963.25;29959.833333333332;514;0;29960.6875
2026-07-06 18:37:00.000;2026-07-06 18:37:59.999;29963.25;29973;29967.125;29961.25;29971.75;29968.666666666668;422;0;29969.4375
2026-07-06 18:38:00.000;2026-07-06 18:38:59.999;29971.75;29977.75;29968.625;29959.5;29960.5;29965.916666666668;492;0;29964.5625
2026-07-06 18:39:00.000;2026-07-06 18:39:59.999;29959.25;29961.5;29957.25;29953;29958.25;29957.583333333332;488;0;29957.75
2026-07-06 18:40:00.000;2026-07-06 18:40:59.999;29958.25;29972.25;29965;29957.75;29971.5;29967.166666666668;378;0;29968.25
2026-07-06 18:41:00.000;2026-07-06 18:41:59.999;29972;29978.5;29975;29971.5;29976.75;29975.583333333332;457;0;29975.875
2026-07-06 18:42:00.000;2026-07-06 18:42:59.999;29975.25;29983.75;29978.25;29972.75;29981.5;29979.333333333332;410;0;29979.875
2026-07-06 18:43:00.000;2026-07-06 18:43:59.999;29981.25;29984.25;29980.375;29976.5;29981.75;29980.833333333332;395;0;29981.0625
2026-07-06 18:44:00.000;2026-07-06 18:44:59.999;29981.25;29984.25;29973.5;29962.75;29978;29975;597;0;29975.75
2026-07-06 18:45:00.000;2026-07-06 18:45:59.999;29978;29987.75;29980.75;29973.75;29985.75;29982.416666666668;449;0;29983.25
2026-07-06 18:46:00.000;2026-07-06 18:46:59.999;29985.75;29995.75;29988.625;29981.5;29995.25;29990.833333333332;685;0;29991.9375
2026-07-06 18:47:00.000;2026-07-06 18:47:59.999;29994.5;30003;29998.375;29993.75;29998.25;29998.333333333332;697;0;29998.3125
2026-07-06 18:48:00.000;2026-07-06 18:48:59.999;29998;30001.5;29994.5;29987.5;29988;29992.333333333332;337;0;29991.25
2026-07-06 18:49:00.000;2026-07-06 18:49:59.999;29988.25;29990.5;29986.375;29982.25;29987.25;29986.666666666668;320;0;29986.8125
2026-07-06 18:50:00.000;2026-07-06 18:50:59.999;29987;29987.5;29982.875;29978.25;29987;29984.25;349;0;29984.9375
2026-07-06 18:51:00.000;2026-07-06 18:51:59.999;29987.5;29995;29989.625;29984.25;29987.5;29988.916666666668;314;0;29988.5625
2026-07-06 18:52:00.000;2026-07-06 18:52:59.999;29988;29991;29987;29983;29985.25;29986.416666666668;253;0;29986.125
2026-07-06 18:53:00.000;2026-07-06 18:53:59.999;29985.5;29987;29981.875;29976.75;29986.5;29983.416666666668;434;0;29984.1875
2026-07-06 18:54:00.000;2026-07-06 18:54:59.999;29985.75;29990;29986.25;29982.5;29989.5;29987.333333333332;261;0;29987.875
2026-07-06 18:55:00.000;2026-07-06 18:55:59.999;29989;29991.5;29985.75;29980;29985.75;29985.75;365;0;29985.75
2026-07-06 18:56:00.000;2026-07-06 18:56:59.999;29985.5;30004;29993.75;29983.5;29997.25;29994.916666666668;607;0;29995.5
2026-07-06 18:57:00.000;2026-07-06 18:57:59.999;29996.75;30000.25;29997.75;29995.25;29996.25;29997.25;321;0;29997
2026-07-06 18:58:00.000;2026-07-06 18:58:59.999;29995.75;30001.5;29997.875;29994.25;29994.25;29996.666666666668;263;0;29996.0625
2026-07-06 18:59:00.000;2026-07-06 18:59:59.999;29994.25;29994.25;29989.75;29985.25;29990;29989.833333333332;398;0;29989.875
2026-07-06 19:00:00.000;2026-07-06 19:00:59.999;29990.75;30009.25;30000;29990.75;29997.25;29999.083333333332;961;0;29998.625
2026-07-06 19:01:00.000;2026-07-06 19:01:59.999;29998.5;29998.5;29991.875;29985.25;29992.25;29992;692;0;29992.0625
2026-07-06 19:02:00.000;2026-07-06 19:02:59.999;29992.25;29998;29990;29982;29982.25;29987.416666666668;370;0;29986.125
2026-07-06 19:03:00.000;2026-07-06 19:03:59.999;29982.75;29986.5;29983.625;29980.75;29981.5;29982.916666666668;369;0;29982.5625
2026-07-06 19:04:00.000;2026-07-06 19:04:59.999;29982;29991.25;29986.25;29981.25;29989;29987.166666666668;424;0;29987.625
2026-07-06 19:05:00.000;2026-07-06 19:05:59.999;29989;29999.75;29993.375;29987;29999.5;29995.416666666668;456;0;29996.4375
2026-07-06 19:06:00.000;2026-07-06 19:06:59.999;29999.75;30008.25;29999.75;29991.25;30003.5;30001;535;0;30001.625
2026-07-06 19:07:00.000;2026-07-06 19:07:59.999;30003.5;30008.5;30003.125;29997.75;29999.5;30001.916666666668;387;0;30001.3125
2026-07-06 19:08:00.000;2026-07-06 19:08:59.999;29998.5;30003.75;29998.625;29993.5;30000.5;29999.25;351;0;29999.5625
2026-07-06 19:09:00.000;2026-07-06 19:09:59.999;30000.5;30008;30004;30000;30006;30004.666666666668;335;0;30005
2026-07-06 19:10:00.000;2026-07-06 19:10:59.999;30006.75;30015.25;30010;30004.75;30009.5;30009.833333333332;778;0;30009.75
2026-07-06 19:11:00.000;2026-07-06 19:11:59.999;30009.5;30016.75;30010.125;30003.5;30015;30011.75;399;0;30012.5625
2026-07-06 19:12:00.000;2026-07-06 19:12:59.999;30014.5;30025;30018.625;30012.25;30023.25;30020.166666666668;597;0;30020.9375
2026-07-06 19:13:00.000;2026-07-06 19:13:59.999;30023.75;30024.25;30018.875;30013.5;30020.5;30019.416666666668;498;0;30019.6875
2026-07-06 19:14:00.000;2026-07-06 19:14:59.999;30020;30022.75;30016.375;30010;30011.25;30014.666666666668;458;0;30013.8125
2026-07-06 19:15:00.000;2026-07-06 19:15:59.999;30011.5;30019.25;30011.875;30004.5;30017.5;30013.75;593;0;30014.6875
2026-07-06 19:16:00.000;2026-07-06 19:16:59.999;30017.25;30023;30017.125;30011.25;30015.75;30016.666666666668;506;0;30016.4375
2026-07-06 19:17:00.000;2026-07-06 19:17:59.999;30015.25;30031;30022.625;30014.25;30028.5;30024.583333333332;742;0;30025.5625
2026-07-06 19:18:00.000;2026-07-06 19:18:59.999;30028.75;30035.75;30030.875;30026;30026.5;30029.416666666668;575;0;30028.6875
2026-07-06 19:19:00.000;2026-07-06 19:19:59.999;30027.25;30036;30030.25;30024.5;30033.5;30031.333333333332;594;0;30031.875
2026-07-06 19:20:00.000;2026-07-06 19:20:59.999;30033.5;30041.25;30034.125;30027;30039.25;30035.833333333332;431;0;30036.6875
2026-07-06 19:21:00.000;2026-07-06 19:21:59.999;30039.75;30049;30042.25;30035.5;30040;30041.5;672;0;30041.125
2026-07-06 19:22:00.000;2026-07-06 19:22:59.999;30040;30043.25;30038.875;30034.5;30038.75;30038.833333333332;333;0;30038.8125
2026-07-06 19:23:00.000;2026-07-06 19:23:59.999;30038.25;30046.25;30040.625;30035;30045.5;30042.25;412;0;30043.0625
2026-07-06 19:24:00.000;2026-07-06 19:24:59.999;30046.5;30052;30048.625;30045.25;30047.75;30048.333333333332;442;0;30048.1875
2026-07-06 19:25:00.000;2026-07-06 19:25:59.999;30047.75;30052;30046;30040;30049;30047;637;0;30047.5
2026-07-06 19:26:00.000;2026-07-06 19:26:59.999;30048.25;30049.25;30043.125;30037;30042;30042.75;501;0;30042.5625
2026-07-06 19:27:00.000;2026-07-06 19:27:59.999;30042.5;30046.75;30039.875;30033;30034.25;30038;468;0;30037.0625
2026-07-06 19:28:00.000;2026-07-06 19:28:59.999;30034.25;30039;30035.625;30032.25;30037.75;30036.333333333332;407;0;30036.6875
2026-07-06 19:29:00.000;2026-07-06 19:29:59.999;30037.25;30039.5;30035.75;30032;30035.5;30035.666666666668;325;0;30035.625
2026-07-06 19:30:00.000;2026-07-06 19:30:59.999;30035.75;30038;30026.375;30014.75;30017.5;30023.416666666668;1331;0;30021.9375
2026-07-06 19:31:00.000;2026-07-06 19:31:59.999;30016.75;30020;30011.125;30002.25;30020;30014.083333333332;1041;0;30015.5625
2026-07-06 19:32:00.000;2026-07-06 19:32:59.999;30019.5;30025;30019.75;30014.5;30022.25;30020.583333333332;518;0;30021
2026-07-06 19:33:00.000;2026-07-06 19:33:59.999;30020.75;30024;30019.75;30015.5;30022.5;30020.666666666668;434;0;30021.125
2026-07-06 19:34:00.000;2026-07-06 19:34:59.999;30022.5;30029;30023;30017;30026.75;30024.25;609;0;30024.875
2026-07-06 19:35:00.000;2026-07-06 19:35:59.999;30026.5;30033;30027;30021;30022.25;30025.416666666668;562;0;30024.625
2026-07-06 19:36:00.000;2026-07-06 19:36:59.999;30022;30022;30011.25;30000.5;30004.5;30009;979;0;30007.875
2026-07-06 19:37:00.000;2026-07-06 19:37:59.999;30004.75;30013.25;30006.75;30000.25;30003.5;30005.666666666668;507;0;30005.125
2026-07-06 19:38:00.000;2026-07-06 19:38:59.999;30003.25;30010.5;30005.375;30000.25;30009.75;30006.833333333332;430;0;30007.5625
2026-07-06 19:39:00.000;2026-07-06 19:39:59.999;30008.5;30008.5;30004.75;30001;30003;30004.166666666668;548;0;30003.875
2026-07-06 19:40:00.000;2026-07-06 19:40:59.999;30002.75;30005.25;30000.75;29996.25;29998.5;30000;715;0;29999.625
2026-07-06 19:41:00.000;2026-07-06 19:41:59.999;29999;30021.75;30009.875;29998;30021;30013.583333333332;612;0;30015.4375
2026-07-06 19:42:00.000;2026-07-06 19:42:59.999;30022;30026;30021.375;30016.75;30018.75;30020.5;491;0;30020.0625
2026-07-06 19:43:00.000;2026-07-06 19:43:59.999;30019;30028;30023;30018;30022.25;30022.75;462;0;30022.625
2026-07-06 19:44:00.000;2026-07-06 19:44:59.999;30022.25;30030;30025.25;30020.5;30024;30024.833333333332;407;0;30024.625
2026-07-06 19:45:00.000;2026-07-06 19:45:59.999;30023.75;30036.25;30029;30021.75;30033.5;30030.5;640;0;30031.25
2026-07-06 19:46:00.000;2026-07-06 19:46:59.999;30034.5;30034.75;30031;30027.25;30031.75;30031.25;345;0;30031.375
2026-07-06 19:47:00.000;2026-07-06 19:47:59.999;30031.75;30036.25;30031.875;30027.5;30031.5;30031.75;362;0;30031.6875
2026-07-06 19:48:00.000;2026-07-06 19:48:59.999;30031;30034;30026.375;30018.75;30029.25;30027.333333333332;770;0;30027.8125
2026-07-06 19:49:00.000;2026-07-06 19:49:59.999;30029;30031.25;30027.125;30023;30023.25;30025.833333333332;623;0;30025.1875
2026-07-06 19:50:00.000;2026-07-06 19:50:59.999;30024;30028;30005.125;29982.25;29986.75;29999;2080;0;29995.9375
2026-07-06 19:51:00.000;2026-07-06 19:51:59.999;29985.5;29995.75;29989.25;29982.75;29984.75;29987.75;1110;0;29987
2026-07-06 19:52:00.000;2026-07-06 19:52:59.999;29984;29989.75;29979.5;29969.25;29970.5;29976.5;1665;0;29975
2026-07-06 19:53:00.000;2026-07-06 19:53:59.999;29970.25;29985.25;29976.25;29967.25;29982.25;29978.25;1088;0;29979.25
2026-07-06 19:54:00.000;2026-07-06 19:54:59.999;29981.75;29989.25;29976.75;29964.25;29965;29972.833333333332;1565;0;29970.875
2026-07-06 19:55:00.000;2026-07-06 19:55:59.999;29965;29969.5;29955;29940.5;29955.25;29955.083333333332;2097;0;29955.125
2026-07-06 19:56:00.000;2026-07-06 19:56:59.999;29954.5;29961.25;29955.625;29950;29956.75;29956;1504;0;29956.1875
2026-07-06 19:57:00.000;2026-07-06 19:57:59.999;29956;29980.75;29967.25;29953.75;29969.75;29968.083333333332;1775;0;29968.5
2026-07-06 19:58:00.000;2026-07-06 19:58:59.999;29969.5;29969.5;29958.625;29947.75;29957;29958.083333333332;1709;0;29957.8125
2026-07-06 19:59:00.000;2026-07-06 19:59:59.999;29957;29962.5;29947;29931.5;29951.75;29948.583333333332;8944;0;29949.375
2026-07-06 20:00:00.000;2026-07-06 20:00:59.999;29951.25;29960.75;29952.875;29945;29948.25;29951.333333333332;2979;0;29950.5625
2026-07-06 20:01:00.000;2026-07-06 20:01:59.999;29949.25;29950.5;29941.75;29933;29940.75;29941.416666666668;1195;0;29941.25
2026-07-06 20:02:00.000;2026-07-06 20:02:59.999;29939.75;29962.75;29951.125;29939.5;29960.5;29954.25;1013;0;29955.8125
2026-07-06 20:03:00.000;2026-07-06 20:03:59.999;29960;29964.75;29957.625;29950.5;29951.5;29955.583333333332;623;0;29954.5625
2026-07-06 20:04:00.000;2026-07-06 20:04:59.999;29951;29956.75;29951.375;29946;29948.75;29950.5;467;0;29950.0625
2026-07-06 20:05:00.000;2026-07-06 20:05:59.999;29949.75;29957;29950.625;29944.25;29956.75;29952.666666666668;487;0;29953.6875
2026-07-06 20:06:00.000;2026-07-06 20:06:59.999;29956;29959;29956;29953;29957.5;29956.5;179;0;29956.75
2026-07-06 20:07:00.000;2026-07-06 20:07:59.999;29957.75;29966;29960.875;29955.75;29964.25;29962;267;0;29962.5625
2026-07-06 20:08:00.000;2026-07-06 20:08:59.999;29964;29972.75;29967.625;29962.5;29968.75;29968;347;0;29968.1875
2026-07-06 20:09:00.000;2026-07-06 20:09:59.999;29968.75;29969.75;29962.375;29955;29962.5;29962.416666666668;444;0;29962.4375
2026-07-06 20:10:00.000;2026-07-06 20:10:59.999;29962.25;29965.5;29961.25;29957;29958;29960.166666666668;175;0;29959.625
2026-07-06 20:11:00.000;2026-07-06 20:11:59.999;29957.5;29959;29955.375;29951.75;29958;29956.25;255;0;29956.6875
2026-07-06 20:12:00.000;2026-07-06 20:12:59.999;29957.5;29964.25;29960.5;29956.75;29961;29960.666666666668;170;0;29960.75
2026-07-06 20:13:00.000;2026-07-06 20:13:59.999;29961.25;29967.75;29964.25;29960.75;29962.5;29963.666666666668;278;0;29963.375
2026-07-06 20:14:00.000;2026-07-06 20:14:59.999;29962.25;29966;29963.375;29960.75;29964;29963.583333333332;161;0;29963.6875
2026-07-06 20:15:00.000;2026-07-06 20:15:59.999;29963.25;29964.75;29962.75;29960.75;29963.5;29963;105;0;29963.125
2026-07-06 20:16:00.000;2026-07-06 20:16:59.999;29963;29968;29965.5;29963;29966.5;29965.833333333332;98;0;29966
2026-07-06 20:17:00.000;2026-07-06 20:17:59.999;29965.75;29968.25;29966.5;29964.75;29967.5;29966.833333333332;104;0;29967
2026-07-06 20:18:00.000;2026-07-06 20:18:59.999;29967.5;29970;29967.5;29965;29966.5;29967.166666666668;94;0;29967
2026-07-06 20:19:00.000;2026-07-06 20:19:59.999;29966.5;29969;29965.5;29962;29962.75;29964.583333333332;169;0;29964.125
2026-07-06 20:20:00.000;2026-07-06 20:20:59.999;29962.75;29963;29961.25;29959.5;29961.25;29961.25;50;0;29961.25
2026-07-06 20:21:00.000;2026-07-06 20:21:59.999;29960.75;29961;29958.5;29956;29956.5;29957.833333333332;97;0;29957.5
2026-07-06 20:22:00.000;2026-07-06 20:22:59.999;29957.5;29959.25;29957.125;29955;29959.25;29957.833333333332;91;0;29958.1875
2026-07-06 20:23:00.000;2026-07-06 20:23:59.999;29959;29960;29959.375;29958.75;29959.25;29959.333333333332;39;0;29959.3125
2026-07-06 20:24:00.000;2026-07-06 20:24:59.999;29959.5;29962.25;29959.875;29957.5;29957.5;29959.083333333332;157;0;29958.6875
2026-07-06 20:25:00.000;2026-07-06 20:25:59.999;29957.25;29957.5;29955.75;29954;29955.25;29955.583333333332;317;0;29955.5
2026-07-06 20:26:00.000;2026-07-06 20:26:59.999;29954.75;29957.5;29954.375;29951.25;29951.25;29953.333333333332;179;0;29952.8125
2026-07-06 20:27:00.000;2026-07-06 20:27:59.999;29951.5;29956.25;29953.875;29951.5;29955;29954.25;107;0;29954.4375
2026-07-06 20:28:00.000;2026-07-06 20:28:59.999;29954.75;29957;29954.5;29952;29953;29954;173;0;29953.75
2026-07-06 20:29:00.000;2026-07-06 20:29:59.999;29953.5;29959.5;29955;29950.5;29959.5;29956.5;219;0;29957.25
2026-07-06 20:30:00.000;2026-07-06 20:30:59.999;29960;29961.5;29959.75;29958;29960.75;29960.083333333332;99;0;29960.25
2026-07-06 20:31:00.000;2026-07-06 20:31:59.999;29960.25;29964;29962.125;29960.25;29964;29962.75;79;0;29963.0625
2026-07-06 20:32:00.000;2026-07-06 20:32:59.999;29963.25;29965.5;29963;29960.5;29962.75;29962.916666666668;108;0;29962.875
2026-07-06 20:33:00.000;2026-07-06 20:33:59.999;29961.5;29961.5;29958.5;29955.5;29958;29958.333333333332;163;0;29958.25
2026-07-06 20:34:00.000;2026-07-06 20:34:59.999;29958;29960.25;29959.125;29958;29960;29959.416666666668;71;0;29959.5625
2026-07-06 20:35:00.000;2026-07-06 20:35:59.999;29958.75;29958.75;29957;29955.25;29955.25;29956.416666666668;64;0;29956.125
2026-07-06 20:36:00.000;2026-07-06 20:36:59.999;29955.25;29957.75;29956.375;29955;29955.25;29956;107;0;29955.8125
2026-07-06 20:37:00.000;2026-07-06 20:37:59.999;29956;29956.25;29954.375;29952.5;29955;29954.583333333332;172;0;29954.6875
2026-07-06 20:38:00.000;2026-07-06 20:38:59.999;29954.5;29957.5;29955.75;29954;29957.5;29956.333333333332;62;0;29956.625
2026-07-06 20:39:00.000;2026-07-06 20:39:59.999;29958;29959;29958.125;29957.25;29957.25;29957.833333333332;32;0;29957.6875
2026-07-06 20:40:00.000;2026-07-06 20:40:59.999;29956.5;29958.25;29956.625;29955;29957.5;29956.916666666668;113;0;29957.0625
2026-07-06 20:41:00.000;2026-07-06 20:41:59.999;29957.75;29959;29957.75;29956.5;29957.5;29957.666666666668;40;0;29957.625
2026-07-06 20:42:00.000;2026-07-06 20:42:59.999;29957;29958.5;29957.5;29956.5;29958;29957.666666666668;37;0;29957.75
2026-07-06 20:43:00.000;2026-07-06 20:43:59.999;29957.75;29958.25;29957;29955.75;29956.25;29956.75;91;0;29956.625
2026-07-06 20:44:00.000;2026-07-06 20:44:59.999;29956;29956.75;29955.625;29954.5;29955.75;29955.666666666668;94;0;29955.6875
2026-07-06 20:45:00.000;2026-07-06 20:45:59.999;29955.25;29958;29956;29954;29956.25;29956.083333333332;216;0;29956.125
2026-07-06 20:46:00.000;2026-07-06 20:46:59.999;29955;29956;29954.625;29953.25;29955.75;29955;94;0;29955.1875
2026-07-06 20:47:00.000;2026-07-06 20:47:59.999;29955.5;29956;29954.5;29953;29953.75;29954.25;79;0;29954.125
2026-07-06 20:48:00.000;2026-07-06 20:48:59.999;29954.25;29954.25;29949.25;29944.25;29946.25;29948.25;208;0;29947.75
2026-07-06 20:49:00.000;2026-07-06 20:49:59.999;29946;29946;29943.125;29940.25;29940.5;29942.25;156;0;29941.8125
2026-07-06 20:50:00.000;2026-07-06 20:50:59.999;29940.5;29942;29940.875;29939.75;29940.75;29940.833333333332;97;0;29940.8125
2026-07-06 20:51:00.000;2026-07-06 20:51:59.999;29941;29942;29939.25;29936.5;29936.75;29938.416666666668;112;0;29938
2026-07-06 20:52:00.000;2026-07-06 20:52:59.999;29936.5;29937.25;29934.25;29931.25;29933;29933.833333333332;138;0;29933.625
2026-07-06 20:53:00.000;2026-07-06 20:53:59.999;29933.5;29940.5;29937;29933.5;29939.5;29937.833333333332;122;0;29938.25
2026-07-06 20:54:00.000;2026-07-06 20:54:59.999;29939.25;29942;29940;29938;29941;29940.333333333332;64;0;29940.5
2026-07-06 20:55:00.000;2026-07-06 20:55:59.999;29941;29943.75;29940.75;29937.75;29940;29940.5;73;0;29940.375
2026-07-06 20:56:00.000;2026-07-06 20:56:59.999;29940.75;29944.5;29942.25;29940;29944.5;29943;40;0;29943.375
2026-07-06 20:57:00.000;2026-07-06 20:57:59.999;29944.25;29947.25;29945.375;29943.5;29945.5;29945.416666666668;42;0;29945.4375
2026-07-06 20:58:00.000;2026-07-06 20:58:59.999;29945.25;29955.75;29950.375;29945;29951.75;29950.833333333332;214;0;29951.0625
2026-07-06 20:59:00.000;2026-07-06 20:59:59.999;29952.25;29959.25;29950.5;29941.75;29947.75;29949.583333333332;213;0;29949.125
